City,Lat,Long,Google Maps Link,Name,Category,List,Closed
Amsterdam,52.3715747,4.873683499999999,https://www.google.com/maps/place/Sterk+Amsterdam/data=!4m2!3m1!1s0x47c609debf93373d:0x86afc9b565ea05ae,Sterk Amsterdam,shop,favorite,
Amsterdam,52.3709768,4.8437643999999995,https://www.google.com/maps/place/De+School/data=!4m2!3m1!1s0x47c5e26a9269dcc7:0x7adfeb615afdf893,De School,cafe,favorite,
Amsterdam,52.3738276,4.8886278,https://www.google.com/maps/place/BREDA/data=!4m2!3m1!1s0x47c609c423b6fd47:0x3401e66d7be412da,BREDA,restaurant,want to go,
Amsterdam,52.3781997,4.900916299999999,https://www.google.com/maps/place/Grand+Caf%C3%A9+Restaurant+1e+klas/data=!4m2!3m1!1s0x47c609b77537f62b:0x731bbfd02aa76fdb,Grand Café Restaurant 1e klas,restaurant,want to go,
Amsterdam,52.39113049999999,4.830871699999999,https://www.google.com/maps/place/Club+Raum/data=!4m2!3m1!1s0x47c5e3c1d085f7f9:0xd26cce357f397b6e,Club Raum,club,want to go,
Amsterdam,52.36642979999999,4.8966968,https://www.google.com/maps/place/Claire/data=!4m2!3m1!1s0x47c6099563858f47:0x7394edd11d1819da,Claire,club,want to go,
Adelaide,-34.92948380000001,138.5974186,https://www.google.com/maps/place/Adelaide+Central+Market/data=!4m2!3m1!1s0x6ab0cf274731479f:0xba1170ddb3cd0f43,Adelaide Central Market,flea market,want to go,
Adelaide,-34.9213541,138.610592,https://www.google.com/maps/place/Africola/data=!4m2!3m1!1s0x6ab0c932c8cc667b:0x6d1fe74f50199b83,Africola,restaurant,want to go,
Adelaide,-34.92544269999999,138.6025924,https://www.google.com/maps/place/Osteria+Oggi/data=!4m2!3m1!1s0x6ab0ced6e00570b3:0x4c95bb6876e6c6f2,Osteria Oggi,restaurant,want to go,
Amsterdam,52.3704787,4.8689598,https://www.google.com/maps/place/Karakter/data=!4m2!3m1!1s0x47c609df7f6a1853:0x4262434e1379e9d3,Karakter,bar,want to go,
Aerzen,52.0692162,9.251520200000002,https://www.google.com/maps/place/Schlosshotel+M%C3%BCnchhausen/data=!4m2!3m1!1s0x47ba8bce9c1e89fd:0x3b0eb028abb79766,Schlosshotel Münchhausen,hotel,want to go,
Amsterdam,52.370255199999995,4.867918899999999,https://www.google.com/maps/place/Rotisserie+Amsterdam/data=!4m2!3m1!1s0x47c5e27578360cbf:0xb19c689ccadd3eaf,Rotisserie Amsterdam,restaurant,want to go,
Amsterdam,52.353578299999995,4.9025202,https://www.google.com/maps/place/Spaghetteria+Van+Woustraat/data=!4m2!3m1!1s0x47c6098fada85f11:0xdf4364ab7f4071eb,Spaghetteria Van Woustraat,restaurant,want to go,
Ahrensfelde,52.6417107,13.613975,https://www.google.com/maps/place/Pomona+horticulture+GmbH+%26+Co.+KG/data=!4m2!3m1!1s0x47a9b48e8547be09:0x4256c50f60076cb2,Pomona horticulture GmbH & Co. KG,other,want to go,
Alameda Cardeal Cerejeira,38.73029940000001,-9.154429799999999,https://www.google.com/maps/place/Observation+Deck+Park+Eduardo+VII/data=!4m2!3m1!1s0xd193372562d7779:0xee8c93d4a955f335,Observation Deck Park Eduardo VII,park,want to go,
Albany,42.68853000000001,-73.85963629999999,https://www.google.com/maps/place/Capital+City+Diner/data=!4m2!3m1!1s0x89de74dcaa5c21dd:0x1267233da112ad86,Capital City Diner,other,want to go,
Albertville,45.239485099999996,-93.6598593,https://www.google.com/maps/place/Space+Aliens+Grill+%26+Bar/data=!4m2!3m1!1s0x52b35d804cd8a2b5:0x4aaa93f2f5ede937,Space Aliens Grill & Bar,bar,want to go,
Albstadt,48.24105235,8.93265515,https://www.google.com/maps/place/Burgfelden/data=!4m2!3m1!1s0x479a05b9e74a4bdf:0x22c9bc1fba7f2aa5,Burgfelden,other,want to go,
Alhambra,34.1003322,-118.11658829999999,https://www.google.com/maps/place/Homebody/data=!4m2!3m1!1s0x80c2c5c60c917ce1:0x40e57251a0881498,Homebody,shop,want to go,
Almada,38.6850622,-9.1573513,https://www.google.com/maps/place/Atira-te+ao+Rio/data=!4m2!3m1!1s0xd1ecad6ef88dbb1:0x9655210f5a8ede3,Atira-te ao Rio,restaurant,want to go,
Almada,38.6849737,-9.157701699999999,https://www.google.com/maps/place/Ponto+Final./data=!4m2!3m1!1s0xd1ecad6ef88dbb1:0xb810f2f1726bd837,Ponto Final.,restaurant,want to go,
Altenkirchen,54.667827100000004,13.301972799999998,https://www.google.com/maps/place/Strand+Nonnevitz/data=!4m2!3m1!1s0x47ab541dad775a7b:0x1c26cf333bc7dd3d,Strand Nonnevitz,other,want to go,
Amboy,34.558769,-115.74363600000001,https://www.google.com/maps/place/Roy's+Motel+%26+Cafe/data=!4m2!3m1!1s0x80c55662518af0f5:0x22fa905c2af7ab95,Roy's Motel & Cafe,cafe,favorite,
Amsterdam,52.369333299999994,4.863805599999999,https://www.google.com/maps/place/52%C2%B022'09.6%22N+4%C2%B051'49.7%22E/data=!4m2!3m1!1s0x47c5e274ea0eb29b:0xc36b3261c55ae951,"52°22'09.6""N 4°51'49.7""E",other,favorite,
Amsterdam,52.391254599999996,4.8242218999999995,https://www.google.com/maps/place/Lofi/data=!4m2!3m1!1s0x47c5e36dad1f0217:0x9c1bc1ce85ec7a61,Lofi,experience,favorite,
Den Haag,52.0816234,4.319327900000001,https://www.google.com/maps/place/Royal+Academy+of+Art/data=!4m2!3m1!1s0x47c5b73d6ab0534b:0x3195a74331ead495,Royal Academy of Art,art,favorite,
Anchorage,61.2176906,-149.8902108,https://www.google.com/maps/place/Club+Paris/data=!4m2!3m1!1s0x56c89629c34ac1a1:0x5bf358c64d144015,Club Paris,club,want to go,
Ancoats,53.4843664,-2.2297458999999997,https://www.google.com/maps/place/American+Pies+Mcr/data=!4m2!3m1!1s0x487bb1c04cfe37c9:0x86289d4086881d1,American Pies Mcr,restaurant,want to go,
Anderlecht,50.835806100000006,4.311202,https://www.google.com/maps/place/Friture+Ren%C3%A9/data=!4m2!3m1!1s0x47c3c41c43356f7d:0xcdc4b7621b67e746,Friture René,restaurant,want to go,
Antioch,36.046423,-86.6645066,https://www.google.com/maps/place/Bolton's+Spicy+Cafe/data=!4m2!3m1!1s0x886465d3f4169485:0x47d60acb7c455048,Bolton's Spicy Cafe,cafe,favorite,true
Antwerpen,51.2343232,4.4047947999999995,https://www.google.com/maps/place/The+Jane/data=!4m2!3m1!1s0x47c3f718f6e100bd:0x6c40793f3040ef3d,The Jane,restaurant,want to go,
Antwerpen,51.22904,4.4048229999999995,https://www.google.com/maps/place/Zilte/data=!4m2!3m1!1s0x47c135a4a0c07705:0xa2953baae8c014e9,Zilte,restaurant,want to go,
Amsterdam,52.354444400000006,4.887222200000001,https://www.google.com/maps/place/IZAKAYA/data=!4m2!3m1!1s0x47c609f2470be953:0xb5191abdbfb99dd0,IZAKAYA,restaurant,want to go,
Amsterdam,52.401405499999996,4.874832500000001,https://www.google.com/maps/place/Lars+Amsterdam/data=!4m2!3m1!1s0x47c609e5ada0dd75:0x548809de0e67a6b5,Lars Amsterdam,restaurant,want to go,
Aptos,36.9772488,-121.8996427,https://www.google.com/maps/place/Beklina/data=!4m2!3m1!1s0x808e1686d22b28ef:0x60d97bda669a0a09,Beklina,shop,want to go,
Archway,51.5606529,-0.13692759999999998,https://www.google.com/maps/place/Norman's+Cafe/data=!4m2!3m1!1s0x48761b1f9ae0359f:0xa774452c291a3a37,Norman's Cafe,cafe,want to go,
Argentina,-34.5878021,-58.430435800000005,https://www.google.com/maps/place/Chori/data=!4m2!3m1!1s0x95bcb588c22f7999:0x910a40368a2b8c66,Chori,restaurant,want to go,
Argentina,-34.5863164,-58.424268899999994,https://www.google.com/maps/place/Don+Julio+Parrilla/data=!4m2!3m1!1s0x95bcb586ea7789a1:0x5f51f7dc0f6a6859,Don Julio Parrilla,other,want to go,
Argentina,-34.594221999999995,-58.42468679999999,https://www.google.com/maps/place/El+Per%C3%B3n+Per%C3%B3n/data=!4m2!3m1!1s0x95bcb5914341b517:0x19c75660aa802caf,El Perón Perón,bar,want to go,
Argentina,-34.5781077,-58.460841599999995,https://www.google.com/maps/place/La+Mezzetta/data=!4m2!3m1!1s0x95bcb5dfaf720893:0x5910f2a90757313,La Mezzetta,restaurant,want to go,
Argentina,-34.576992000000004,-58.4123296,https://www.google.com/maps/place/Mishiguene/data=!4m2!3m1!1s0x95bcb579efe9abb3:0x84eb498e7374a1b1,Mishiguene,restaurant,want to go,
Argentina,-34.5530645,-58.4366164,https://www.google.com/maps/place/Narda+Comedor/data=!4m2!3m1!1s0x95bcb44b2fc90003:0xfd80bf538e58d963,Narda Comedor,restaurant,want to go,
Argentina,-34.5935281,-58.424913700000005,https://www.google.com/maps/place/Nola/data=!4m2!3m1!1s0x95bcb589af08a5f9:0x216de191bf075902,Nola,bar,want to go,
Arun Amarin,13.779815099999999,100.4750035,https://www.google.com/maps/place/Copper+Beyond+Buffet+The+Sense+Pinklao/data=!4m2!3m1!1s0x30e2998649ebcedd:0xa5c0069a9f6182,Copper Beyond Buffet The Sense Pinklao,restaurant,want to go,
Asheville,35.57782789999999,-82.59188069999999,https://www.google.com/maps/place/Neng+Jr.'s/data=!4m2!3m1!1s0x88598dfc388f7a17:0x896ffb6e50438518,Neng Jr.'s,restaurant,want to go,
Auckland,-36.8691767,174.8595397,https://www.google.com/maps/place/Ashby+Pies/data=!4m2!3m1!1s0x6d0d4b752e509c85:0x44af7632260a54ed,Ashby Pies,bakery,want to go,
Austin,30.25448219999999,-97.717612,https://www.google.com/maps/place/la+Barbecue/data=!4m2!3m1!1s0x8644b5aec36d1d21:0xfd5679cbbac70752,la Barbecue,bar,want to go,
Austin,30.209856600000002,-97.7873058,https://www.google.com/maps/place/Leroy+and+Lewis+Barbecue/data=!4m2!3m1!1s0x8644b495681d7af5:0x91a8de87bc0c5716,Leroy and Lewis Barbecue,bar,want to go,
Austin,30.287189899999998,-97.7031361,https://www.google.com/maps/place/Batch+Craft+Beer+%26+Kolaches/data=!4m2!3m1!1s0x8644b5e37a2a5675:0x89003868eb204c6,Batch Craft Beer & Kolaches,other,want to go,
Austin,30.2849343,-97.7139929,https://www.google.com/maps/place/Bird+Bird+Biscuit/data=!4m2!3m1!1s0x8644b5ecb72df7db:0x12e1b86d45c70413,Bird Bird Biscuit,shop,want to go,
Austin,30.276408199999995,-97.7045648,https://www.google.com/maps/place/Birdie's/data=!4m2!3m1!1s0x8644b5080783e9b7:0x3966bdc4f4a3a61a,Birdie's,restaurant,want to go,
Austin,30.287894299999998,-97.7033967,https://www.google.com/maps/place/Contigo/data=!4m2!3m1!1s0x8644b5e360b7547d:0xf4a0d23a9a83896b,Contigo,restaurant,want to go,
Austin,30.2726586,-97.72816379999999,https://www.google.com/maps/place/Cuantos+Tacos/data=!4m2!3m1!1s0x8644c9d8d4e1ce6f:0xe6d086af4ee3bb15,Cuantos Tacos,restaurant,want to go,
Austin,30.284850400000003,-97.7167556,https://www.google.com/maps/place/Dai+Due/data=!4m2!3m1!1s0x8644b5ec595c1fb3:0xd06278f47455e6a5,Dai Due,restaurant,want to go,
Austin,30.208751600000003,-97.7295484,https://www.google.com/maps/place/Distant+Relatives/data=!4m2!3m1!1s0x8644b5cfaf69a5e9:0xeaaccc9aabf7c8eb,Distant Relatives,bar,want to go,
Austin,30.2640114,-97.726993,https://www.google.com/maps/place/Easy+Tiger/data=!4m2!3m1!1s0x8644b5a5e5b74b9f:0xc0ddc5db34e224c4,Easy Tiger,bar,want to go,
Austin,30.2613287,-97.7184552,https://www.google.com/maps/place/Flyrite+Chicken+Sandwiches/data=!4m2!3m1!1s0x8644b5c994f8fde9:0xd82c1daa87983b05,Flyrite Chicken Sandwiches,restaurant,want to go,
Austin,30.3005779,-97.6852198,https://www.google.com/maps/place/Jesse's+Tacos/data=!4m2!3m1!1s0x8644b7d06c74783d:0xc5d4739d70161ddc,Jesse's Tacos,restaurant,want to go,
Austin,30.253838,-97.712949,https://www.google.com/maps/place/Kemuri+Tatsu-Ya/data=!4m2!3m1!1s0x8644b43339a8b397:0x314f4d977c6845b2,Kemuri Tatsu-Ya,restaurant,want to go,
Austin,30.285112299999998,-97.7116616,https://www.google.com/maps/place/Love+Supreme/data=!4m2!3m1!1s0x8644b5be8aa7b381:0x8dd0722980a97aa0,Love Supreme,restaurant,want to go,
Austin,30.253006,-97.7107398,https://www.google.com/maps/place/Lustre+Pearl+East/data=!4m2!3m1!1s0x8644b5a9142d2973:0x99d1b991882e8086,Lustre Pearl East,bar,want to go,
Austin,30.273202799999996,-97.6901652,https://www.google.com/maps/place/Micklethwait+Craft+Meats+BBQ+%26+Catering/data=!4m2!3m1!1s0x8644b5b97f094707:0x73413af34fe2662d,Micklethwait Craft Meats BBQ & Catering,bar,want to go,
Austin,30.283549200000003,-97.7022071,https://www.google.com/maps/place/Moontower+Cider+Company/data=!4m2!3m1!1s0x8644b57820aef3fb:0x2a103fda3678361,Moontower Cider Company,experience,want to go,
Austin,30.249021700000004,-97.74959390000001,https://www.google.com/maps/place/More+Home+Slice+Pizza/data=!4m2!3m1!1s0x8644b50f00625cd3:0x82c82ef004b3bfdf,More Home Slice Pizza,restaurant,want to go,
Austin,30.275009099999995,-97.7132754,https://www.google.com/maps/place/Nixta+Taqueria/data=!4m2!3m1!1s0x8644b5bfa9a39a85:0x89e30b3a9deaaf51,Nixta Taqueria,restaurant,want to go,
Austin,30.286889199999997,-97.705327,https://www.google.com/maps/place/Oddwood+Brewing/data=!4m2!3m1!1s0x8644b5e45f232251:0x7b9ca0d521b69e55,Oddwood Brewing,bar,want to go,
Austin,30.253927500000003,-97.7631794,https://www.google.com/maps/place/Ramen+Tatsu-Ya/data=!4m2!3m1!1s0x8644b51f87d05073:0xd1951986ccb660f4,Ramen Tatsu-Ya,restaurant,want to go,
Austin,30.255685399999997,-97.7620804,https://www.google.com/maps/place/Soto/data=!4m2!3m1!1s0x8644b51f67aab5cf:0xa954d06feb8ddd83,Soto,restaurant,want to go,
Austin,30.279880600000002,-97.7215815,https://www.google.com/maps/place/Sour+Duck+Market/data=!4m2!3m1!1s0x8644b594e1e61e01:0x70d7243021911e1c,Sour Duck Market,restaurant,want to go,
Austin,30.2622778,-97.7232758,https://www.google.com/maps/place/Suerte/data=!4m2!3m1!1s0x8644b5b6fb440001:0x48219815b3589371,Suerte,restaurant,want to go,
Austin,30.2700601,-97.75109929999999,https://www.google.com/maps/place/Taquero+Mucho/data=!4m2!3m1!1s0x8644b53ccbc66de3:0xc0ec242715714889,Taquero Mucho,restaurant,want to go,
Austin,30.244198399999995,-97.7521532,https://www.google.com/maps/place/The+Salty+Donut/data=!4m2!3m1!1s0x8644b54b49a28149:0x3ebf14a627cfb9a0,The Salty Donut,shop,want to go,
Austin,30.257539199999993,-97.7597958,https://www.google.com/maps/place/Uchi/data=!4m2!3m1!1s0x8644b51ecba165cf:0x6c41be37669e60ee,Uchi,restaurant,want to go,
Austin,30.267783599999998,-97.7408519,https://www.google.com/maps/place/Voodoo+Doughnut+-+6th+Street/data=!4m2!3m1!1s0x8644b5a771205af3:0x86f416ea2f93d43c,Voodoo Doughnut - 6th Street,shop,want to go,
Austin,30.26441110000001,-97.7330917,https://www.google.com/maps/place/Wright+Bros.+Brew+and+Brew/data=!4m2!3m1!1s0x8644b5af858cb3fd:0x1aca02d5fc79c6c9,Wright Bros. Brew and Brew,cafe,want to go,
Austin,30.229640299999996,-97.7300021,https://www.google.com/maps/place/888+Pan+Asian+Restaurant/data=!4m2!3m1!1s0x8644b46814d7eb47:0x79397bd1e893317,888 Pan Asian Restaurant,restaurant,want to go,
AV Utrecht,52.1031895,5.0827019999999985,https://www.google.com/maps/place/KABUL+%C3%A0+GoGo/data=!4m2!3m1!1s0x47c66f2cffbb5bdb:0x1690f688cdbd7e2d,KABUL à GoGo,club,want to go,
Av. Brasília,38.6915837,-9.215977299999999,https://www.google.com/maps/place/Bel%C3%A9m+Tower/data=!4m2!3m1!1s0xd1ecb42c3c29c4b:0x3002dcadcf52513f,Belém Tower,other,want to go,
Av. Brasília,38.6958561,-9.193311999999999,https://www.google.com/maps/place/MAAT/data=!4m2!3m1!1s0xd1ecb4dd3e5f491:0xcb13504c19595bc4,MAAT,art,want to go,
Den Haag,52.076548800000005,4.3127187,https://www.google.com/maps/place/De+Bijenkorf+(Den+Haag)/data=!4m2!3m1!1s0x47c5b72413c67dc7:0xd3273f5690595dd4,De Bijenkorf (Den Haag),shop,want to go,
Amsterdam,52.366698799999995,4.891443499999999,https://www.google.com/maps/place/The+Magic+Mushroom+Gallery/data=!4m2!3m1!1s0x47c609c42bd9795f:0x7dfad9a10bb890f8,The Magic Mushroom Gallery,shop,favorite,
Amsterdam,52.3680016,4.887700000000001,https://www.google.com/maps/place/Beulings/data=!4m2!3m1!1s0x47c609c2195053c9:0xee01ba0d3850a52,Beulings,restaurant,want to go,
Bacharach,50.0507338,7.73492405,https://www.google.com/maps/place/Bacharach/data=!4m2!3m1!1s0x47bde04ade0f6acb:0x422d4d510db4160,Bacharach,other,want to go,
Bad Freienwalde (Oder)-Hohenwutzen,52.8367415,14.114962300000002,https://www.google.com/maps/place/Neuglietzener+Str./data=!4m2!3m1!1s0x47a9dcf1e1832da3:0x467021f9a764630b,Neuglietzener Str.,other,want to go,
Bad Harzburg,51.8706013,10.559844100000001,https://www.google.com/maps/place/Baumschwebebahn+Bad+Harzburg/data=!4m2!3m1!1s0x47a515aefdfdbb05:0x565f4f98546311c5,Baumschwebebahn Bad Harzburg,nature,favorite,
Bad Hindelang,47.43729329999999,10.466311750000001,https://www.google.com/maps/place/Schrecksee/data=!4m2!3m1!1s0x479c920ec1642465:0x27dcee68e84448e2,Schrecksee,other,want to go,
Bad Muskau,51.5475343,14.723102599999995,https://www.google.com/maps/place/Schloss+Muskau/data=!4m2!3m1!1s0x47088905d58a36e9:0x496d5d8efa161e91,Schloss Muskau,other,want to go,
Bad Saarow,52.2910173,14.060492799999999,https://www.google.com/maps/place/SaarowTherme/data=!4m2!3m1!1s0x47078a1e107cb539:0x8a74f866f1bf0bca,SaarowTherme,other,want to go,
Bad Schandau,50.9126945,14.204415,https://www.google.com/maps/place/Schrammsteinaussicht/data=!4m2!3m1!1s0x4709a6b8682d33f9:0xf26f8f0e473960b3,Schrammsteinaussicht,other,want to go,
Badung Regency,-8.615366850000001,115.12845349999999,https://www.google.com/maps/place/Seseh/data=!4m2!3m1!1s0x2dd2384d112ba4cd:0xeaf1d65a2b96dc34,Seseh,other,want to go,
Balearic Islands,39.355303899999996,3.1281999000000003,https://www.google.com/maps/place/Can+Ferrereta/data=!4m2!3m1!1s0x12965484b64724d3:0x730c313e7a6238b0,Can Ferrereta,hotel,favorite,
Balearic Islands,39.31361385,3.1213985999999996,https://www.google.com/maps/place/Cal%C3%B3+del+Moro/data=!4m2!3m1!1s0x1296551884795223:0xbd6f8cde105dd8a7,Caló del Moro,park,favorite,
Balearic Islands,39.70988,2.6223500000000004,https://www.google.com/maps/place/Barbaflorida+caf%C3%A8/data=!4m2!3m1!1s0x1297efea18f4a947:0xb2d63acc5436e10e,Barbaflorida cafè,bakery,want to go,
Palma Mallorca,39.571405899999995,2.6501445,https://www.google.com/maps/place/Fornet+de+la+Soca/data=!4m2!3m1!1s0x1297925a6e6a4d4d:0xce16afd0ce81ac82,Fornet de la Soca,bakery,want to go,
Balearic Islands,39.5169977,2.7465743000000002,https://www.google.com/maps/place/Bierk%C3%B6nig/data=!4m2!3m1!1s0x129792f892f2ad61:0x6b817389b34f2799,Bierkönig,bar,want to go,
Balearic Islands,39.35535209999999,3.128236,https://www.google.com/maps/place/OCRE+Restaurant+%26+Bar+-+Can+Ferrereta/data=!4m2!3m1!1s0x1296552b6c45d391:0x9a793f20b641b021,OCRE Restaurant & Bar - Can Ferrereta,bar,want to go,
Balearic Islands,39.84968335,2.79997025,https://www.google.com/maps/place/Sa+Calobra/data=!4m2!3m1!1s0x1297ddc22e75a9d7:0x76dbb331c5b23443,Sa Calobra,other,want to go,
Balearic Islands,39.85086145,2.7999428999999996,https://www.google.com/maps/place/Sa+Calobra/data=!4m2!3m1!1s0x1297ddc5a924bd77:0x3da7d32a4427d412,Sa Calobra,other,want to go,
Balearic Islands,39.844226250000006,2.8240620499999998,https://www.google.com/maps/place/torrent+de+Pareis/data=!4m2!3m1!1s0x1297dc49fb4610dd:0x83ec2f11d21655cd,torrent de Pareis,other,want to go,
Palma Mallorca,39.571024200000004,2.6478452,https://www.google.com/maps/place/El+Camino/data=!4m2!3m1!1s0x129793c990e5732b:0x6d62b30549f89d8b,El Camino,restaurant,want to go,
Palma Mallorca,39.57136200000001,2.654532,https://www.google.com/maps/place/L'Informal+Tacos/data=!4m2!3m1!1s0x129793739f8c197b:0x288e8599147d23a4,L'Informal Tacos,restaurant,want to go,
Palma Mallorca,39.5717564,2.6497466999999997,https://www.google.com/maps/place/La+Rosa+Vermuteria+%26+Colmado/data=!4m2!3m1!1s0x1297925069431625:0xf6e8871832369bf,La Rosa Vermuteria & Colmado,restaurant,want to go,
Palma Mallorca,39.569091,2.646139,https://www.google.com/maps/search/39.569091,2.646139,OMBU Paseo del Borne,restaurant,want to go,
Balearic Islands,39.710466499999995,2.6232034000000004,https://www.google.com/maps/place/QuitaPenas+Valldemossa/data=!4m2!3m1!1s0x1297ee04295029db:0x98e0cb0b38e60229,QuitaPenas Valldemossa,restaurant,want to go,
Balearic Islands,39.7026824,3.4333,https://www.google.com/maps/place/Restaurante+La+Fragua/data=!4m2!3m1!1s0x12961616698a172d:0xe379767f84ae95c3,Restaurante La Fragua,restaurant,want to go,
Balearic Islands,39.551126499999995,2.6915272,https://www.google.com/maps/place/Wasabi+Blue+-+Restaurante+sushi+japon%C3%A9s/data=!4m2!3m1!1s0x129793f10291716f:0x42506b30d89b573d,Wasabi Blue - Restaurante sushi japonés,restaurant,want to go,
Bang Kho,13.700133099999999,100.4711384,https://www.google.com/maps/place/Gim+Nguan+Fish+Ball/data=!4m2!3m1!1s0x30e299b60af8534b:0x3254144e0b8b6920,Gim Nguan Fish Ball,restaurant,want to go,
Bang Krasaw,13.8651459,100.5356005,https://www.google.com/maps/place/Kang+Pa+Loong+Sanga+-+Thai+Curry+Restaurant/data=!4m2!3m1!1s0x30e29caece4a94ab:0x858f7b5414883297,Kang Pa Loong Sanga - Thai Curry Restaurant,restaurant,want to go,
Bang Lamphu Lang,13.7206262,100.5004215,https://www.google.com/maps/place/Somsak+Claypot+Crab+@+Krung+Thon+Buri+BTS/data=!4m2!3m1!1s0x30e2999a004d83cd:0x8b843a42a6da0359,Somsak Claypot Crab @ Krung Thon Buri BTS,restaurant,want to go,
Bang Rak,13.721810699999999,100.5259933,https://www.google.com/maps/place/Mod+Kaew+Wine+Bar/data=!4m2!3m1!1s0x30e29f4745efb4bf:0xf2d7170b9e472797,Mod Kaew Wine Bar,bar,want to go,
Bang Rak,13.7306835,100.51530989999999,https://www.google.com/maps/place/Tropic+City/data=!4m2!3m1!1s0x30e298d975b1c04d:0x62c1b05b338dd8e9,Tropic City,bar,want to go,
Bangkok,13.732964500000001,100.5132529,https://www.google.com/maps/place/965bkk/data=!4m2!3m1!1s0x30e299cc7a7827cf:0xb29d61933a64398c,965bkk,bakery,favorite,
Bangkok,13.716981700000002,100.5811389,https://www.google.com/maps/place/A+KEEN+HOUSE/data=!4m2!3m1!1s0x30e29f2e9eb75f4b:0xb3b02968aa532f01,A KEEN HOUSE,bakery,favorite,
Bangkok,13.7458973,100.5055033,https://www.google.com/maps/place/Ayatana+Charoen+Krung/data=!4m2!3m1!1s0x30e2993cc75e2579:0x35e9c944a70f8cec,Ayatana Charoen Krung,bakery,favorite,
Bangkok,13.7830626,100.5431579,https://www.google.com/maps/place/DONUT+DISTURB+BANGKOK/data=!4m2!3m1!1s0x30e29dc8288520f3:0x845a3b14e9c3d818,DONUT DISTURB BANGKOK,bakery,favorite,
Bangkok,13.7374099,100.5133056,https://www.google.com/maps/place/KHIRI+Thai+Tea+Flagship+Store/data=!4m2!3m1!1s0x30e2990386f743ff:0xa2a6d42e5fe8a6a,KHIRI Thai Tea Flagship Store,bakery,favorite,
Bangkok,13.726789499999999,100.5308968,https://www.google.com/maps/place/La+Cabra+Bakery/data=!4m2!3m1!1s0x30e29fa1ea5c4c37:0x63a9831fb0dc165a,La Cabra Bakery,bakery,favorite,
Bangkok,13.7348473,100.51414749999999,https://www.google.com/maps/place/La+Cabra+Bangkok/data=!4m2!3m1!1s0x30e299d14610bc9d:0xfb373e24ccba3928,La Cabra Bangkok,bakery,favorite,
Bangkok,13.728687500000003,100.5813125,https://www.google.com/maps/place/RISE+COFFEE+-+Thonglor/data=!4m2!3m1!1s0x30e29f18851d83bf:0x33620015ca9be77e,RISE COFFEE - Thonglor,bakery,favorite,
Bangkok,13.739860799999999,100.5141338,https://www.google.com/maps/place/Wallflowers+Cafe/data=!4m2!3m1!1s0x30e2991753e9d7db:0x7f9efe6c46bf5bc0,Wallflowers Cafe,bakery,favorite,
Bangkok,13.7220892,100.5099118,https://www.google.com/maps/place/Midsummer+Night%E2%80%99s+Dream+bar/data=!4m2!3m1!1s0x30e29f970336f13f:0x82203be796ad89f7,Midsummer Night’s Dream bar,bar,favorite,true
Bangkok,13.731107399999999,100.5858854,https://www.google.com/maps/place/BLAQ+LYTE+ROVER/data=!4m2!3m1!1s0x30e29f0020f629d9:0xe58552fc4ee57509,BLAQ LYTE ROVER,club,favorite,
Bangkok,13.709833399999997,100.62319830000001,https://www.google.com/maps/place/Brownstone/data=!4m2!3m1!1s0x311d6021ba16d145:0x50727b255f8eb644,Brownstone,club,favorite,
Bangkok,13.746525199999999,100.4916607,https://www.google.com/maps/place/The+Reclining+Buddha/data=!4m2!3m1!1s0x30e2992eeec3a399:0x171a6b616b0a447f,The Reclining Buddha,experience,favorite,
Bangkok,13.76792,100.5711979,https://www.google.com/maps/place/JODD+FAIRS+Rama+9/data=!4m2!3m1!1s0x30e29fb274407d93:0x2aba451897c0b5f,JODD FAIRS Rama 9,other,favorite,
Bangkok,13.745260700000001,100.55210939999999,https://www.google.com/maps/place/Ad+Lib+Bangkok/data=!4m2!3m1!1s0x30e29ee800259541:0x22a6e1874ab9b316,Ad Lib Bangkok,hotel,favorite,
Bangkok,13.7404725,100.56696679999999,https://www.google.com/maps/place/Soho+House+Bangkok/data=!4m2!3m1!1s0x30e29f625ebd95cd:0xdec7bc7f009bdb20,Soho House Bangkok,hotel,favorite,
Bangkok,13.723410099999997,100.5285794,"https://www.google.com/maps/place/The+Standard,+Bangkok+Mahanakhon/data=!4m2!3m1!1s0x30e29fc0bdc19835:0x37f64e8c876298ce","The Standard, Bangkok Mahanakhon",hotel,favorite,
Bangkok,13.7322349,100.56629489999999,https://www.google.com/maps/place/EmSphere/data=!4m2!3m1!1s0x30e29ff5758b5139:0x40e4e1d1d4e46bc1,EmSphere,restaurant,favorite,
Bangkok,13.747112599999998,100.53439019999999,https://www.google.com/maps/place/Evie's+Cookies+Siam+Paragon+(G+Floor)/data=!4m2!3m1!1s0x30e29f0bd821f80f:0x71e951963066d210,Evie's Cookies Siam Paragon (G Floor),restaurant,favorite,
Bangkok,13.724630900000001,100.5824847,https://www.google.com/maps/place/Kim+Jeong+Grill/data=!4m2!3m1!1s0x30e29f1b6a3d65eb:0x994d44c3733482e2,Kim Jeong Grill,restaurant,favorite,
Bangkok,13.7202176,100.5838945,https://www.google.com/maps/place/Phed+Mark/data=!4m2!3m1!1s0x30e29f4fd8465ed7:0xa0cb0b9d6b462219,Phed Mark,restaurant,favorite,
Bangkok,13.7379547,100.5669017,"https://www.google.com/maps/place/Public+House+Bangkok,+a+Member+of+Design+Hotels/data=!4m2!3m1!1s0x30e29f799260efdd:0xecda59d2545c1a5d","Public House Bangkok, a Member of Design Hotels",restaurant,favorite,
Bangkok,13.798701600000001,100.5477733,https://www.google.com/maps/place/Bang+Sue+Junction+Shopping+Center/data=!4m2!3m1!1s0x30e29c14e4b9b83b:0x5e06354c8e355aee,Bang Sue Junction Shopping Center,shop,favorite,
Bangkok,13.7452014,100.5321798,https://www.google.com/maps/place/Daddy+and+the+Muscle+Academy/data=!4m2!3m1!1s0x30e29ed2ed77e78f:0x82d2fb0a30ce1b54,Daddy and the Muscle Academy,shop,favorite,
Bangkok,13.744754200000001,100.529956,https://www.google.com/maps/place/MBK+CENTER/data=!4m2!3m1!1s0x30e29f93237736ed:0x405eb31f977656de,MBK CENTER,shop,favorite,
Bangkok,13.7528035,100.54059769999999,https://www.google.com/maps/place/Pratunam+Market/data=!4m2!3m1!1s0x30e29fe8aa855c75:0xf3f07635511f7f1a,Pratunam Market,shop,favorite,
Bangkok,13.733357300000002,100.58253909999999,https://www.google.com/maps/place/%23FindTheLockerRoom/data=!4m2!3m1!1s0x30e29fad510c3839:0x4e93ede84d6e6369,#FindTheLockerRoom,bar,want to go,
Bangkok,13.737661099999999,100.56673269999999,https://www.google.com/maps/place/Alonetogether+Bar+Bangkok/data=!4m2!3m1!1s0x30e29fb884e0944f:0x433da587a874aac1,Alonetogether Bar Bangkok,bar,want to go,
Bangkok,13.739843599999999,100.5142184,https://www.google.com/maps/place/Asia+Today+Bar/data=!4m2!3m1!1s0x30e299237dfef3ed:0x970af6b8597b0e00,Asia Today Bar,bar,want to go,
Bangkok,13.714815800000004,100.59451969999999,https://www.google.com/maps/place/Goja/data=!4m2!3m1!1s0x30e29fb929646a1f:0xdfb0b272d63e7b2e,Goja,bar,want to go,
Bangkok,13.7884359,100.54829090000001,https://www.google.com/maps/place/Honest+Mistake+Bar/data=!4m2!3m1!1s0x30e29d8a833f1bbd:0x366401424acd3d51,Honest Mistake Bar,bar,want to go,
Bangkok,13.758850299999999,100.5036731,https://www.google.com/maps/place/Ku+Bar/data=!4m2!3m1!1s0x30e2996b2c24b1d5:0x7e4a17dd335022cb,Ku Bar,bar,want to go,
Bangkok,13.729821500000002,100.58104399999999,https://www.google.com/maps/place/Rabbit+Hole/data=!4m2!3m1!1s0x30e29fac88ea8ebf:0xfeae82a8794f9ecb,Rabbit Hole,bar,want to go,
Bangkok,13.712744899999997,100.510207,https://www.google.com/maps/place/Stella/data=!4m2!3m1!1s0x30e29927f823b5cf:0x5efc567ac4e10689,Stella,bar,want to go,
Bangkok,13.726856999999999,100.567523,"https://www.google.com/maps/place/Sugar+Ray,+You've+Just+Been+Poisoned/data=!4m2!3m1!1s0x30e29e4f6573b7c9:0x949bc359fefed9e4","Sugar Ray, You've Just Been Poisoned",bar,want to go,
Bangkok,13.7241436,100.5139267,https://www.google.com/maps/place/The+Bamboo+Bar/data=!4m2!3m1!1s0x30e298c4c9004417:0xc0afb508bf787bbf,The Bamboo Bar,bar,want to go,
Bangkok,13.783638900000001,100.5441207,https://www.google.com/maps/place/The+Key+Room+No.+72/data=!4m2!3m1!1s0x30e29d24fcc9a429:0xedba8a1bc39138cc,The Key Room No. 72,bar,want to go,
Bangkok,13.7270527,100.5334589,https://www.google.com/maps/place/Vesper/data=!4m2!3m1!1s0x30e29f2c415e8937:0x278e9188402d6d1c,Vesper,bar,want to go,
Bangkok,13.711770200000004,100.51011790000001,https://www.google.com/maps/place/BKK+Social+Club/data=!4m2!3m1!1s0x30e2998aef61092f:0x4eb46aae18ea907d,BKK Social Club,club,want to go,
Bangkok,13.722170499999999,100.5663225,https://www.google.com/maps/place/GOT+Bangkok/data=!4m2!3m1!1s0x30e29f0076c25ce9:0xfbf50add27c0cb91,GOT Bangkok,club,want to go,
Bangkok,13.728252,100.57350129999999,https://www.google.com/maps/place/Sing+Sing+Theater/data=!4m2!3m1!1s0x30e29f00bed72843:0x577af81562a2add3,Sing Sing Theater,club,want to go,
Bangkok,13.726335099999998,100.5764647,https://www.google.com/maps/place/Studio+Lam/data=!4m2!3m1!1s0x30e29fa98e489f93:0x47d2065c583a0042,Studio Lam,club,want to go,
Bangkok,13.753440000000001,100.5004711,https://www.google.com/maps/place/Grandpa's+Recipe+Grilled+Pork/data=!4m2!3m1!1s0x30e299b0f0633e53:0xabf06b35a441abb8,Grandpa's Recipe Grilled Pork,restaurant,want to go,
Bangkok,13.7467096,100.5111996,https://www.google.com/maps/place/Ann+Guay+Tiew+Kua+Gai/data=!4m2!3m1!1s0x30e299234a6e4e3f:0x9f1a205557f19d77,Ann Guay Tiew Kua Gai,restaurant,want to go,
Bangkok,13.723593199999998,100.5141862,https://www.google.com/maps/place/Authors'+Lounge/data=!4m2!3m1!1s0x30e298c4c9004417:0x17e4be816bea1b77,Authors' Lounge,restaurant,want to go,
Bangkok,13.7262913,100.5779429,https://www.google.com/maps/place/Bo.lan/data=!4m2!3m1!1s0x30e29f0680704ac1:0xee27891d43032d22,Bo.lan,restaurant,want to go,
Bangkok,13.7681512,100.5359061,https://www.google.com/maps/place/Boat+Noodles+-+Toy+Kuay+Teow+Ruea/data=!4m2!3m1!1s0x30e29eb1faf77957:0x6e215ef2cc349ad,Boat Noodles - Toy Kuay Teow Ruea,restaurant,want to go,
Bangkok,13.7132563,100.62314839999999,https://www.google.com/maps/place/Haawm/data=!4m2!3m1!1s0x311d619107e9725d:0x334ffe565884854,Haawm,restaurant,want to go,
Bangkok,13.707786299999999,100.5194527,https://www.google.com/maps/place/Hia+Wan+Khao+Tom+Pla/data=!4m2!3m1!1s0x30e298b7413ad89b:0x73a444050dcb6ce0,Hia Wan Khao Tom Pla,restaurant,want to go,
Bangkok,13.777303499999999,100.4846779,https://www.google.com/maps/place/Indy+Market+Pinklao/data=!4m2!3m1!1s0x30e29981fd6ab7ef:0x722f41c85c13c074,Indy Market Pinklao,restaurant,want to go,
Bangkok,13.733477799999998,100.5144813,https://www.google.com/maps/place/Je+Jui+Salapao+on+Wheels+(Srisomchit)/data=!4m2!3m1!1s0x30e299da3308422f:0x3e78ba10113138c,Je Jui Salapao on Wheels (Srisomchit),restaurant,want to go,
Bangkok,13.743477099999998,100.5099772,https://www.google.com/maps/place/Jok+One+Table/data=!4m2!3m1!1s0x30e299c01d5aab07:0xd2e57245db9851c1,Jok One Table,restaurant,want to go,
Bangkok,13.743752399999996,100.50901929999999,https://www.google.com/maps/place/Khao+Gaeng+Jek+Pui+(Je+Chie)/data=!4m2!3m1!1s0x30e29922450dd985:0x851947ae4360e5a3,Khao Gaeng Jek Pui (Je Chie),restaurant,want to go,
Bangkok,13.725031200000002,100.5293521,https://www.google.com/maps/place/Le+Du/data=!4m2!3m1!1s0x30e298d2cb8cbf2f:0x8fbe3df97d355cce,Le Du,restaurant,want to go,
Bangkok,13.7349086,100.51408339999999,https://www.google.com/maps/place/Motherbkk/data=!4m2!3m1!1s0x30e29993764bc56b:0xd73ff50ddd7bddb6,Motherbkk,restaurant,want to go,
Bangkok,13.7413099,100.58869899999999,https://www.google.com/maps/place/Nhong+Rim+Klong/data=!4m2!3m1!1s0x30e29f72cd85f66b:0x1b91d2763b6a91bd,Nhong Rim Klong,restaurant,want to go,
Bangkok,13.720392799999999,100.5159766,https://www.google.com/maps/place/Prachak+(Roasted+Duck)/data=!4m2!3m1!1s0x30e298c5ae7f1d55:0xb3b1bf2284911ad0,Prachak (Roasted Duck),restaurant,want to go,
Bangkok,13.753551799999999,100.5397266,https://www.google.com/maps/place/Pratunam+Night+Market/data=!4m2!3m1!1s0x30e29f8919ded423:0x77a8459aaa6e0e96,Pratunam Night Market,restaurant,want to go,
Bangkok,13.7525826,100.5048022,https://www.google.com/maps/place/Raan+Jay+Fai/data=!4m2!3m1!1s0x30e29916f7bc1a6b:0xd7abaa5b13a1d242,Raan Jay Fai,restaurant,want to go,
Bangkok,13.7252513,100.5580112,https://www.google.com/maps/place/Red+Lobster/data=!4m2!3m1!1s0x30e29f28b326f7ab:0xa8ebf67d1c2e2b9e,Red Lobster,restaurant,want to go,
Bangkok,13.7893047,100.54955679999999,https://www.google.com/maps/place/Sri+Lueng+Pochana+Chicken+Rice/data=!4m2!3m1!1s0x30e29c17735a66a7:0xa1c9dd19a1ad2df6,Sri Lueng Pochana Chicken Rice,restaurant,want to go,
Bangkok,13.7140642,100.5485328,https://www.google.com/maps/place/That+Fat+Kid+Buddy/data=!4m2!3m1!1s0x30e29f3ee317e9c1:0xeef6bbbdf3887404,That Fat Kid Buddy,restaurant,want to go,
Bangkok,13.7414578,100.54765309999999,https://www.google.com/maps/place/The+Silk+Road/data=!4m2!3m1!1s0x30e29edc6a42d935:0x8b3add30bd73252f,The Silk Road,restaurant,want to go,
Bangkok,13.746150000000002,100.5351833,https://www.google.com/maps/place/Thipsamai/data=!4m2!3m1!1s0x30e2999a1ad65423:0x39e754b03a713de9,Thipsamai,restaurant,want to go,
Bangkok,13.7150277,100.5477085,https://www.google.com/maps/place/Uppa.bkk/data=!4m2!3m1!1s0x30e29f41be271637:0x91dd53af9e2c053d,Uppa.bkk,restaurant,want to go,
Barangaroo NSW,-33.86453199999999,151.20132289999998,https://www.google.com/maps/place/Anason/data=!4m2!3m1!1s0x6b12ae47a039d033:0x1aba5f8e46d58096,Anason,restaurant,want to go,
Barbican,51.5202077,-0.09378639999999999,https://www.google.com/maps/place/Barbican+Centre/data=!4m2!3m1!1s0x48761b56fb64b275:0xc756e26675d21f40,Barbican Centre,bar,want to go,
Barcelona,41.3859588,2.180011,https://www.google.com/maps/place/Fast+Eddie%E2%80%99s/data=!4m2!3m1!1s0x12a4a3571f83d30b:0x3f6f77a0ca328ad4,Fast Eddie’s,restaurant,favorite,
Barcelona,41.404399999999995,2.2102071,https://www.google.com/maps/place/Palo+Alto/data=!4m2!3m1!1s0x12a4a343848161c5:0x72be15ed5434f75e,Palo Alto,experience,favorite,
Barcelona,41.3889187,2.1568044,https://www.google.com/maps/place/Sips/data=!4m2!3m1!1s0x12a4a30856ade155:0x6d915e91568d151a,Sips,bar,favorite,
Barcelona,41.384606399999996,2.1817620000000004,https://www.google.com/maps/place/Tapeo/data=!4m2!3m1!1s0x12a4a2fe8a360ed3:0x2c6c37386042754d,Tapeo,bar,favorite,
Barcelona,41.4037672,2.1902532,"https://www.google.com/maps/place/The+Hoxton,+Poblenou/data=!4m2!3m1!1s0x12a4a34216852bf9:0xcdc9a17df217708f","The Hoxton, Poblenou",hotel,favorite,
Barcelona,41.393611099999994,2.1619444,https://www.google.com/maps/place/Lasarte/data=!4m2!3m1!1s0x12a4a293ab1ba0d3:0xdfb61277c3e20600,Lasarte,art,want to go,
Barcelona,41.385602999999996,2.1800143999999992,https://www.google.com/maps/place/Bar+del+Pla/data=!4m2!3m1!1s0x12a4a2fea7f11297:0xfb502fb6497f2c34,Bar del Pla,bar,want to go,
Barcelona,41.4028521,2.1571978,https://www.google.com/maps/place/Bocanariz+Wine+Bar/data=!4m2!3m1!1s0x12a4a3a06ac6bda9:0x7d32ea3cde0f15bf,Bocanariz Wine Bar,bar,want to go,
Barcelona,41.2545582,1.9046508,https://www.google.com/maps/place/Little+Beach+House+Barcelona/data=!4m2!3m1!1s0x12a37f0140aae833:0xa2bcc3611ab019ff,Little Beach House Barcelona,bar,want to go,
Barcelona,41.3858408,2.1824969999999997,https://www.google.com/maps/place/Bormuth/data=!4m2!3m1!1s0x12a4a2fdd978e83b:0x67f0d1bfde3510b4,Bormuth,bar,want to go,
Barcelona,41.381813699999995,2.1833746,https://www.google.com/maps/place/Can+Paixano/data=!4m2!3m1!1s0x12a4a2ffe9fe5b23:0xc8516ba7d49ce64d,Can Paixano,bar,want to go,
Barcelona,41.39160475,2.1647422999999995,https://www.google.com/maps/place/Casa+Batll%C3%B3/data=!4m2!3m1!1s0x12a4a2ed494b4161:0x40d2782f9e2e4e0f,Casa Batlló,experience,want to go,
Barcelona,41.4034978,2.1506455,https://www.google.com/maps/place/Casa+Vicens+Gaud%C3%AD/data=!4m2!3m1!1s0x12a4a2a2323480a1:0xcef2071fd9460247,Casa Vicens Gaudí,art,want to go,
Barcelona,41.37915280000001,2.1731249999999993,https://www.google.com/maps/place/Ca%C3%B1ete/data=!4m2!3m1!1s0x12a4a258412bcb19:0x1c77b2f8f4cdfb63,Cañete,restaurant,want to go,
Barcelona,41.376170099999996,2.1541304000000006,https://www.google.com/maps/place/COME/data=!4m2!3m1!1s0x12a4a27ca7f60b57:0xb36dafb579f24ddf,COME,restaurant,want to go,
Barcelona,41.3880524,2.1807051000000004,https://www.google.com/maps/place/Costa+Pacifico/data=!4m2!3m1!1s0x12a4a2fc5fdea147:0x7d0be869a71798cc,Costa Pacifico,restaurant,want to go,
Barcelona,41.3842035,2.1806664,https://www.google.com/maps/place/Dr+Stravinsky/data=!4m2!3m1!1s0x12a4a2fec1a942af:0x614212c2714a2ecb,Dr Stravinsky,bar,want to go,
Barcelona,41.38168410000001,2.1830404999999997,https://www.google.com/maps/place/El+Japon%C3%A9s+Escondido/data=!4m2!3m1!1s0x12a4a3a0dfb82051:0xf1a3e535a51d391c,El Japonés Escondido,restaurant,want to go,
Barcelona,41.381211900000004,2.1668591,https://www.google.com/maps/place/FAT+SCHMUCK/data=!4m2!3m1!1s0x12a4a3aeb71cb269:0xf360c861d2f71f96,FAT SCHMUCK,restaurant,want to go,
Barcelona,41.39005039999999,2.1798497,https://www.google.com/maps/place/Fismuler/data=!4m2!3m1!1s0x12a4a2fcaf7a75a1:0x7bdce3f97d42a977,Fismuler,restaurant,want to go,
Barcelona,41.3851935,2.1655341999999997,https://www.google.com/maps/place/Flax%26Kale/data=!4m2!3m1!1s0x12a4a2f4bc5979e1:0x6ffd916f3367018b,Flax&Kale,restaurant,want to go,
Barcelona,41.3915608,2.1650348999999998,https://www.google.com/maps/place/Illa+de+la+Disc%C3%B2rdia/data=!4m2!3m1!1s0x12a4a2ed357e51c9:0x4e55d95f4f3f6e35,Illa de la Discòrdia,experience,want to go,
Barcelona,41.3952155,2.1619024,https://www.google.com/maps/place/La+Pedrera-Casa+Mil%C3%A0/data=!4m2!3m1!1s0x12a4a293998ae1d5:0xc49fa3624f371e6a,La Pedrera-Casa Milà,other,want to go,
Barcelona,41.4022966,2.1562364000000005,https://www.google.com/maps/place/Lluritu+2/data=!4m2!3m1!1s0x12a4a367a5ce4025:0x1bd5136865a3f9fe,Lluritu 2,restaurant,want to go,
Barcelona,41.3817399,2.1715853,https://www.google.com/maps/place/Mercado+de+La+Boqueria/data=!4m2!3m1!1s0x12a4a2f7b51e5a01:0x860ac654dc73add5,Mercado de La Boqueria,flea market,want to go,
Barcelona,41.382135999999996,2.1838789999999997,https://www.google.com/maps/place/Oaxaca+Cuina+Mexicana/data=!4m2!3m1!1s0x12a4a2ffd9389519:0x95f7973caccc9ab0,Oaxaca Cuina Mexicana,restaurant,want to go,
Barcelona,41.3852706,2.1809472,https://www.google.com/maps/place/Picasso+Museum/data=!4m2!3m1!1s0x12a4a2fe99bce26b:0x27011e710700cc63,Picasso Museum,art,want to go,
Barcelona,41.399505399999995,2.2026298000000004,https://www.google.com/maps/place/Pobail+Nua/data=!4m2!3m1!1s0x12a4a38421619acf:0x24238829c924b2f0,Pobail Nua,bar,want to go,
Barcelona,41.3739431,2.165584,https://www.google.com/maps/place/Quimet+%26+Quimet/data=!4m2!3m1!1s0x12a4a25d90a62a6d:0xed40b3f6e292ab38,Quimet & Quimet,bar,want to go,
Barcelona,41.3802567,2.1799008,https://www.google.com/maps/place/Sensi+Tapes/data=!4m2!3m1!1s0x12a4a255f9dd38f9:0x46cc4d6eaab303f4,Sensi Tapes,restaurant,want to go,
Barcelona,41.37587740000001,2.1385410999999994,https://www.google.com/maps/place/Vermut+i+a+la+G%C3%A0bia/data=!4m2!3m1!1s0x12a49884237d6ed9:0x579fa5f88f0d3383,Vermut i a la Gàbia,bar,want to go,
Barcelona,41.3860812,2.1818518,https://www.google.com/maps/place/VICIO/data=!4m2!3m1!1s0x12a4a3426ccb7667:0xf69a97feb43919c7,VICIO,restaurant,want to go,
Barcelona,41.410634699999996,2.1363586999999997,https://www.google.com/maps/place/%C3%80bac/data=!4m2!3m1!1s0x12a4980f8d569c8d:0x5967653f38c116ff,Àbac,restaurant,want to go,
Barcelona,41.3941101,2.160968,https://www.google.com/maps/place/Restaurant+Gala/data=!4m2!3m1!1s0x12a4a3a3d47d1f5b:0x95ec38652d92bf7b,Restaurant Gala,restaurant,want to go,
Barcelona,41.3909942,2.1562505,https://www.google.com/maps/place/Soma+restaurant/data=!4m2!3m1!1s0x12a4a321a18d2da7:0x821240fd7bbc4ea1,Soma restaurant,restaurant,want to go,
Barstow,34.898965,-117.0230971,https://www.google.com/maps/place/Roy's+Cafe/data=!4m2!3m1!1s0x80c47b7d7bd1f705:0x3a7bfa09a6298673,Roy's Cafe,cafe,favorite,
Basel,47.5836884,7.587021499999998,https://www.google.com/maps/place/Nordstern/data=!4m2!3m1!1s0x4791b90b1d96125f:0x23d1c1f6b29b2145,Nordstern,club,want to go,
Basel,47.55279840000001,7.590866799999999,https://www.google.com/maps/place/Offene+Kirche+Elisabethen/data=!4m2!3m1!1s0x4791b9b2af88f2f3:0xf1958695d6ece868,Offene Kirche Elisabethen,other,want to go,
Basel,47.54991289999999,7.590130700000001,https://www.google.com/maps/place/Zum+Kuss/data=!4m2!3m1!1s0x4791b84d7998764b:0xd652cea949b2f9b8,Zum Kuss,restaurant,want to go,
Batesburg-Leesville,33.9147695,-81.5153247,https://www.google.com/maps/place/Shealy's+Bar-B-Que/data=!4m2!3m1!1s0x88f88a780b906889:0x68b4d8efd07c184f,Shealy's Bar-B-Que,bar,want to go,
Bayrischzell,47.7036916,12.012232800000001,https://www.google.com/maps/place/Wendelstein+Observatory/data=!4m2!3m1!1s0x477623e8b64251df:0x7f43dc4b114a91,Wendelstein Observatory,other,want to go,
Amsterdam,52.3732492,4.900118,https://www.google.com/maps/place/A-Fusion+Food+%26+Drinks/data=!4m2!3m1!1s0x47c609b9166fe34d:0xeb29b47a00b3b5f6,A-Fusion Food & Drinks,restaurant,want to go,
Noordwijk,52.237245699999995,4.422416,https://www.google.com/maps/place/Branding+Beach+Club/data=!4m2!3m1!1s0x47c5bf8012301959:0xc358c8d2c62a7255,Branding Beach Club,club,want to go,
Amsterdam,52.3672879,4.8670988999999985,https://www.google.com/maps/place/CityHub/data=!4m2!3m1!1s0x47c609e14c6a9bdb:0x702a93af61a20938,CityHub,hotel,favorite,
Amsterdam,52.3861271,4.877835,https://www.google.com/maps/place/Westerpark/data=!4m2!3m1!1s0x47c609d3628c0793:0x56455552ee73d8d7,Westerpark,park,favorite,
Amsterdam,52.384578,4.875246,https://www.google.com/maps/place/Caf%C3%A9+Restaurant+Piet+de+Gruyter/data=!4m2!3m1!1s0x47c609d437590e0d:0x78ee1d83ea042ffe,Café Restaurant Piet de Gruyter,restaurant,want to go,
Beelitz,52.262973099999996,12.9196664,https://www.google.com/maps/place/Beelitz+Heilst%C3%A4tten+%E2%80%9EDas+Alpenhaus%E2%80%9C/data=!4m2!3m1!1s0x47a88bf633a1d979:0x213b3cd2ffbf2736,Beelitz Heilstätten „Das Alpenhaus“,park,favorite,
Belmont,35.1681232,-81.0576663,https://www.google.com/maps/place/Daniel+Stowe+Botanical+Garden/data=!4m2!3m1!1s0x885696be7e5be187:0xc8d6769108161b53,Daniel Stowe Botanical Garden,park,want to go,
Berchem-Sainte-Agathe,50.866865399999995,4.3045249,https://www.google.com/maps/place/Bel+Albatros/data=!4m2!3m1!1s0x47c3c3cd442c4a31:0xa73433f7768e68d6,Bel Albatros,other,favorite,
Berkeley,37.8717488,-122.2732515,https://www.google.com/maps/place/Trader+Joe's/data=!4m2!3m1!1s0x80857e991d3a9589:0x4617083c0e2cd39d,Trader Joe's,shop,favorite,
Berlin,52.501375,13.4168498,https://www.google.com/maps/place/Artdoor+Gr%C3%BCngestaltung/data=!4m2!3m1!1s0x47a84e33abf6c765:0x18560a5c9602f7b3,Artdoor Grüngestaltung,art,favorite,true
Berlin,52.50636279999999,13.3537962,https://www.google.com/maps/place/Bauhaus+Archive/data=!4m2!3m1!1s0x47a851ad72058cf5:0x1d362cfd8273cd91,Bauhaus Archive,art,favorite,
Berlin,52.466932799999995,13.274889400000001,https://www.google.com/maps/place/Br%C3%BCcke+Museum/data=!4m2!3m1!1s0x47a85a08dbc52639:0xadcb8c981fc4f9bb,Brücke Museum,art,favorite,
Berlin,52.5397308,13.422288600000002,https://www.google.com/maps/place/Bubble+Bauch+-Tea+Art+Caf%C3%A9/data=!4m2!3m1!1s0x47a84f09265f0ffd:0x578ba9571278377d,Bubble Bauch -Tea Art Café,art,favorite,true
Berlin,52.519921,13.344759900000001,https://www.google.com/maps/place/Buchstabenmuseum/data=!4m2!3m1!1s0x47a84e3cb52e6d59:0x8a534d5e671daf8c,Buchstabenmuseum,art,favorite,
Berlin,52.4803059,13.436712,https://www.google.com/maps/place/Cank/data=!4m2!3m1!1s0x47a84f0075e2c1a3:0x5b87be01a9a7fca5,Cank,art,favorite,
Berlin,52.5257563,13.388820899999999,https://www.google.com/maps/place/Fotografiska+Berlin/data=!4m2!3m1!1s0x47a851a64d40b6d3:0x8cd9931eb174f487,Fotografiska Berlin,art,favorite,
Berlin,52.4420654,13.238529400000001,https://www.google.com/maps/place/Haus+am+Waldsee/data=!4m2!3m1!1s0x47a859863cf6e62d:0xc7160bd6b3692561,Haus am Waldsee,art,favorite,
Berlin,52.5185185,13.364464900000002,https://www.google.com/maps/place/House+of+World+Cultures/data=!4m2!3m1!1s0x47a851bbaf71ef5b:0x473c447a17a9fa69,House of World Cultures,art,favorite,
Berlin,52.479447,13.430764199999997,https://www.google.com/maps/place/KINDL+-+Zentrum+f%C3%BCr+zeitgen%C3%B6ssische+Kunst/data=!4m2!3m1!1s0x47a84fbcc126c7f7:0xd54fd507a54f599f,KINDL - Zentrum für zeitgenössische Kunst,art,favorite,
Berlin,52.526209699999995,13.498176599999997,https://www.google.com/maps/place/KUNSTFABRIK+HB55/data=!4m2!3m1!1s0x47a84e9928ade329:0xa58102d121494b93,KUNSTFABRIK HB55,art,favorite,
Berlin,52.5069946,13.367604,https://www.google.com/maps/place/New+National+Gallery/data=!4m2!3m1!1s0x47a851b5760b923f:0xc1eab9af9466dfdc,New National Gallery,art,favorite,
Berlin,52.53174549999999,13.396535100000001,https://www.google.com/maps/place/Print+3000+risograph+-+Branczyk+%26+Haberstumpf+GbR/data=!4m2!3m1!1s0x47a851eff5538789:0xdab5e380b924bf3b,Print 3000 risograph - Branczyk & Haberstumpf GbR,art,favorite,
Berlin,52.550925199999995,13.4394319,https://www.google.com/maps/place/SEXAUER+Gallery/data=!4m2!3m1!1s0x47a84defeedc193d:0x5bd1c3b15bd2903b,SEXAUER Gallery,art,favorite,
Berlin,52.525942,13.401567399999998,https://www.google.com/maps/place/Sophiensaele/data=!4m2!3m1!1s0x47a851e6caffcbaf:0xca41034c066dfa90,Sophiensaele,art,favorite,
Berlin,52.52413,13.397139999999998,https://www.google.com/maps/place/Spr%C3%BCth+Magers+Gallery/data=!4m2!3m1!1s0x47a851e708db9b15:0x9898703c76674cb7,Sprüth Magers Gallery,art,favorite,
Berlin,52.543932000000005,13.4162698,https://www.google.com/maps/place/Supalife+Kiosk/data=!4m2!3m1!1s0x47a85200689ded23:0x53f0399f622f657,Supalife Kiosk,art,favorite,
Berlin,52.4756238,13.430374599999997,https://www.google.com/maps/place/Sweethearts+Berlin/data=!4m2!3m1!1s0x47a84fbd52021f11:0x9b6ac2667fc557a8,Sweethearts Berlin,art,favorite,true
Berlin,52.5321182,13.410001800000002,https://www.google.com/maps/place/Tchoban+Foundation+-+Museum+of+architectural+drawing/data=!4m2!3m1!1s0x47a851fd39c3168d:0xfdf0be3db5808c36,Tchoban Foundation - Museum of architectural drawing,art,favorite,
Berlin,52.52621320000001,13.416056399999995,https://www.google.com/maps/place/Thams+Does+Claws+-+Queer+Private+Beauty+~+Nails+~+Art+Studio+%F0%9F%8F%BB%E2%80%8D/data=!4m2!3m1!1s0x47a8517a0a7f65fd:0x3dbb6f2010750713,Thams Does Claws - Queer Private Beauty ~ Nails ~ Art Studio 🏻‍,nail salon,favorite,
Berlin,52.5425562,13.498427099999997,https://www.google.com/maps/place/Villa+Heike/data=!4m2!3m1!1s0x47a84c2528c8f1a5:0xeb56f9a6cf37b34b,Villa Heike,art,favorite,
Berlin,52.509300100000004,13.3232564,https://www.google.com/maps/place/Wentrup+GmbH/data=!4m2!3m1!1s0x47a8502deb2c9115:0xa01743ed43745fa1,Wentrup GmbH,art,favorite,
Berlin,52.511561199999996,13.4000155,https://www.google.com/maps/place/Werkbundarchiv+%E2%80%93+museum+of+things/data=!4m2!3m1!1s0x47a84e34797a6429:0xc1aed2ec17a9da71,Werkbundarchiv – museum of things,art,favorite,
Berlin,52.579186899999996,13.362637699999995,https://www.google.com/maps/place/Wilhelm+Hallen/data=!4m2!3m1!1s0x47a85335952e1ea5:0x47b4e728f1feed7e,Wilhelm Hallen,art,favorite,
Berlin,52.482546899999996,13.391443799999998,https://www.google.com/maps/place/ZKR+-+Zentrum+f%C3%BCr+Kunst+und+%C3%B6ffentlichen+Raum/data=!4m2!3m1!1s0x47a84969f1e3dcfb:0xb3747d9d8e8658a8,ZKR - Zentrum für Kunst und öffentlichen Raum,art,favorite,
Berlin,52.5279064,13.402459799999999,https://www.google.com/maps/place/ACID+Mitte/data=!4m2!3m1!1s0x47a851fc5b928ccd:0x8101a6eb5de8361,ACID Mitte,bakery,favorite,
Berlin,52.5294154,13.401928099999997,https://www.google.com/maps/place/AERA/data=!4m2!3m1!1s0x47a851128503704d:0x724eccb969883c5e,AERA,bakery,favorite,
Berlin,52.5023677,13.327634799999998,https://www.google.com/maps/place/AERA/data=!4m2!3m1!1s0x47a8514661cf95c3:0xe48132d88d2f8f70,AERA,bakery,favorite,
Berlin,52.4913781,13.416650599999999,https://www.google.com/maps/place/Albatross+Bakery/data=!4m2!3m1!1s0x47a84e4c816d6283:0x225c34223f4f5177,Albatross Bakery,bakery,favorite,
Berlin,52.544317199999995,13.422647800000002,https://www.google.com/maps/place/Bekarei/data=!4m2!3m1!1s0x47a84dfefa46f7cf:0x1ae469e706803bd8,Bekarei,bakery,favorite,
Berlin,52.4714323,13.429415499999998,https://www.google.com/maps/place/Bergmann+Coffee+Roastery/data=!4m2!3m1!1s0x47a84f004917f23f:0x32f2e6f4225584e,Bergmann Coffee Roastery,bakery,favorite,
Berlin,52.53997499999999,13.405344399999999,https://www.google.com/maps/place/Bonanza+Coffee+Heroes/data=!4m2!3m1!1s0x47a851f9034567c9:0x693e223689da353c,Bonanza Coffee Heroes,bakery,favorite,
Berlin,52.5041653,13.4203241,https://www.google.com/maps/place/Bonanza+Coffee+Roasters/data=!4m2!3m1!1s0x47a84e31446cec7b:0x2ac07dc4e40383f6,Bonanza Coffee Roasters,bakery,favorite,
Berlin,52.488492,13.4229792,https://www.google.com/maps/place/Boutique+de+LA+MAISON/data=!4m2!3m1!1s0x47a84f91533b4fe5:0xac0d0684f156d2f5,Boutique de LA MAISON,bakery,favorite,
Berlin,52.51292289999999,13.4532005,https://www.google.com/maps/place/Brammibal's+Donuts+(Friedrichshain)/data=!4m2!3m1!1s0x47a84fe64bc6d94d:0x209f8ab8da47375d,Brammibal's Donuts (Friedrichshain),bakery,favorite,
Berlin,52.494977600000006,13.423019999999998,https://www.google.com/maps/place/Brammibal's+Donuts+(Maybachufer)/data=!4m2!3m1!1s0x47a84e00b7dada65:0x7f3acf5143e8e24d,Brammibal's Donuts (Maybachufer),bakery,favorite,
Berlin,52.4882308,13.428138599999999,https://www.google.com/maps/place/Bully%E2%80%99s+Bakery/data=!4m2!3m1!1s0x47a84fb724e5dfe1:0xe3bf2f54cac7fd99,Bully’s Bakery,bakery,favorite,
Berlin,52.528784099999996,13.4063433,https://www.google.com/maps/place/CANAL+-+Linienstra%C3%9Fe/data=!4m2!3m1!1s0x47a851c3eac84397:0x5c14498678da37ff,CANAL - Linienstraße,bakery,favorite,
Berlin,52.5242082,13.402097300000001,https://www.google.com/maps/place/CANAL+Artisanal+Ice+cream+%26+pastry/data=!4m2!3m1!1s0x47a851e0df217e89:0x1a25ba715085487b,CANAL Artisanal Ice cream & pastry,bakery,favorite,
Berlin,52.48956200000001,13.3898271,https://www.google.com/maps/place/Coffee+Circle+Bergmann/data=!4m2!3m1!1s0x47a851f6310a8673:0xa23c3c12c6b49b93,Coffee Circle Bergmann,bakery,favorite,
Berlin,52.4936655,13.427182199999999,https://www.google.com/maps/place/Coffee+Circle+Maybachufer/data=!4m2!3m1!1s0x47a84f0074952e25:0xdb80da7e0ee6c85c,Coffee Circle Maybachufer,bakery,favorite,
Berlin,52.525339900000006,13.410346100000003,https://www.google.com/maps/place/Coffee+Circle+Rosa-Luxemburg/data=!4m2!3m1!1s0x47a84f363a99dc1d:0x4463b451a7f861d5,Coffee Circle Rosa-Luxemburg,bakery,favorite,
Berlin,52.543856299999995,13.367783099999997,https://www.google.com/maps/place/Coffee+Circle+Wedding/data=!4m2!3m1!1s0x47a8517c75ce676d:0xfd62c45ebfcd2228,Coffee Circle Wedding,bakery,favorite,
Berlin,52.5236046,13.3992635,https://www.google.com/maps/place/COMEBUY+Berlin+Mitte+Flagshipstore/data=!4m2!3m1!1s0x47a851e115cef7d3:0x424430a94879ff3f,COMEBUY Berlin Mitte Flagshipstore,bakery,favorite,
Berlin,52.4960873,13.422245599999998,https://www.google.com/maps/place/Concierge+Coffee/data=!4m2!3m1!1s0x47a84fcae6d27343:0xe888b9ec17a6847d,Concierge Coffee,bakery,favorite,true
Berlin,52.5541011,13.3914502,https://www.google.com/maps/place/dilekerei/data=!4m2!3m1!1s0x47a85222a29b1781:0x35f6afa640ce4d25,dilekerei,bakery,favorite,
Berlin,52.5059605,13.470792800000002,https://www.google.com/maps/place/Dosha/data=!4m2!3m1!1s0x47a84f02a8c71f03:0xbb69e2ee1c1dbc04,Dosha,bakery,favorite,
Berlin,52.4733489,13.448727,https://www.google.com/maps/place/EISDERIX/data=!4m2!3m1!1s0x47a84f0ad0c821d5:0x6b5999f779fc85fa,EISDERIX,bakery,favorite,
Berlin,52.5244875,13.406528199999997,https://www.google.com/maps/place/Father+Carpenter+-+Coffee+%26+Kitchen/data=!4m2!3m1!1s0x47a851e1ca221bb5:0x9cf0cb1ba6660eb3,Father Carpenter - Coffee & Kitchen,bakery,favorite,
Berlin,52.49343259999999,13.438334999999999,https://www.google.com/maps/place/Five+Elephant+Kreuzberg/data=!4m2!3m1!1s0x47a84fb28ee81eab:0xf1e52a867a82e15d,Five Elephant Kreuzberg,bakery,favorite,
Berlin,52.5302132,13.391947700000001,https://www.google.com/maps/place/FREA+Bakery+%26+Cafe/data=!4m2!3m1!1s0x47a8519d38279af3:0xed6b8ef1dde78ba8,FREA Bakery & Cafe,bakery,favorite,
Berlin,52.4778327,13.426547500000002,https://www.google.com/maps/place/Gorilla+B%C3%A4ckerei/data=!4m2!3m1!1s0x47a84fd03a7bc5d7:0x8631d881597562a2,Gorilla Bäckerei,bakery,favorite,
Berlin,52.5419622,13.3573921,https://www.google.com/maps/place/G%C3%96TTLICH+essen+%26+trinken/data=!4m2!3m1!1s0x47a851823e62f719:0x43cfcf5d39a2055a,GÖTTLICH essen & trinken,bakery,favorite,
Berlin,52.5469814,13.417434999999998,https://www.google.com/maps/place/Hokey+Pokey+Boutique/data=!4m2!3m1!1s0x47a853cab8921405:0xe9711fdc67a1b27b,Hokey Pokey Boutique,bakery,favorite,
Berlin,52.4687937,13.436001499999998,https://www.google.com/maps/place/Ilse+Eins/data=!4m2!3m1!1s0x47a84f9c02f9d36d:0x8840ce9e63a98eee,Ilse Eins,bakery,favorite,
Berlin,52.48033789999999,13.424965399999998,https://www.google.com/maps/place/Isla/data=!4m2!3m1!1s0x47a84fbea58d70fd:0x70b459ee2b0af061,Isla,bakery,favorite,
Berlin,52.45983379999999,13.323145,https://www.google.com/maps/place/JOHO+Eisparadies/data=!4m2!3m1!1s0x47a85bc059cea9e5:0xea895904fb95b6fa,JOHO Eisparadies,bakery,favorite,
Berlin,52.5252137,13.406102100000002,https://www.google.com/maps/place/KAFFEEMITTE/data=!4m2!3m1!1s0x47a851e1bd421bc9:0x2c0a9527ac84611f,KAFFEEMITTE,bakery,favorite,
Berlin,52.503827199999996,13.313835999999998,https://www.google.com/maps/place/Kame+Japanese+Bites/data=!4m2!3m1!1s0x47a850e41c842949:0xf1dc3e5a7aae13c7,Kame Japanese Bites,bakery,favorite,
Berlin,52.4826134,13.438835499999998,https://www.google.com/maps/place/Konditorei+Damaskus/data=!4m2!3m1!1s0x47a84fa5ae562099:0x42d4888f77ae3967,Konditorei Damaskus,bakery,favorite,
Berlin,52.4933315,13.431093899999997,https://www.google.com/maps/place/La+Maison+Berlin/data=!4m2!3m1!1s0x47a84f83a8f63ec3:0x8536a74dcee19291,La Maison Berlin,bakery,favorite,
Berlin,52.47697720000001,13.422362299999998,https://www.google.com/maps/place/LA+MAISON+Neuk%C3%B6lln/data=!4m2!3m1!1s0x47a84f00744fd651:0x59fa80112cc9f0f5,LA MAISON Neukölln,bakery,favorite,
Berlin,52.4681236,13.4324987,https://www.google.com/maps/place/leuchtstoff+-+Kaffeebar+und+Bakery/data=!4m2!3m1!1s0x47a84f9bc727a35d:0xd49a28d4a6be518,leuchtstoff - Kaffeebar und Bakery,bakery,favorite,
Berlin,52.4912698,13.4497572,https://www.google.com/maps/place/Masha's+Bagels+%26+Delicatessen/data=!4m2!3m1!1s0x47a84f60d4148a93:0x8346973139bb7011,Masha's Bagels & Delicatessen,bakery,favorite,
Berlin,52.49364500000001,13.427205599999999,https://www.google.com/maps/place/Matchasome/data=!4m2!3m1!1s0x47a84feaa4c9ae67:0x1078edd631547abd,Matchasome,bakery,favorite,
Berlin,52.5288699,13.4077381,https://www.google.com/maps/place/Matchasome/data=!4m2!3m1!1s0x47a8516dbe64127b:0xc3da2e2235f1644f,Matchasome,bakery,favorite,
Berlin,52.527815999999994,13.4005262,https://www.google.com/maps/place/Milch+Halle+Berlin+Coffee/data=!4m2!3m1!1s0x47a851e4224b9f5d:0x53760329f39bc1e0,Milch Halle Berlin Coffee,bakery,favorite,
Berlin,52.5366844,13.4204715,https://www.google.com/maps/place/No+Fire+No+Glory/data=!4m2!3m1!1s0x47a84e0169285e6d:0x29eb73f02a43d1e6,No Fire No Glory,bakery,favorite,
Berlin,52.484443399999996,13.438503800000001,https://www.google.com/maps/place/Pastiche/data=!4m2!3m1!1s0x47a84f006840b3f7:0x928e3b4e1b1f5e27,Pastiche,bakery,favorite,
Berlin,52.4790697,13.4388571,https://www.google.com/maps/place/Prachtwerk/data=!4m2!3m1!1s0x47a84fa3f3f064ff:0x97a0f11a28a8cef1,Prachtwerk,bakery,favorite,
Berlin,52.5267962,13.3931759,https://www.google.com/maps/place/Princess+Cheesecake/data=!4m2!3m1!1s0x47a851e896199931:0x12b8c091597dc140,Princess Cheesecake,bakery,favorite,
Berlin,52.524076699999995,13.407300099999999,https://www.google.com/maps/place/Round+%26+Edgy/data=!4m2!3m1!1s0x47a85167a85b1755:0xf49b816ca1da73de,Round & Edgy,bakery,favorite,
Berlin,52.493652100000006,13.427213499999999,https://www.google.com/maps/place/Round+%26+Edgy/data=!4m2!3m1!1s0x47a84f641ac7ec55:0xb04755169a84d131,Round & Edgy,bakery,favorite,
Berlin,52.526327599999995,13.399265,https://www.google.com/maps/place/SammyS+Berliner+Donuts/data=!4m2!3m1!1s0x47a851e6975db67d:0x51365b4cc5fcfa22,SammyS Berliner Donuts,bakery,favorite,
Berlin,52.5126813,13.453130800000002,https://www.google.com/maps/place/Shakespeare+%26+Sons+-+Fine+Bagels/data=!4m2!3m1!1s0x47a84e5c558f01fb:0xb0f3695f3dbd1f79,Shakespeare & Sons - Fine Bagels,bakery,favorite,
Berlin,52.510075300000004,13.458377999999996,https://www.google.com/maps/place/Silo+Coffee/data=!4m2!3m1!1s0x47a84e5ece6468b1:0x8521a86c0e08ad1b,Silo Coffee,bakery,favorite,
Berlin,52.529517999999996,13.4018381,https://www.google.com/maps/place/St.+Oberholz/data=!4m2!3m1!1s0x47a852000a45e5b3:0xe46ef30163297321,St. Oberholz,bakery,favorite,
Berlin,52.4693818,13.4335987,https://www.google.com/maps/place/Taktil/data=!4m2!3m1!1s0x47a84f9114a2cc99:0x295069acdc6d18e3,Taktil,bakery,favorite,
Berlin,52.47272900000001,13.454635000000003,https://www.google.com/maps/place/That+Pink+Caf%C3%A9+(ehemals+Geschwister+Nothaft)/data=!4m2!3m1!1s0x47a84f0cb62e635f:0x31a234241ee07bda,That Pink Café (ehemals Geschwister Nothaft),bakery,favorite,
Berlin,52.5274383,13.398180000000002,https://www.google.com/maps/place/THE+BARN+Caf%C3%A9+Mitte/data=!4m2!3m1!1s0x47a851e67f03e10b:0x8af56d34e75a89,THE BARN Café Mitte,bakery,favorite,
Berlin,52.5305834,13.3836653,https://www.google.com/maps/place/THE+BARN+Caf%C3%A9+Nordbahnhof/data=!4m2!3m1!1s0x47a851a8f42ac8cf:0x14be20b26208bf99,THE BARN Café Nordbahnhof,bakery,favorite,
Berlin,52.529888199999995,13.410736199999999,https://www.google.com/maps/place/THE+BARN+Sch%C3%B6nhauser+Allee+Caf%C3%A9/data=!4m2!3m1!1s0x47a84e1d6200a795:0x6e773300e3c805c2,THE BARN Schönhauser Allee Café,bakery,favorite,
Berlin,52.49794060000001,13.441908300000001,https://www.google.com/maps/place/The+Boat+Kaffee/data=!4m2!3m1!1s0x47a84e5cc249baa5:0x9386b51e5a5953b8,The Boat Kaffee,bakery,favorite,
Berlin,52.5152674,13.4091223,https://www.google.com/maps/place/The+Greens+-+Coffee+%26+Plants/data=!4m2!3m1!1s0x47a84e26ccf76421:0xafd5c05a47c00c5b,The Greens - Coffee & Plants,bakery,favorite,
Berlin,52.5007439,13.419213700000002,https://www.google.com/maps/place/The+Visit+Coffee+Roastery/data=!4m2!3m1!1s0x47a84e3382088525:0x969a470f18ea5561,The Visit Coffee Roastery,bakery,favorite,
Berlin,52.5065272,13.313308,https://www.google.com/maps/place/Ulteamate+Berlin/data=!4m2!3m1!1s0x47a8516d2497d749:0x5f11b0db0599f99c,Ulteamate Berlin,bakery,favorite,
Berlin,52.47796429999999,13.281962999999998,https://www.google.com/maps/place/Wiener+Conditorei+Caffeehaus/data=!4m2!3m1!1s0x47a850a451cc4705:0x6c75dfdc71eb7b0c,Wiener Conditorei Caffeehaus,bakery,favorite,
Berlin,52.480775099999995,13.431525599999999,https://www.google.com/maps/place/Wilke/data=!4m2!3m1!1s0x47a84fbb5d8f4083:0x86bd30af1250e0df,Wilke,bakery,favorite,
Berlin,52.5253564,13.405025700000001,https://www.google.com/maps/place/Absinthdepot+Berlin/data=!4m2!3m1!1s0x47a851e10b7b732f:0x15be84b86e803f97,Absinthdepot Berlin,bar,favorite,
Berlin,52.481987,13.438849299999998,https://www.google.com/maps/place/Ada+Bar/data=!4m2!3m1!1s0x47a84f8761be9b4b:0x6a3eedffcbbf2019,Ada Bar,bar,favorite,true
Berlin,52.475727899999995,13.4433052,https://www.google.com/maps/place/Alter+Roter+L%C3%B6we/data=!4m2!3m1!1s0x47a84fa051d4ad3b:0xc8a9418d99c30649,Alter Roter Löwe,bar,favorite,
Berlin,52.4901863,13.402879099999998,https://www.google.com/maps/place/Anno64/data=!4m2!3m1!1s0x47a84fd0f48b3e61:0x7e7deaabf38b6a1,Anno64,bar,favorite,
Berlin,52.4738267,13.442670200000002,https://www.google.com/maps/place/Arkaoda/data=!4m2!3m1!1s0x47a84fa0266f3d75:0xc1391677353f0dd7,Arkaoda,bar,favorite,
Berlin,52.541612,13.425250199999999,https://www.google.com/maps/place/Atopia+Kaffeehaus/data=!4m2!3m1!1s0x47a84dfde4c7c1e3:0x475054b077da8926,Atopia Kaffeehaus,bar,favorite,
Berlin,52.473589,13.4417472,https://www.google.com/maps/place/balera+Weinhandlung/data=!4m2!3m1!1s0x47a84f9f8066a2c9:0x64246af115325398,balera Weinhandlung,bar,favorite,
Berlin,52.5269645,13.4146544,https://www.google.com/maps/place/Bar+3/data=!4m2!3m1!1s0x47a84e1c3821a8db:0x4e264c271d1c7148,Bar 3,bar,favorite,
Berlin,52.5455885,13.416872600000001,https://www.google.com/maps/place/Bar+Becketts+Kopf/data=!4m2!3m1!1s0x47a85200eb02aa4b:0x11200437143b4ec3,Bar Becketts Kopf,bar,favorite,
Berlin,52.49190000000001,13.425490000000002,https://www.google.com/maps/place/Bar+Brutal+54/data=!4m2!3m1!1s0x47a84f0a6f9945af:0xbffd233e9860a02f,Bar Brutal 54,bar,favorite,
Berlin,52.542013399999995,13.3566018,https://www.google.com/maps/place/Bar+Elisabeth/data=!4m2!3m1!1s0x47a851c9bb27d275:0xd881dd1316f37121,Bar Elisabeth,bar,favorite,
Berlin,52.49806549999999,13.436424499999998,https://www.google.com/maps/place/Bar+Raval/data=!4m2!3m1!1s0x41652398b4d869f7:0x97d977a1ec83f74e,Bar Raval,bar,favorite,
Berlin,52.4743722,13.426938799999999,https://www.google.com/maps/place/Barra/data=!4m2!3m1!1s0x47a84f1a6edafd07:0xd69202b50b81a4ed,Barra,bar,favorite,
Berlin,52.4557611,13.417072699999999,https://www.google.com/maps/place/Bartmann./data=!4m2!3m1!1s0x47a84fb7e184a787:0xe6f11b1b374c7aef,Bartmann.,bar,favorite,
Berlin,52.5506167,13.3608213,https://www.google.com/maps/place/Basalt/data=!4m2!3m1!1s0x47a8522ad9b49429:0x4c860f34690a4333,Basalt,bar,favorite,
Berlin,52.4985201,13.431159899999999,https://www.google.com/maps/place/BASE+MENT/data=!4m2!3m1!1s0x47a84e4b1c99b81b:0x3679183ae7de9c1c,BASE MENT,bar,favorite,
Berlin,52.473720099999994,13.423329599999997,https://www.google.com/maps/place/bechereck/data=!4m2!3m1!1s0x47a84f9665a30db3:0x260c19a60b580525,bechereck,bar,favorite,
Berlin,52.4926832,13.421716100000001,https://www.google.com/maps/place/Bei+Schlawinchen+-+Berlin/data=!4m2!3m1!1s0x47a84fca23a64cb9:0x1b3a19f74b8cf9f,Bei Schlawinchen - Berlin,bar,favorite,
Berlin,52.5268599,13.410582800000002,https://www.google.com/maps/place/Belushi's+Berlin+(Alexanderplatz)/data=!4m2!3m1!1s0x47a84e1df02f9389:0xcc322c3368ec8722,Belushi's Berlin (Alexanderplatz),bar,favorite,
Berlin,52.543875799999995,13.360615000000001,https://www.google.com/maps/place/BESTE+Bar/data=!4m2!3m1!1s0x47a8518175202b07:0x49cab3e9b54f6661,BESTE Bar,bar,favorite,
Berlin,52.4712423,13.447555399999999,https://www.google.com/maps/place/Bierbaroness/data=!4m2!3m1!1s0x47a84f751c0595b7:0xf29e33873a9576d,Bierbaroness,bar,favorite,true
Berlin,52.482752700000006,13.437538499999999,https://www.google.com/maps/place/Bierbaum+2/data=!4m2!3m1!1s0x47a84fa504ea4695:0x9a316f9b279b5064,Bierbaum 2,bar,favorite,
Berlin,52.4755215,13.423085599999999,https://www.google.com/maps/place/Bierbaum+3/data=!4m2!3m1!1s0x47a84f9600b53623:0x10ecc057c123abc2,Bierbaum 3,bar,favorite,
Berlin,52.4912256,13.416115899999998,https://www.google.com/maps/place/Bierhaus+Urban/data=!4m2!3m1!1s0x47a84fc936bfe439:0x93156491e20829d9,Bierhaus Urban,bar,favorite,
Berlin,52.5114125,13.4424839,https://www.google.com/maps/place/Bierhof+R%C3%BCdersdorf/data=!4m2!3m1!1s0x47a84e438bc65e9f:0x6963d6357f4ea19b,Bierhof Rüdersdorf,bar,favorite,
Berlin,52.467962,13.4312519,https://www.google.com/maps/place/Bierlokal+Zum+Umsteiger/data=!4m2!3m1!1s0x47a84f9a353ef657:0x65ea40b7e192cabe,Bierlokal Zum Umsteiger,bar,favorite,
Berlin,52.497836299999996,13.424051799999999,https://www.google.com/maps/place/Bohnengold+-+Berlin/data=!4m2!3m1!1s0x47a84fdf3f484c81:0x39d5a37d52cf9e18,Bohnengold - Berlin,bar,favorite,
Berlin,52.53286419999999,13.395793999999999,https://www.google.com/maps/place/BrewDog+Berlin+Mitte/data=!4m2!3m1!1s0x47a851efdefd0be9:0xaf25960fc71d9287,BrewDog Berlin Mitte,bar,favorite,
Berlin,52.4379123,13.368985599999998,https://www.google.com/maps/place/BrewDog+DogTap+Berlin/data=!4m2!3m1!1s0x47a845845e56be67:0xe94389774f90337a,BrewDog DogTap Berlin,bar,favorite,
Berlin,52.500196599999995,13.3737,https://www.google.com/maps/place/BRLO+Brwhouse/data=!4m2!3m1!1s0x47a850337b895a53:0xdeb4db7d40bea40b,BRLO Brwhouse,bar,favorite,
Berlin,52.47425919999999,13.4262217,https://www.google.com/maps/place/BruchBerg+Bar/data=!4m2!3m1!1s0x47a84f97cac0b7ef:0x36fed5f4a73ee89e,BruchBerg Bar,bar,favorite,
Berlin,52.5321302,13.398945699999999,https://www.google.com/maps/place/Buck+and+Breck/data=!4m2!3m1!1s0x47a851e5383a10eb:0xcfb18e2ef21f5502,Buck and Breck,bar,favorite,
Berlin,52.4869762,13.4307017,https://www.google.com/maps/place/Bussi+Bar/data=!4m2!3m1!1s0x47a84f1fbbe83ad7:0xca27ea825b80d0c6,Bussi Bar,bar,favorite,
Berlin,52.480173099999995,13.4250273,https://www.google.com/maps/place/B%C3%A4reneck/data=!4m2!3m1!1s0x47a84fbea89f9081:0x36bbaa413482bcc1,Bäreneck,bar,favorite,
Berlin,52.512999199999996,13.420081399999999,https://www.google.com/maps/place/c-base/data=!4m2!3m1!1s0x47a84e3b41c73ea7:0x94a319a092a3e717,c-base,bar,favorite,
Berlin,52.5320233,13.3415634,https://www.google.com/maps/place/Caf%C3%A9+Bar+Tirr%C3%A9e/data=!4m2!3m1!1s0x47a8517397341619:0x78c860246db2686c,Café Bar Tirrée,bar,favorite,
Berlin,52.501675899999995,13.4182843,https://www.google.com/maps/place/Caf%C3%A9+Luzia/data=!4m2!3m1!1s0x47a84e33bc20e27b:0x4938d837d69496eb,Café Luzia,bar,favorite,
Berlin,52.500309,13.439839300000001,https://www.google.com/maps/place/COBA+BAR/data=!4m2!3m1!1s0x47a84e4dce6d90cf:0xcf33e775b0017f58,COBA BAR,bar,favorite,true
Berlin,52.4892459,13.4280289,https://www.google.com/maps/place/Dschungel/data=!4m2!3m1!1s0x47a84fb6dc6b921f:0x2c1c8f9125ef05a4,Dschungel,bar,favorite,
Berlin,52.491174199999996,13.3873149,https://www.google.com/maps/place/Eingang+Zwei+Bar/data=!4m2!3m1!1s0x47a8515c3b269a43:0x1a7128c0a0047c93,Eingang Zwei Bar,bar,favorite,
Berlin,52.489611700000005,13.3922614,https://www.google.com/maps/place/ERNST+Bar/data=!4m2!3m1!1s0x47a84fd81ab59357:0xe6cce5f352918bb6,ERNST Bar,bar,favorite,
Berlin,52.5518238,13.386742199999999,https://www.google.com/maps/place/F+Bar/data=!4m2!3m1!1s0x47a85223c9d8fc2b:0xbbf102385c6ccd23,F Bar,bar,favorite,true
Berlin,52.49929299999999,13.4197463,https://www.google.com/maps/place/Fahimi+Bar/data=!4m2!3m1!1s0x47a84e34a26326c7:0x647a44ead2e736d9,Fahimi Bar,bar,favorite,
Berlin,52.469436300000005,13.437091899999997,https://www.google.com/maps/place/Flaschenzug+Bar/data=!4m2!3m1!1s0x47a84f9ea4b43b3f:0x22cb3f6397b2ed80,Flaschenzug Bar,bar,favorite,
Berlin,52.542028699999996,13.356771499999999,https://www.google.com/maps/place/Freya+Fuchs/data=!4m2!3m1!1s0x47a851821366d8b1:0x711b14ad11d25409,Freya Fuchs,bar,favorite,
Berlin,52.47393389999999,13.425218299999997,https://www.google.com/maps/place/Frollein+Langner/data=!4m2!3m1!1s0x47a84f964f6d7da5:0xa2f725eb670858e8,Frollein Langner,bar,favorite,
Berlin,52.491741,13.387634299999998,https://www.google.com/maps/place/Glaserei+-+Gastrobar/data=!4m2!3m1!1s0x47a85100547ae94f:0x796e9bf3322c85e4,Glaserei - Gastrobar,bar,favorite,
Berlin,52.479598,13.437743399999999,https://www.google.com/maps/place/Great+Barrier/data=!4m2!3m1!1s0x47a84f6f6ad84401:0x1d77667b05e36fc0,Great Barrier,bar,favorite,
Berlin,52.5051239,13.46952,https://www.google.com/maps/place/Harapeco+-+Okonomiyaki+and+Sake+Bar/data=!4m2!3m1!1s0x47a84ef0d03ced25:0x655b0c03d5d7fe00,Harapeco - Okonomiyaki and Sake Bar,bar,favorite,true
Berlin,52.532548999999996,13.3429069,https://www.google.com/maps/place/Heine+Bar/data=!4m2!3m1!1s0x47a8517475396bf9:0xa9df008cf2adf19a,Heine Bar,bar,favorite,
Berlin,52.47371,13.444989999999999,https://www.google.com/maps/place/Herr+Lindemann+Cocktail+Bar+auf+Kr%C3%A4uterbasis/data=!4m2!3m1!1s0x47a84fa006eaef77:0xd248c07d951ad685,Herr Lindemann Cocktail Bar auf Kräuterbasis,bar,favorite,
Berlin,52.4806805,13.4276727,https://www.google.com/maps/place/Holly+Gastrobar/data=!4m2!3m1!1s0x47a84fc7f103dc37:0x861d7a91eed821f,Holly Gastrobar,bar,favorite,true
Berlin,52.480142,13.438069399999998,https://www.google.com/maps/place/Honey+Lou+Bar/data=!4m2!3m1!1s0x47a84f5d999c83f3:0xc90029a97d7def3f,Honey Lou Bar,bar,favorite,
Berlin,52.5438787,13.418374799999999,https://www.google.com/maps/place/ITA+Bistro/data=!4m2!3m1!1s0x47a84d706e1ce74b:0x99ef87c6c9edf080,ITA Bistro,bar,favorite,
Berlin,52.484215799999994,13.433146899999997,https://www.google.com/maps/place/jaja/data=!4m2!3m1!1s0x47a84fbabf94b027:0x63612a484eff8a82,jaja,bar,favorite,
Berlin,52.50251,13.3086,https://www.google.com/maps/place/Juleps+New+York+Bar+%26+Restaurant/data=!4m2!3m1!1s0x47a850e7aa82ed75:0xaac82282a036fdf1,Juleps New York Bar & Restaurant,bar,favorite,true
Berlin,52.48808700000001,13.430036000000001,https://www.google.com/maps/place/KADUKA/data=!4m2!3m1!1s0x47a84fb0d74921a5:0x6b21bb02c623b925,KADUKA,bar,favorite,
Berlin,52.47666549999999,13.4498869,https://www.google.com/maps/place/Kaktus+reloaded/data=!4m2!3m1!1s0x47a84f0a4866f467:0xfc483b88e1090b95,Kaktus reloaded,bar,favorite,
Berlin,52.500134,13.438859599999997,https://www.google.com/maps/place/KANTE+Restaurant+%26+Bar/data=!4m2!3m1!1s0x47a84e4c338627af:0x1b00f74167e1a07,KANTE Restaurant & Bar,bar,favorite,true
Berlin,52.53818179999999,13.411359599999999,https://www.google.com/maps/place/Kapitalist/data=!4m2!3m1!1s0x47a851fef554e2a9:0x49cdab3176b8d5af,Kapitalist,bar,favorite,
Berlin,52.5283993,13.4099169,https://www.google.com/maps/place/KASCHK+by+BRLO/data=!4m2!3m1!1s0x47a851e270908dcd:0x29195df9db2b738d,KASCHK by BRLO,bar,favorite,
Berlin,52.478245099999995,13.4213493,https://www.google.com/maps/place/Keith+Bar/data=!4m2!3m1!1s0x47a84fbe5010a819:0x59390eb11871d738,Keith Bar,bar,favorite,
Berlin,52.5319735,13.4115959,https://www.google.com/maps/place/KINK+Bar+%26+Restaurant/data=!4m2!3m1!1s0x47a851a42a94348f:0x8894d1e57ee34b7c,KINK Bar & Restaurant,bar,favorite,
Berlin,52.4985526,13.431177900000002,https://www.google.com/maps/place/Kleine+Reise/data=!4m2!3m1!1s0x47a84f0a638614fb:0xe92f2a5a5900c0cb,Kleine Reise,bar,favorite,
Berlin,52.482195000000004,13.4318525,https://www.google.com/maps/place/Klunkerkranich/data=!4m2!3m1!1s0x47a84fbb3d0ff205:0xf9316656e0de7932,Klunkerkranich,bar,favorite,
Berlin,52.540226100000005,13.4159239,https://www.google.com/maps/place/KOKIO/data=!4m2!3m1!1s0x47a85190bbdd3397:0xfe7242b9044462ff,KOKIO,bar,favorite,
Berlin,52.4975179,13.4415321,https://www.google.com/maps/place/Konrad+T%C3%B6nz/data=!4m2!3m1!1s0x47a84e4d7d04b8ff:0xf4ebfd3b86f3951b,Konrad Tönz,bar,favorite,
Berlin,52.4921788,13.3523576,https://www.google.com/maps/place/Kuckucksei/data=!4m2!3m1!1s0x47a850443346b323:0xaf370d38bd0f6db5,Kuckucksei,bar,favorite,
Berlin,52.5342665,13.3592104,https://www.google.com/maps/place/Kulturfabrik+Moabit/data=!4m2!3m1!1s0x47a8519b816149fd:0x8d0a749a8c4facb9,Kulturfabrik Moabit,bar,favorite,
Berlin,52.4940408,13.425871799999998,https://www.google.com/maps/place/kwia/data=!4m2!3m1!1s0x47a84f4e4bfde083:0xfbe7fee7694287d2,kwia,bar,favorite,
Berlin,52.47955160000001,13.4377089,https://www.google.com/maps/place/K%C5%8Dji+Handroll+Bar/data=!4m2!3m1!1s0x47a84f0061aab2f3:0x4af59fb8cf683d85,Kōji Handroll Bar,bar,favorite,
Berlin,52.501724200000005,13.382487200000002,https://www.google.com/maps/place/Layla+Bar+%26+Restaurant+by+Meir+Adoni/data=!4m2!3m1!1s0x47a851d1caf8a473:0x6254519034912f52,Layla Bar & Restaurant by Meir Adoni,bar,favorite,
Berlin,52.5020624,13.430792199999999,https://www.google.com/maps/place/Lerchen%26Eulen/data=!4m2!3m1!1s0x47a84e498a738a0b:0x58160f65ed4f02d,Lerchen&Eulen,bar,favorite,
Berlin,52.46913130000001,13.431227400000001,https://www.google.com/maps/place/Liesl/data=!4m2!3m1!1s0x47a84f9a2cce8d7d:0x8686fbef3810a211,Liesl,bar,favorite,
Berlin,52.5493708,13.3616314,https://www.google.com/maps/place/Lino's+Barbecue/data=!4m2!3m1!1s0x47a8522aeca4c0cb:0x73fd4c0d80de4f30,Lino's Barbecue,bar,favorite,
Berlin,52.4725475,13.4546178,https://www.google.com/maps/place/Loreley+Bar/data=!4m2!3m1!1s0x47a84f005b5b203b:0xbc0b83bc146209dc,Loreley Bar,bar,favorite,
Berlin,52.531069699999996,13.426645200000001,https://www.google.com/maps/place/Melloch+Bar/data=!4m2!3m1!1s0x47a84e0568f5d001:0x376def11d89ee23b,Melloch Bar,bar,favorite,true
Berlin,52.5295219,13.403873099999998,https://www.google.com/maps/place/Mikkeller+Berlin/data=!4m2!3m1!1s0x47a851e381f1653b:0xb3e4e697c162d809,Mikkeller Berlin,bar,favorite,
Berlin,52.539716,13.4225767,https://www.google.com/maps/place/Monterey+Bar/data=!4m2!3m1!1s0x47a84e00b89aaaab:0x7b96352bc70d3f0,Monterey Bar,bar,favorite,true
Berlin,52.4875705,13.421152999999999,https://www.google.com/maps/place/Morphin+Bar/data=!4m2!3m1!1s0x47a84fb7e2b1e4cd:0x47ae174f80cdb238,Morphin Bar,bar,favorite,true
Berlin,52.4863148,13.4351745,https://www.google.com/maps/place/Motif+Wein/data=!4m2!3m1!1s0x47a84fb017567e57:0x93a4929d74a24f7e,Motif Wein,bar,favorite,
Berlin,52.5000001,13.418950099999998,https://www.google.com/maps/place/Multilayerladen/data=!4m2!3m1!1s0x47a84e3364d70edd:0x9716f12821c65c08,Multilayerladen,bar,favorite,
Berlin,52.4806732,13.426281499999998,https://www.google.com/maps/place/MUTED+HORN/data=!4m2!3m1!1s0x47a84fbc06e7609b:0x5b18995aea5b5aca,MUTED HORN,bar,favorite,
Berlin,52.499517399999995,13.445349900000002,https://www.google.com/maps/place/Mysliwska/data=!4m2!3m1!1s0x47a84e523badb921:0xce326ec88fa85080,Mysliwska,bar,favorite,
Berlin,52.503104400000005,13.411077200000001,https://www.google.com/maps/place/Nachbarschaftsgarten+Moritzplatz/data=!4m2!3m1!1s0x416523bd03fb9b1d:0x3a82da3fd2862e57,Nachbarschaftsgarten Moritzplatz,bar,favorite,
Berlin,52.4706602,13.4380487,https://www.google.com/maps/place/Nachbarschaftshaus+am+K%C3%B6rnerpark/data=!4m2!3m1!1s0x47a84f63946794a1:0x2cf0a2972af5d970,Nachbarschaftshaus am Körnerpark,bar,favorite,
Berlin,52.48738299999999,13.436761599999999,https://www.google.com/maps/place/Nathanja+%26+Heinrich+Caf%C3%A9+%2F+Bar+Neuk%C3%B6lln/data=!4m2!3m1!1s0x47a84fafd63ff097:0x9950f3ffa9600942,Nathanja & Heinrich Café / Bar Neukölln,bar,favorite,
Berlin,52.5297031,13.405746699999998,https://www.google.com/maps/place/Neue+Odessa+Bar/data=!4m2!3m1!1s0x47a851e3097b36d9:0xfb0f9840ed8e2636,Neue Odessa Bar,bar,favorite,
Berlin,52.498223499999995,13.325405,https://www.google.com/maps/place/NOMU+Sake+Bar/data=!4m2!3m1!1s0x47a85136e7f81235:0x4f3d51bf6584ed1d,NOMU Sake Bar,bar,favorite,true
Berlin,52.4917145,13.419373100000001,https://www.google.com/maps/place/Oh+Madriz+-+Tapas+%26+Cocktail+Bar/data=!4m2!3m1!1s0x47a84fee331d5bd5:0xb5b9440777e1726e,Oh Madriz - Tapas & Cocktail Bar,bar,favorite,true
Berlin,52.482582,13.440999,https://www.google.com/maps/place/On+Egin+%7C+Restaurant+und+Tapas+Bar/data=!4m2!3m1!1s0x47a84fa5c4d404e1:0xd65318134d0927e9,On Egin | Restaurant und Tapas Bar,bar,favorite,true
Berlin,52.483405999999995,13.441216700000002,https://www.google.com/maps/place/Oona/data=!4m2!3m1!1s0x47a84fe19911e91d:0xe1710598dd72e4d4,Oona,bar,favorite,
Berlin,52.50136229999999,13.4159217,https://www.google.com/maps/place/ORA+Restaurant+%26+Wine+Bar/data=!4m2!3m1!1s0x47a84e3256c4060b:0x9904dddfeba65194,ORA Restaurant & Wine Bar,bar,favorite,
Berlin,52.47081869999999,13.4367838,https://www.google.com/maps/place/Orangerie+Neuk%C3%B6lln/data=!4m2!3m1!1s0x47a84fc2edba804d:0xec0c97ba5a3b6619,Orangerie Neukölln,bar,favorite,
Berlin,52.539704699999994,13.414323099999999,https://www.google.com/maps/place/Pool+und+Cigars/data=!4m2!3m1!1s0x47a851fe481312cb:0xdd248feba117a851,Pool und Cigars,bar,favorite,
Berlin,52.540099,13.409785499999998,https://www.google.com/maps/place/Prater+Beer+Garden/data=!4m2!3m1!1s0x47a851ff1dec4b0f:0x7199f1fd1c97a3eb,Prater Beer Garden,bar,favorite,
Berlin,52.50861299999999,13.455893099999999,https://www.google.com/maps/place/Primitiv+Bar+-+Berlin/data=!4m2!3m1!1s0x47a84e5967edf1bf:0xf9fa65f6829d8b50,Primitiv Bar - Berlin,bar,favorite,
Berlin,52.475777199999996,13.422043999999998,https://www.google.com/maps/place/Promenaden+Eck/data=!4m2!3m1!1s0x47a84f95f64aff45:0x3b5ad7dafed8e2e2,Promenaden Eck,bar,favorite,
Berlin,52.5131501,13.457066099999999,https://www.google.com/maps/place/Protokoll+Taproom/data=!4m2!3m1!1s0x47a84e5dd7e5e46d:0xdce8920e0e3ee2f3,Protokoll Taproom,bar,favorite,
Berlin,52.48612,13.43478,https://www.google.com/maps/place/Quinti+Brunch+%26+Bar/data=!4m2!3m1!1s0x47a84f441e52b0b5:0xa7affd1e242a0c3e,Quinti Brunch & Bar,bar,favorite,true
Berlin,52.485369299999995,13.437108199999999,https://www.google.com/maps/place/Ratzeputz/data=!4m2!3m1!1s0x47a84faff4140a81:0x6d83c360fb4d7f92,Ratzeputz,bar,favorite,
Berlin,52.525086599999995,13.402524500000002,https://www.google.com/maps/place/Rocket+Wine+Berlin/data=!4m2!3m1!1s0x47a851e8c6205e2f:0xad616056d9c3bc6c,Rocket Wine Berlin,bar,favorite,
Berlin,52.47422160000001,13.449183800000002,https://www.google.com/maps/place/Rotbart/data=!4m2!3m1!1s0x47a84f0ae6b2fc3b:0x91e92262a00a0073,Rotbart,bar,favorite,
Berlin,52.496584,13.419305999999999,https://www.google.com/maps/place/Roter+Rabe/data=!4m2!3m1!1s0x47a84fcb42dd585b:0x4d9180f3c1a37205,Roter Rabe,bar,favorite,
Berlin,52.48976630000001,13.3538896,https://www.google.com/maps/place/Sardinen+Bar/data=!4m2!3m1!1s0x47a85046b044a789:0x67a194e2c0f399b6,Sardinen Bar,bar,favorite,
Berlin,52.4689614,13.435396599999999,https://www.google.com/maps/place/Schloss+Neuschweinsteiger/data=!4m2!3m1!1s0x47a84f9eaa9e33f7:0x19236b527c44aed,Schloss Neuschweinsteiger,bar,favorite,
Berlin,52.49438550000001,13.4289282,https://www.google.com/maps/place/Schmetterling/data=!4m2!3m1!1s0x47a84f5fd813058f:0x322229bea24cc350,Schmetterling,bar,favorite,
Berlin,52.50243129999999,13.429615299999998,https://www.google.com/maps/place/Schwarze+Traube/data=!4m2!3m1!1s0x47a84e49795ea815:0xb38f2a473ae7024b,Schwarze Traube,bar,favorite,
Berlin,52.4919204,13.4171822,https://www.google.com/maps/place/St.+Bart/data=!4m2!3m1!1s0x47a84fc9424df4ad:0xc20c3e5da885e03e,St. Bart,bar,favorite,
Berlin,52.551782499999995,13.386529500000002,https://www.google.com/maps/place/Studio8/data=!4m2!3m1!1s0x47a85223cbb973cb:0xbfc9e6eba27d87b2,Studio8,bar,favorite,
Berlin,52.4833253,13.440711299999998,https://www.google.com/maps/place/Sux/data=!4m2!3m1!1s0x47a84fa5c0f40847:0xf29dc13a07272604,Sux,bar,favorite,
Berlin,52.4697296,13.429780300000001,https://www.google.com/maps/place/Tante+Frizzante+Event-Bar+%26+KiezGarten+Zart+Daneben/data=!4m2!3m1!1s0x47a84f99f46c0001:0x5fb48364565fe14b,Tante Frizzante Event-Bar & KiezGarten Zart Daneben,bar,favorite,
Berlin,52.4810846,13.429270599999999,https://www.google.com/maps/place/Tennis+Bar/data=!4m2!3m1!1s0x47a84fbb836550af:0xf8f31f5bda6b2806,Tennis Bar,bar,favorite,
Berlin,52.495150800000005,13.4196494,https://www.google.com/maps/place/The+Bar+Marqu%C3%A9s/data=!4m2!3m1!1s0x47a84fcb0a07be4b:0xf8e8271fc8262e6a,The Bar Marqués,bar,favorite,true
Berlin,52.531499999999994,13.3884999,https://www.google.com/maps/place/The+Castle+Berlin+Mitte/data=!4m2!3m1!1s0x47a852216a8c13b9:0xa407d02e7d669453,The Castle Berlin Mitte,bar,favorite,
Berlin,52.484925999999994,13.4375655,https://www.google.com/maps/place/TiER/data=!4m2!3m1!1s0x47a84fa561a02539:0x38b0e0d7a06774eb,TiER,bar,favorite,
Berlin,52.473072099999996,13.454690000000001,https://www.google.com/maps/place/Torte/data=!4m2!3m1!1s0x47a84f6a0b141bc1:0x89586c3d9c870cf7,Torte,bar,favorite,
Berlin,52.490052899999995,13.428729,https://www.google.com/maps/place/Truffle+Pig+Bar/data=!4m2!3m1!1s0x47a84fb6c0ce8267:0x2cef703ceb0a3980,Truffle Pig Bar,bar,favorite,
Berlin,52.4893311,13.420941499999998,https://www.google.com/maps/place/U+Bar/data=!4m2!3m1!1s0x47a84fdf3dd00c3f:0x8aec2cdccef21343,U Bar,bar,favorite,
Berlin,52.4789825,13.438456799999999,https://www.google.com/maps/place/Velvet/data=!4m2!3m1!1s0x47a84fa3f3ae3589:0x609820859715900e,Velvet,bar,favorite,
Berlin,52.48206409999999,13.425112299999997,https://www.google.com/maps/place/Villa+Neuk%C3%B6lln/data=!4m2!3m1!1s0x47a84fb9437a40cf:0x9d7b0970b8991ad8,Villa Neukölln,bar,favorite,
Berlin,52.488175600000005,13.429861399999997,https://www.google.com/maps/place/Wax+On+Bar/data=!4m2!3m1!1s0x47a84f118de80031:0xbbe7c08deead9606,Wax On Bar,bar,favorite,
Berlin,52.533653699999995,13.4025479,https://www.google.com/maps/place/Weinerei+Forum+Weinbar/data=!4m2!3m1!1s0x47a851fb3bac718d:0x37cfdd049ce6ef94,Weinerei Forum Weinbar,bar,favorite,
Berlin,52.484268799999995,13.439455899999999,https://www.google.com/maps/place/Wild+Things+Weinbar/data=!4m2!3m1!1s0x47a84fa583f680e1:0xa95dad4427ff0a5b,Wild Things Weinbar,bar,favorite,true
Berlin,52.560866499999996,13.372937199999997,https://www.google.com/maps/place/Wilma/data=!4m2!3m1!1s0x47a85225bc97e04d:0x233e194b04126360,Wilma,bar,favorite,
Berlin,52.5434719,13.4192195,https://www.google.com/maps/place/Wohnzimmerbar/data=!4m2!3m1!1s0x47a84dff8531db91:0xda59364153e9aa3a,Wohnzimmerbar,bar,favorite,
Berlin,52.501079999999995,13.4166468,https://www.google.com/maps/place/W%C3%BCrgeengel/data=!4m2!3m1!1s0x47a84e33abc873fb:0x16beb4f201ef1eab,Würgeengel,bar,favorite,
Berlin,52.475004899999995,13.443744299999997,https://www.google.com/maps/place/Zosse+%E2%80%A2+Bar+%2F+Biergarten/data=!4m2!3m1!1s0x47a84fc805fb3923:0x91f825e111b19b17,Zosse • Bar / Biergarten,bar,favorite,
Berlin,52.4923317,13.4260795,https://www.google.com/maps/place/Zum+b%C3%B6hmischen+Dorf/data=!4m2!3m1!1s0x47a84fb5dc90a49b:0xfb465fd9da983c4c,Zum böhmischen Dorf,bar,favorite,
Berlin,52.54408230000001,13.369342099999999,https://www.google.com/maps/place/Zum+Magendoktor/data=!4m2!3m1!1s0x47a851864e94a919:0xf3e9209254f4410b,Zum Magendoktor,bar,favorite,
Berlin,52.482204599999996,13.425072199999997,https://www.google.com/maps/place/Zweiners/data=!4m2!3m1!1s0x47a84fe57993803f:0x22fb60088fa1bce6,Zweiners,bar,favorite,
Berlin,52.551608599999994,13.381682399999997,https://www.google.com/maps/place/%C3%96tschis+Bar/data=!4m2!3m1!1s0x47a852241942e6a1:0xb03360a5aec4e78a,Ötschis Bar,bar,favorite,true
Berlin,52.4714215,13.4426435,https://www.google.com/maps/place/%CE%A9+Bar+-+Omega+Bar/data=!4m2!3m1!1s0x47a84f9fc66fe90b:0x4983cc705610813f,Ω Bar - Omega Bar,bar,favorite,
Berlin,52.51133,13.397019999999998,https://www.google.com/maps/place/Billard+Cafe+Leipziger/data=!4m2!3m1!1s0x47a851d77d56b025:0x1e1e41e91f777a27,Billard Cafe Leipziger,cafe,favorite,
Berlin,52.540899200000005,13.350841999999998,https://www.google.com/maps/place/Cafe+Rosa/data=!4m2!3m1!1s0x47a85179acb3aa2d:0xd3c15196371eae1b,Cafe Rosa,cafe,favorite,true
Berlin,52.5129386,13.320138799999999,https://www.google.com/maps/place/Cafeteria+TU+%22Skyline%22/data=!4m2!3m1!1s0x47a8511c4684efe9:0x739b01dda326364e,"Cafeteria TU ""Skyline""",cafe,favorite,true
Berlin,52.5048428,13.394245100000001,https://www.google.com/maps/place/Cee+Cee+Cafe/data=!4m2!3m1!1s0x47a8516ebd0ead6f:0xea7e36c041d2bfd5,Cee Cee Cafe,cafe,favorite,true
Berlin,52.5097467,13.4223268,https://www.google.com/maps/place/Concierge+Coffee/data=!4m2!3m1!1s0x47a84f2a6c00d5cd:0x13adc9640c72fa70,Concierge Coffee,cafe,favorite,true
Berlin,52.479875,13.4248527,https://www.google.com/maps/place/Lonely+Hearts+Cafe/data=!4m2!3m1!1s0x47a84fdb522b5007:0x3589bf33b39d7b14,Lonely Hearts Cafe,cafe,favorite,true
Berlin,52.4989448,13.430606399999997,https://www.google.com/maps/place/Mano+Cafe/data=!4m2!3m1!1s0x47a84e4afa3b0943:0xad5aa7042b240767,Mano Cafe,cafe,favorite,
Berlin,52.48806570000001,13.3748271,"https://www.google.com/maps/place/monu+-+coffee,+wine+%26+snacks/data=!4m2!3m1!1s0x47a8510aac10823f:0xd5dd5a7cb295a36c","monu - coffee, wine & snacks",cafe,favorite,
Berlin,52.4994648,13.4275996,https://www.google.com/maps/place/Refinery+Specialty+Coffee+Store/data=!4m2!3m1!1s0x47a84e4a81358321:0xb9299a25d4c593a,Refinery Specialty Coffee Store,cafe,favorite,true
Berlin,52.5055292,13.324220799999999,https://www.google.com/maps/place/Schwarzes+Cafe/data=!4m2!3m1!1s0x47a850fce5ce5bab:0xa8a4d9f2686b6fab,Schwarzes Cafe,cafe,favorite,
Berlin,52.4928375,13.428271200000001,https://www.google.com/maps/place/The+Rad+-+Natural+Wine+Bar+%26+Cafe/data=!4m2!3m1!1s0x47a84fb8d99d957b:0xd0af236b6028ce84,The Rad - Natural Wine Bar & Cafe,cafe,favorite,
Berlin,52.5472069,13.358222699999999,https://www.google.com/maps/place/The+Visit+Coffee/data=!4m2!3m1!1s0x47a851801f2f905b:0xe2c756aa8d4c1ac4,The Visit Coffee,cafe,favorite,true
Berlin,52.502057,13.4324592,https://www.google.com/maps/place/V%C3%B6gelchen+Cafe+Bar/data=!4m2!3m1!1s0x47a84e497e659a97:0x4c2465cb42a82568,Vögelchen Cafe Bar,cafe,favorite,true
Berlin,52.5097788,13.4581611,https://www.google.com/maps/place/Yume-+Japanese+Cafe+%26+Diner/data=!4m2!3m1!1s0x47a84f00649bc819:0xeb587e9b752f0c38,Yume- Japanese Cafe & Diner,cafe,favorite,
Berlin,52.5025323,13.466372800000002,https://www.google.com/maps/place/:%2F%2Fabout+blank/data=!4m2!3m1!1s0x47a84ef9ee28277f:0x9ba3bce436e2b6ae,://about blank,club,favorite,
Berlin,52.533521199999996,13.4009005,https://www.google.com/maps/place/ACUD+Theater/data=!4m2!3m1!1s0x47a8517189244c4d:0x4cb10e780e0cd5d3,ACUD Theater,club,favorite,
Berlin,52.531517,13.411790499999999,https://www.google.com/maps/place/Bassy+Club/data=!4m2!3m1!1s0x47a851fd55d794b9:0xd91dc99989390c6e,Bassy Club,club,favorite,true
Berlin,52.51106910000001,13.442994500000001,https://www.google.com/maps/place/Berghain+%7C+Panorama+Bar/data=!4m2!3m1!1s0x47a84e438bc65e9f:0x6bf6d41ba1fc757c,Berghain | Panorama Bar,club,favorite,
Berlin,52.5001581,13.443260800000001,https://www.google.com/maps/place/Black+Poodle+Ice+Cream+Club/data=!4m2!3m1!1s0x47a84e5206601969:0xb564d51cf5faa79c,Black Poodle Ice Cream Club,club,favorite,true
Berlin,52.4687471,13.4340959,https://www.google.com/maps/place/Club+Mud+Berlin/data=!4m2!3m1!1s0x47a84f9be4a40001:0x960db813b70e5790,Club Mud Berlin,club,favorite,
Berlin,52.540633799999995,13.249027900000002,https://www.google.com/maps/place/Cowboy+Club+Old+Texas+Berlin+1950+e.V./data=!4m2!3m1!1s0x47a85693264af3c7:0xd00fd1b1db372bac,Cowboy Club Old Texas Berlin 1950 e.V.,club,favorite,
Berlin,52.4949372,13.462252000000001,https://www.google.com/maps/place/Else+OpenAir-Club+%26+Biergarten/data=!4m2!3m1!1s0x47a84efe6f490ee3:0xbb720851c71356f4,Else OpenAir-Club & Biergarten,club,favorite,
Berlin,52.488608600000006,13.422583,https://www.google.com/maps/place/FICKEN+3000/data=!4m2!3m1!1s0x47a84fb7c3e83959:0xbf104cb79b12cc6c,FICKEN 3000,club,favorite,
Berlin,52.531885599999995,13.411878000000002,https://www.google.com/maps/place/Frank+Caf%C3%A9/data=!4m2!3m1!1s0x47a851afccbb6b91:0x4cf6598425cabe94,Frank Café,club,favorite,true
Berlin,52.5159496,13.417068300000002,https://www.google.com/maps/place/Golden+Gate/data=!4m2!3m1!1s0x47a84fbbda7f045d:0xc62d197ae575e60f,Golden Gate,club,favorite,
Berlin,52.501148300000004,13.4166194,https://www.google.com/maps/place/Gorgonzola+Club/data=!4m2!3m1!1s0x47a84e33ab7da2e3:0x7d4d5200e037e1f2,Gorgonzola Club,club,favorite,
Berlin,52.5381019,13.3275524,https://www.google.com/maps/place/Heidegl%C3%BChen/data=!4m2!3m1!1s0x47a85181c4e515f9:0xf09247161115210b,Heideglühen,club,favorite,
Berlin,52.5443942,13.378539400000001,https://www.google.com/maps/place/Humboldthain+Club/data=!4m2!3m1!1s0x47a8518991e8afad:0x7340195fb5c93dc4,Humboldthain Club,club,favorite,
Berlin,52.497429600000004,13.450915300000002,https://www.google.com/maps/place/Ipse/data=!4m2!3m1!1s0x47a84e54436186ab:0x491ee326e69fd7f4,Ipse,club,favorite,
Berlin,52.503639299999996,13.458942999999998,https://www.google.com/maps/place/N%C3%85POLEON+KOMPLEX/data=!4m2!3m1!1s0x47a84fe85ae74365:0x2ddf535d98bf5f80,NÅPOLEON KOMPLEX,club,favorite,
Berlin,52.51049629999999,13.420219599999998,https://www.google.com/maps/place/OHM/data=!4m2!3m1!1s0x47a84e3ae53c6233:0x7d8531656bfc43a0,OHM,club,favorite,
Berlin,52.5077644,13.474745200000001,https://www.google.com/maps/place/OXI+%26+OXI+Garten/data=!4m2!3m1!1s0x47a84f3716885785:0xf4f42513df6ca548,OXI & OXI Garten,club,favorite,
Berlin,52.49931780000001,13.418987399999999,https://www.google.com/maps/place/Paloma/data=!4m2!3m1!1s0x47a84e335e237cd3:0x1b58b7096ae2e00c,Paloma,club,favorite,
Berlin,52.5028492,13.407881600000003,https://www.google.com/maps/place/Ritter+Butzke/data=!4m2!3m1!1s0x47a84e2c6c6d5aa5:0xe6c2573ac8bc325f,Ritter Butzke,club,favorite,
Berlin,52.459889999999994,13.505479999999997,https://www.google.com/maps/place/RSO.BERLIN/data=!4m2!3m1!1s0x47a84f0c55015f7d:0x629bd0ee79cf4f08,RSO.BERLIN,club,favorite,
Berlin,52.477846899999996,13.439343099999999,https://www.google.com/maps/place/Sameheads/data=!4m2!3m1!1s0x47a84fa3de69939f:0x48780735b01319ad,Sameheads,club,favorite,
Berlin,52.4794165,13.433768199999998,https://www.google.com/maps/place/SchwuZ/data=!4m2!3m1!1s0x47a84fa3455cc987:0x769596c74300f925,SchwuZ,club,favorite,
Berlin,52.493227100000006,13.491902900000001,https://www.google.com/maps/place/Sisyphos+Nightclub/data=!4m2!3m1!1s0x47a84edee9d20aa7:0x3587c2ca47fc0903,Sisyphos Nightclub,club,favorite,
Berlin,52.4997024,13.262822399999997,https://www.google.com/maps/place/Tennis+club+SCC+Berlin+e.V./data=!4m2!3m1!1s0x47a8573144167d99:0x71e9b91a8a817cee,Tennis club SCC Berlin e.V.,club,favorite,
Berlin,52.5107462,13.4193396,https://www.google.com/maps/place/Tresor+Berlin+I+Club+%26+label/data=!4m2!3m1!1s0x47a84e3ac6dccb67:0xebef299c30508423,Tresor Berlin I Club & label,club,favorite,
Berlin,52.493024299999995,13.3872097,https://www.google.com/maps/place/Zur+Klappe/data=!4m2!3m1!1s0x47a85028dc46a6d7:0xc6c25e64ba035e4c,Zur Klappe,club,favorite,
Berlin,52.4976865,13.449804699999998,https://www.google.com/maps/place/%C3%86den/data=!4m2!3m1!1s0x47a84fcd334e155d:0x4800596eb583e485,Æden,club,favorite,
Berlin,52.50601729999999,13.341022599999997,https://www.google.com/maps/place/Aquarium+Berlin/data=!4m2!3m1!1s0x47a851aabdc86f69:0x6f120666c75e07fe,Aquarium Berlin,experience,favorite,
Berlin,52.5222875,13.378488899999999,https://www.google.com/maps/place/Baan-Nuad+Thaimassage/data=!4m2!3m1!1s0x47a851c0678307a5:0xbbeeecd855a9573c,Baan-Nuad Thaimassage,experience,favorite,
Berlin,52.4796219,13.432231199999997,https://www.google.com/maps/place/BERLIN+-+KART/data=!4m2!3m1!1s0x47a84530eb71ee75:0x74ad9731dfd9b030,BERLIN - KART,experience,favorite,
Berlin,52.507830299999995,13.3394157,https://www.google.com/maps/place/Berlin+Zoological+Garden/data=!4m2!3m1!1s0x47a851aabdc86f69:0x8139eb3ae980ae7e,Berlin Zoological Garden,experience,favorite,
Berlin,52.51730359999999,13.249993599999998,https://www.google.com/maps/place/Berliner+U-Bahn-Museum/data=!4m2!3m1!1s0x47a856dfd3f9e0ff:0xd62564e80c88dab1,Berliner U-Bahn-Museum,experience,favorite,
Berlin,52.4983833,13.433692299999999,https://www.google.com/maps/place/Black+Light+Mini+Golf+Berlin/data=!4m2!3m1!1s0x47a84e4d21f8ce8d:0xb2dda1a438e8e0f6,Black Light Mini Golf Berlin,experience,favorite,
Berlin,52.4848761,13.4291433,https://www.google.com/maps/place/Ceramic+Kingdom/data=!4m2!3m1!1s0x47a84fbcb3eea1b7:0xab672d8542154e6f,Ceramic Kingdom,experience,favorite,
Berlin,52.505797199999996,13.329943,https://www.google.com/maps/place/Delphi+LUX/data=!4m2!3m1!1s0x47a850fe7a22b9db:0x541bc00a63529f7,Delphi LUX,experience,favorite,
Berlin,52.525628100000006,13.4941593,https://www.google.com/maps/place/Fahrbereitschaft/data=!4m2!3m1!1s0x47a84e9bd96499b9:0x2183102409dcef99,Fahrbereitschaft,experience,favorite,
Berlin,52.504167699999996,13.423836299999998,https://www.google.com/maps/place/Freiluftkino+Kreuzberg/data=!4m2!3m1!1s0x47a84e3145f158b3:0x86b79ac2bfa4f43e,Freiluftkino Kreuzberg,experience,favorite,
Berlin,52.523931,13.374345000000002,https://www.google.com/maps/place/Futurium/data=!4m2!3m1!1s0x47a851bfc85f1a13:0xb06bf457dc8c0639,Futurium,experience,favorite,
Berlin,52.4940515,13.359200699999999,https://www.google.com/maps/place/Hochbunker+Pallasstra%C3%9Fe/data=!4m2!3m1!1s0x47a850487f529fcf:0xfde2eea4b2590b0c,Hochbunker Pallasstraße,experience,favorite,
Berlin,52.582729500000006,13.3117665,https://www.google.com/maps/place/JUMP+House+Reinickendorf/data=!4m2!3m1!1s0x47a85476476d33af:0x3aacc4f2efaabb5a,JUMP House Reinickendorf,experience,favorite,
Berlin,52.4358161,13.5478716,https://www.google.com/maps/place/Kino+Casablanca/data=!4m2!3m1!1s0x47a84e111d4c91a7:0xf7f8368990a3f52b,Kino Casablanca,experience,favorite,
Berlin,52.47589130000001,13.447335800000003,https://www.google.com/maps/place/Koyma+Traditionelle+Thail%C3%A4ndische+Massage/data=!4m2!3m1!1s0x47a84f0a6335e813:0xefced7d9f1ea23ae,Koyma Traditionelle Thailändische Massage,experience,favorite,
Berlin,52.468867200000005,13.434608299999999,https://www.google.com/maps/place/Kularb's+Massagen/data=!4m2!3m1!1s0x47a84f9bfb897e13:0xaa4ddb65d216c826,Kularb's Massagen,experience,favorite,
Berlin,52.5608447,13.461325599999997,https://www.google.com/maps/place/LaserTag.Berlin/data=!4m2!3m1!1s0x47a84f52a79abb5d:0x331effeb06b8696a,LaserTag.Berlin,experience,favorite,
Berlin,52.50975149999999,13.3722786,https://www.google.com/maps/place/LEGOLAND+Discovery+Centre+Berlin/data=!4m2!3m1!1s0x47a851947a55bbcd:0x8c08d625529692db,LEGOLAND Discovery Centre Berlin,experience,favorite,
Berlin,52.52007109999999,13.497496499999995,https://www.google.com/maps/place/MOBIKART+Fun+Racing+GmbH/data=!4m2!3m1!1s0x47a84c176c7d0ed1:0xf0cdc9c5560fbb5e,MOBIKART Fun Racing GmbH,experience,favorite,
Berlin,52.51004569999999,13.3873018,https://www.google.com/maps/place/Museum+for+Communication+Berlin/data=!4m2!3m1!1s0x47a851d033bf4ebf:0x5b6b655bba0c50f,Museum for Communication Berlin,experience,favorite,
Berlin,52.5315638,13.411739800000001,https://www.google.com/maps/place/Pfefferberg+Theater/data=!4m2!3m1!1s0x47a851fd53869769:0x4d14028c7af65eca,Pfefferberg Theater,experience,favorite,
Berlin,52.5056613,13.446063800000001,https://www.google.com/maps/place/Sandbox+VR+Berlin/data=!4m2!3m1!1s0x47a84f01c3e9549b:0x3538249691f84a53,Sandbox VR Berlin,experience,favorite,
Berlin,52.498797200000006,13.302375,https://www.google.com/maps/place/Schaub%C3%BChne/data=!4m2!3m1!1s0x47a850c29837c90b:0x334fbd955e4475f7,Schaubühne,experience,favorite,
Berlin,52.418328499999994,13.2871933,https://www.google.com/maps/place/Schwarzlicht-Insel+Berlin/data=!4m2!3m1!1s0x47a85bae81255979:0xe5132e478b0a259f,Schwarzlicht-Insel Berlin,experience,favorite,
Berlin,52.504296100000005,13.358217499999999,https://www.google.com/maps/place/Schwules+Museum/data=!4m2!3m1!1s0x47a8502627c84535:0xcd736ce22edb7533,Schwules Museum,experience,favorite,
Berlin,52.5175461,13.391762399999996,https://www.google.com/maps/place/Staatsbibliothek+zu+Berlin+-+Preu%C3%9Fischer+Kulturbesitz/data=!4m2!3m1!1s0x47a851c9f7da2c2b:0x810df1c9c3a7419f,Staatsbibliothek zu Berlin - Preußischer Kulturbesitz,experience,favorite,
Berlin,52.48643,13.445596599999998,https://www.google.com/maps/place/Studio+Roiii/data=!4m2!3m1!1s0x47a84f28ce6bd06b:0x70c81bb4a6a04cb6,Studio Roiii,experience,favorite,
Berlin,52.5107335,13.322784400000002,https://www.google.com/maps/place/the+temporary+bauhaus-archiv+%2F+museum+f%C3%BCr+gestaltung/data=!4m2!3m1!1s0x47a85163e52e2065:0xbc6e508342e8ee7a,the temporary bauhaus-archiv / museum für gestaltung,experience,favorite,
Berlin,52.4784162,13.447157099999998,https://www.google.com/maps/place/Ting+Traditionelle+Thaimassage+%26+Akupresur/data=!4m2!3m1!1s0x47a84fa7535fcd73:0x748ff85d7d7249b5,Ting Traditionelle Thaimassage & Akupresur,experience,favorite,
Berlin,52.4753286,13.522311499999999,https://www.google.com/maps/place/Antikflohmarkt+Trabrennbahn+Berlin+Karlshorst/data=!4m2!3m1!1s0x47a849b95bced419:0x66da9381a88a77f6,Antikflohmarkt Trabrennbahn Berlin Karlshorst,flea market,favorite,
Berlin,52.513940299999994,13.334273,https://www.google.com/maps/place/Berliner+Tr%C3%B6delmarkt/data=!4m2!3m1!1s0x47a8510382b226ab:0x6b3caa5dc8c1afb6,Berliner Trödelmarkt,flea market,favorite,
Berlin,52.466222699999996,13.437464799999999,https://www.google.com/maps/place/NK+Kranoldplatz+Flohmarkt/data=!4m2!3m1!1s0x47a84f7a4a2b143b:0x930d388fdcc4f84f,NK Kranoldplatz Flohmarkt,flea market,favorite,
Berlin,52.4942287,13.425843400000002,https://www.google.com/maps/place/Nowk%C3%B6lln+Flowmarkt/data=!4m2!3m1!1s0x47a84f9685d6d847:0xbe192b892a9adabb,Nowkölln Flowmarkt,flea market,favorite,
Berlin,52.52898630000001,13.406978899999999,https://www.google.com/maps/place/1976+Berlin/data=!4m2!3m1!1s0x47a851e254c5fa01:0xcef5f188656db887,1976 Berlin,shop,favorite,true
Berlin,52.5360225,13.3973189,https://www.google.com/maps/place/25books/data=!4m2!3m1!1s0x47a851f08ad1c2c1:0x3857d8bb7b382da2,25books,shop,favorite,true
Berlin,52.5254621,13.4046956,https://www.google.com/maps/place/Acne+Studios+Weinmeisterstrasse/data=!4m2!3m1!1s0x47a851e172784ba9:0x846ee6f1e3754f03,Acne Studios Weinmeisterstrasse,shop,favorite,true
Berlin,52.475605699999996,13.430282100000001,https://www.google.com/maps/place/AGORA+MITTELWEG+Coworking+Space+%26+Caf%C3%A9+Berlin+Neuk%C3%B6lln/data=!4m2!3m1!1s0x47a84fbd51f4db39:0x7676c36253e755cb,AGORA MITTELWEG Coworking Space & Café Berlin Neukölln,other,favorite,true
Berlin,52.455778599999995,13.3766402,https://www.google.com/maps/place/American+Lifestyle+-+US+Store+Berlin/data=!4m2!3m1!1s0x47a84554c208e5eb:0x45d2be671723c085,American Lifestyle - US Store Berlin,shop,favorite,true
Berlin,52.4911605,13.4147104,https://www.google.com/maps/place/Anderskorn/data=!4m2!3m1!1s0x47a84fcece5941f3:0x23fe34e15e142903,Anderskorn,shop,favorite,true
Berlin,52.5453407,13.373626299999998,https://www.google.com/maps/place/Anita+Berber/data=!4m2!3m1!1s0x47a85187ac2f1b21:0x724d541ce21db8ac,Anita Berber,bar,favorite,true
Berlin,52.480553300000004,13.421371,https://www.google.com/maps/place/B.HORN/data=!4m2!3m1!1s0x47a84fbf26fac197:0x191718d0b3204778,B.HORN,restaurant,favorite,true
Berlin,52.4985496,13.4179723,https://www.google.com/maps/place/babaleison/data=!4m2!3m1!1s0x47a84f27bdd499a9:0x4606a184c9ec3560,babaleison,restaurant,favorite,true
Berlin,52.480863600000006,13.434079700000002,https://www.google.com/maps/place/Bergklause/data=!4m2!3m1!1s0x47a84fbb4d809deb:0x28994de4d7ab70ef,Bergklause,bar,favorite,true
Berlin,52.4761022,13.4326742,https://www.google.com/maps/place/Bergschloss/data=!4m2!3m1!1s0x47a84fa2c09717ed:0x1be66774e8c4178c,Bergschloss,bar,favorite,true
Berlin,52.4810459,13.425267499999999,https://www.google.com/maps/place/Berlin+Tantuni/data=!4m2!3m1!1s0x47a84fb95482ccff:0xa571a42b4855a43b,Berlin Tantuni,restaurant,favorite,
Berlin,52.486484,13.430950099999999,https://www.google.com/maps/place/Berlinburger+International/data=!4m2!3m1!1s0x47a84fb09074cdcd:0xdbb4649be7a5d4b3,Berlinburger International,restaurant,favorite,
Berlin,52.5322296,13.393081299999999,https://www.google.com/maps/place/Bourbon+Dogs/data=!4m2!3m1!1s0x47a84e4b1927e659:0xdfa739dfa78f69b7,Bourbon Dogs,other,favorite,true
Berlin,52.4913053,13.428218799999998,https://www.google.com/maps/place/Burrito+Baby/data=!4m2!3m1!1s0x47a84fb69db50e6b:0x177c2f11ea6ba9b6,Burrito Baby,restaurant,favorite,
Berlin,52.486984400000004,13.4307511,https://www.google.com/maps/place/Butter+%26+Korn/data=!4m2!3m1!1s0x47a84f50b01b94ff:0xb1f08f455f5c97a3,Butter & Korn,bar,favorite,true
Berlin,52.4914059,13.3832103,https://www.google.com/maps/place/by+Fenna+Lang/data=!4m2!3m1!1s0x47a851d2e7a553e5:0x67b03b5a2e2c2a8b,by Fenna Lang,nail salon,favorite,
Berlin,52.48325,13.446745499999997,https://www.google.com/maps/place/Cabslam/data=!4m2!3m1!1s0x47a84fa7cdfbc153:0x48541ff34f30173c,Cabslam,restaurant,favorite,true
Berlin,52.49393870000001,13.4187578,https://www.google.com/maps/place/Caf%C3%A9+Datscha+Kreuzberg/data=!4m2!3m1!1s0x47a84fcbc0045e91:0xe7fd7b7b24d05b31,Café Datscha Kreuzberg,restaurant,favorite,true
Berlin,52.495443699999996,13.4178449,https://www.google.com/maps/place/Caf%C3%A9+Mugrabi/data=!4m2!3m1!1s0x47a84e4ce2e17d2b:0x8b30ed997de94c9e,Café Mugrabi,cafe,favorite,true
Berlin,52.5406058,13.419372599999997,https://www.google.com/maps/place/Caf%C3%A9+Suicide+Sue/data=!4m2!3m1!1s0x47a84e0065275423:0x76472b9c0e1b62e1,Café Suicide Sue,cafe,favorite,true
Berlin,52.4951061,13.4175463,https://www.google.com/maps/place/Candy+On+Bone/data=!4m2!3m1!1s0x47a84fcb812d459d:0xd2884cb78a9993aa,Candy On Bone,restaurant,favorite,true
Berlin,52.48124180000001,13.4251496,https://www.google.com/maps/place/CHIX+Fried+Chicken/data=!4m2!3m1!1s0x47a84f47b97bcd67:0x7e1fb22cffb34995,CHIX Fried Chicken,restaurant,favorite,true
Berlin,52.4904869,13.435770999999997,https://www.google.com/maps/place/Christa+Kupfer/data=!4m2!3m1!1s0x47a84fcdf5e878f1:0x435066a60226f55d,Christa Kupfer,club,favorite,true
Berlin,52.506432,13.392965,https://www.google.com/maps/place/Chupenga+Burritos+%26+Salads/data=!4m2!3m1!1s0x47a851d6a3ffb2e7:0x76b522c48c123569,Chupenga Burritos & Salads,restaurant,favorite,true
Berlin,52.5356029,13.4228947,https://www.google.com/maps/place/CK+Caf%C3%A9/data=!4m2!3m1!1s0x47a84e041cdf1005:0x46e79b9f07907f36,CK Café,cafe,favorite,true
Berlin,52.5404574,13.422433499999999,https://www.google.com/maps/place/Cookies+%26+Co/data=!4m2!3m1!1s0x47a84e00a2e76081:0xc6c37d97768375ea,Cookies & Co,bakery,favorite,true
Berlin,52.503111499999996,13.409961099999999,https://www.google.com/maps/place/CRACKBUNS/data=!4m2!3m1!1s0x47a85138e5299f09:0xcb47ccd0a4686882,CRACKBUNS,restaurant,favorite,true
Berlin,52.4835709,13.440799199999997,https://www.google.com/maps/place/CRAZY+BASTARD+KITCHEN/data=!4m2!3m1!1s0x47a84fa859ddf7f5:0xc03f5d2b61111784,CRAZY BASTARD KITCHEN,shop,favorite,true
Berlin,52.5470829,13.408733699999999,https://www.google.com/maps/place/Dan's+Dim+Sum/data=!4m2!3m1!1s0x47a8520399adfbe9:0x74078271ea2f4876,Dan's Dim Sum,restaurant,favorite,true
Berlin,52.54548,13.41666,https://www.google.com/maps/place/Das+Institut/data=!4m2!3m1!1s0x47a853a58c170ce1:0x7721fe85fc6b8b37,Das Institut,other,favorite,true
Berlin,52.5322746,13.340639399999997,https://www.google.com/maps/place/Dicker+Engel/data=!4m2!3m1!1s0x47a8517397d44539:0x7c1bc1da191a2dfe,Dicker Engel,restaurant,favorite,true
Berlin,52.495432799999996,13.417834299999999,https://www.google.com/maps/place/DIE+BRODST%C3%84TTE+(aka+THE+BREAD+STATION)/data=!4m2!3m1!1s0x47a84fb59bd123d3:0x4c831c944a9fd99b,DIE BRODSTÄTTE (aka THE BREAD STATION),bakery,favorite,true
Berlin,52.540945,13.410722999999999,https://www.google.com/maps/place/Dr.+Pong/data=!4m2!3m1!1s0x47a851ff48c041ff:0xca1886377d4ceaa5,Dr. Pong,bar,favorite,true
Berlin,52.5310898,13.4266131,https://www.google.com/maps/place/Dream+Baby+Dream/data=!4m2!3m1!1s0x47a84f9a62991bbb:0xb8560183cd0309de,Dream Baby Dream,bar,favorite,true
Berlin,52.5293135,13.399922000000002,https://www.google.com/maps/place/DUDU/data=!4m2!3m1!1s0x47a851e44e1a5c51:0xb4a0daf1be0c2d13,DUDU,restaurant,favorite,true
Berlin,52.52967400000001,13.398862200000002,https://www.google.com/maps/place/East+%26+Eden/data=!4m2!3m1!1s0x47a851e5ae016147:0xd953cda3fc5480b6,East & Eden,cafe,favorite,true
Berlin,52.480564599999994,13.4391573,https://www.google.com/maps/place/Eat+Meat/data=!4m2!3m1!1s0x47a84fa1e60d4abd:0x3d3057e8cdfa55bc,Eat Meat,restaurant,favorite,true
Berlin,52.50687665,13.424753449999997,https://www.google.com/maps/place/Effy+Nails/data=!4m2!3m1!1s0x47a84fcae06800ff:0x6c6368078327d54b,Effy Nails,nail salon,favorite,
Berlin,52.5041964,13.435178800000001,https://www.google.com/maps/place/EhemalsRichard/data=!4m2!3m1!1s0x47a84e491ff6594d:0x4f610fcdb75730b2,EhemalsRichard,restaurant,favorite,true
Berlin,52.4991354,13.4298953,https://www.google.com/maps/place/EIGENGRAU/data=!4m2!3m1!1s0x47a84f542f0b4ff9:0x7a56fbb898ed933a,EIGENGRAU,bar,favorite,true
Berlin,52.527153,13.3858928,https://www.google.com/maps/place/einsunternull/data=!4m2!3m1!1s0x47a851ebdcf5b4ff:0xb74d80ffd71649ca,einsunternull,restaurant,favorite,true
Berlin,52.5102476,13.453928800000002,https://www.google.com/maps/place/ENDAYZ+-+Streetwear+and+more/data=!4m2!3m1!1s0x47a84e5c0aa6242b:0x8c9865c55a20bfc7,ENDAYZ - Streetwear and more,nail salon,favorite,true
Berlin,52.5446886,13.3680205,https://www.google.com/maps/place/ernst/data=!4m2!3m1!1s0x47a85186ff78163d:0x37bdb7159cb7a8f6,ernst,restaurant,favorite,true
Berlin,52.541957599999996,13.354944000000001,https://www.google.com/maps/place/Ernst+Gastro+GmbH/data=!4m2!3m1!1s0x47a8517898ab6e91:0x8583d4f351b2f401,Ernst Gastro GmbH,bar,favorite,true
Berlin,52.525979199999995,13.4126635,https://www.google.com/maps/place/Euphoria+Studio/data=!4m2!3m1!1s0x47a84fc7b8982411:0x26aaa757e7cf9d62,Euphoria Studio,nail salon,favorite,
Berlin,52.5059256,13.432755,https://www.google.com/maps/place/Exil+Wohnmagazin/data=!4m2!3m1!1s0x47a84e4857f126f7:0x4f6947366644cb0a,Exil Wohnmagazin,shop,favorite,true
Berlin,52.499340399999994,13.424274100000002,https://www.google.com/maps/place/Farbfernseher/data=!4m2!3m1!1s0x47a84e35101286b5:0x9a82eff1d7c48e10,Farbfernseher,club,favorite,true
Berlin,52.542598999999996,13.356381899999997,https://www.google.com/maps/place/Feiner+Hubert/data=!4m2!3m1!1s0x47a851820541c05b:0x11fc2d2f418925df,Feiner Hubert,restaurant,favorite,true
Berlin,52.52837429999999,13.393950399999998,https://www.google.com/maps/place/FREA/data=!4m2!3m1!1s0x47a85111316f39c5:0x168aa62f90f8231c,FREA,restaurant,favorite,true
Berlin,52.49393179999999,13.4374785,https://www.google.com/maps/place/Freddy+Fey%E2%80%99s+Fish%26Fries/data=!4m2!3m1!1s0x47a84f24e96f36e7:0xdb66fdbc024a6642,Freddy Fey’s Fish&Fries,restaurant,favorite,true
Berlin,52.503935299999995,13.339762499999997,https://www.google.com/maps/place/Frizza+Bistro+%26+Caf%C3%A9/data=!4m2!3m1!1s0x47a85121b4a6d40d:0x18c096266dbe0ea5,Frizza Bistro & Café,restaurant,favorite,true
Berlin,52.488140699999995,13.429953300000001,https://www.google.com/maps/place/Fuchs+%26+Elster/data=!4m2!3m1!1s0x47a84fb0d0feaad3:0xe8412ededda7aed,Fuchs & Elster,restaurant,favorite,true
Berlin,52.5017573,13.351895000000003,https://www.google.com/maps/place/Garage/data=!4m2!3m1!1s0x47a8504d8d12471d:0x4b62339c4e06af,Garage,shop,favorite,true
Berlin,52.4803644,13.442322899999999,https://www.google.com/maps/place/Getr%C3%A4nke+Hoffmann/data=!4m2!3m1!1s0x47a84fa6bd86fe33:0x340a64672c1f5520,Getränke Hoffmann,shop,favorite,true
Berlin,52.5075097,13.326405699999999,https://www.google.com/maps/place/GLASS/data=!4m2!3m1!1s0x47a850fd744e2049:0x8ab26fb1334f3d1b,GLASS,restaurant,favorite,true
Berlin,52.5042318,13.307130899999999,https://www.google.com/maps/place/GOHAN/data=!4m2!3m1!1s0x47a8513cf983f21b:0x983264315bb4eba5,GOHAN,restaurant,favorite,true
Berlin,52.501015300000006,13.3178101,https://www.google.com/maps/place/Grosz/data=!4m2!3m1!1s0x47a850e518bf636b:0x843a797420b0643,Grosz,restaurant,favorite,true
Berlin,52.50891,13.372910000000001,https://www.google.com/maps/place/Habitat/data=!4m2!3m1!1s0x47a851c98635b7e1:0xfb101ece463a2dec,Habitat,shop,favorite,true
Berlin,52.5437544,13.415877499999999,https://www.google.com/maps/place/Hanage+-+Japanese+Okonomiyaki/data=!4m2!3m1!1s0x47a852005ccb89ad:0x60bf81fbbcc4f200,Hanage - Japanese Okonomiyaki,restaurant,favorite,true
Berlin,52.5279687,13.4029988,https://www.google.com/maps/place/Hashi+Izakaya+%26+Japanese+Kitchen/data=!4m2!3m1!1s0x47a851e3f3df823d:0xb03c5d510da3e7d1,Hashi Izakaya & Japanese Kitchen,restaurant,favorite,true
Berlin,52.484496299999996,13.434908799999995,https://www.google.com/maps/place/Heat+%26+Beat/data=!4m2!3m1!1s0x47a84fbaad467865:0x6c83f543986f1cb,Heat & Beat,restaurant,favorite,true
Berlin,52.535160999999995,13.419196299999998,https://www.google.com/maps/place/HEIDE's/data=!4m2!3m1!1s0x47a84e03c4e1756b:0x5bab2516b56735eb,HEIDE's,cafe,favorite,true
Berlin,52.5486111,13.4563889,https://www.google.com/maps/place/Herbert%E2%80%99s+Eck/data=!4m2!3m1!1s0x47a84dc331ba4e5f:0xf2513651b04119fa,Herbert’s Eck,bar,favorite,true
Berlin,52.4854421,13.442085599999999,https://www.google.com/maps/place/Herbie+Unverpackt+Neuk%C3%B6lln/data=!4m2!3m1!1s0x47a84f649673455d:0xaf5d303c7ebebfaa,Herbie Unverpackt Neukölln,shop,favorite,true
Berlin,52.529472299999995,13.402151,https://www.google.com/maps/place/HERMANN'S+Berlin/data=!4m2!3m1!1s0x47a851e463946c27:0xf05d77e4d26e854,HERMANN'S Berlin,restaurant,favorite,true
Berlin,52.5418781,13.393543799999998,https://www.google.com/maps/place/Hirsch+%26+Hase/data=!4m2!3m1!1s0x47a85112056046f7:0x8f2c5ac911a4eeee,Hirsch & Hase,bar,favorite,true
Berlin,52.5029369,13.407577999999999,https://www.google.com/maps/place//data=!4m2!3m1!1s0x47a84e2c43bfc9bb:0xa63573bfe4222da9,St.Georg Berlin Kreuzberg E.V.,club,favorite,true
Berlin,52.4832742,13.4374431,https://www.google.com/maps/place//data=!4m2!3m1!1s0x47a84fa50d443be9:0xe07ed9f59718a2a1,Industry Standard,restaurant,favorite,true
Berlin,52.49095969999999,13.435224199999999,https://www.google.com/maps/place//data=!4m2!3m1!1s0x47a84fbb202e4783:0x9bbbc327d97f7f9c,Victoria Tacos,restaurant,favorite,
Berlin,52.496095399999994,13.42213,https://www.google.com/maps/place//data=!4m2!3m1!1s0x47a84fcae0b04909:0xc8c7ff57115fa54b,La Perla Oyster Bar,bar,favorite,true
Berlin,52.502154600000004,13.411231299999997,https://www.google.com/maps/place//data=!4m2!3m1!1s0x47a851e313d42289:0x67b93d6a7c807f8d,YAFO,restaurant,favorite,true
Berlin,52.5335703,13.3710063,https://www.google.com/maps/place/Hundesalon+Paws+and+Tails+Mitte/data=!4m2!3m1!1s0x47a851fec79dd8b5:0x73431718017dd6d3,Hundesalon Paws and Tails Mitte,other,favorite,
Berlin,52.528934299999996,13.4071584,https://www.google.com/maps/place/isla+Berlin/data=!4m2!3m1!1s0x47a84e25a58a0d0b:0xc9fcc6ea5a69a500,isla Berlin,nail salon,favorite,true
Berlin,52.490665299999996,13.4907715,https://www.google.com/maps/place/Jackie+O/data=!4m2!3m1!1s0x47a84edf6dbe7e2b:0xbed084ee59e403c9,Jackie O,bar,favorite,true
Berlin,52.5151633,13.410242899999998,https://www.google.com/maps/place/Johanenlies/data=!4m2!3m1!1s0x47a851e3d2962507:0x2c4a1c3fd9b9d7c5,Johanenlies,shop,favorite,true
Berlin,52.499367,13.433860999999998,https://www.google.com/maps/place/John+Muir/data=!4m2!3m1!1s0x47a84e4b8450b267:0x1161996bb14a4a93,John Muir,bar,favorite,true
Berlin,52.5655602,13.406144399999999,https://www.google.com/maps/place/Jones+Fischladen/data=!4m2!3m1!1s0x47a8526ca43a1b07:0x34f814ffc200fd1c,Jones Fischladen,other,favorite,true
Berlin,52.487415899999995,13.431054500000002,https://www.google.com/maps/place/Jungbusch+Berlin/data=!4m2!3m1!1s0x47a84fb0e99e1a3d:0xfbd037123c52590f,Jungbusch Berlin,bar,favorite,true
Berlin,52.462472399999996,13.459820200000001,https://www.google.com/maps/place/Komponentenkontor+Berlin+GmbH/data=!4m2!3m1!1s0x47a8572a9599ed03:0x871ae30e7c31ca30,Komponentenkontor Berlin GmbH,other,favorite,
Berlin,52.5287904,13.3974753,https://www.google.com/maps/place/Kopps/data=!4m2!3m1!1s0x47a851e5e9e5282d:0xf0621735e2b74b11,Kopps,restaurant,favorite,true
Berlin,52.49958289999999,13.4293672,https://www.google.com/maps/place/Kumpel+%26+Keule+Speisewirtschaft/data=!4m2!3m1!1s0x47a84e4a5e31ec59:0xc568ea67c2aed9de,Kumpel & Keule Speisewirtschaft,restaurant,favorite,true
Berlin,52.4751286,13.4395843,https://www.google.com/maps/place/K%C3%B6fteci+Murat/data=!4m2!3m1!1s0x47a84f9bcf087425:0x67a4bfc282612c49,Köfteci Murat,restaurant,favorite,true
Berlin,52.5365988,13.407340799999998,https://www.google.com/maps/place/K%C3%BCnstlerbedarf+K%C3%BCnstlermagazin/data=!4m2!3m1!1s0x47a851fc0c3bdb87:0x71cd0815faa83b59,Künstlerbedarf Künstlermagazin,shop,favorite,true
Berlin,52.487905399999995,13.390423499999997,https://www.google.com/maps/place/La+Bourriche/data=!4m2!3m1!1s0x47a84f803c0e14ff:0x876a2d656ada98b6,La Bourriche,art,favorite,true
Berlin,52.4812997,13.430011399999998,https://www.google.com/maps/place/La+Malo/data=!4m2!3m1!1s0x47a84f8acd51241b:0x44ae0f0b7285a638,La Malo,restaurant,favorite,true
Berlin,52.497949999999996,13.450309999999998,https://www.google.com/maps/place/LAB+Kitchen/data=!4m2!3m1!1s0x47a84e547101b803:0xace17e256cb8314c,LAB Kitchen,restaurant,favorite,true
Berlin,52.48130999999999,13.430134,https://www.google.com/maps/place/Les+Papilles/data=!4m2!3m1!1s0x47a84fbb7a005065:0x8bfd7619bd24d78,Les Papilles,restaurant,favorite,true
Berlin,52.52839139999999,13.4103888,https://www.google.com/maps/place/Lode+%26+Stijn/data=!4m2!3m1!1s0x47a84fb56e2fd275:0x1abfccab587fde1a,Lode & Stijn,restaurant,favorite,true
Berlin,52.48750570000001,13.373741100000002,https://www.google.com/maps/place/LOK6/data=!4m2!3m1!1s0x47a8503b57688d65:0x356bf0140efcea7a,LOK6,restaurant,favorite,true
Berlin,52.4690565,13.436598000000002,https://www.google.com/maps/place/Lovely+Day+-+Clean+Beauty+Store/data=!4m2!3m1!1s0x47a84f9ea6eeaaab:0xa110e53c8c976ee4,Lovely Day - Clean Beauty Store,shop,favorite,true
Berlin,52.495613999999996,13.4293692,https://www.google.com/maps/place/Mandy's/data=!4m2!3m1!1s0x47a84fb4e019eccf:0xb2995c19f798ac63,Mandy's,other,favorite,true
Berlin,52.4987274,13.442771500000001,https://www.google.com/maps/place/MARIA/data=!4m2!3m1!1s0x47a84e52709760d5:0x657ad3ad09c81f05,MARIA,restaurant,favorite,true
Berlin,52.53358,13.422579999999998,https://www.google.com/maps/place/Medusa+Berlin/data=!4m2!3m1!1s0x47a85181e7e0d37f:0x8b9465aa98583fd,Medusa Berlin,nail salon,favorite,
Berlin,52.48725209999999,13.431004299999998,https://www.google.com/maps/place/Men+Men+Ramen+House/data=!4m2!3m1!1s0x47a84fb0e9859ad9:0xcc250292865b364c,Men Men Ramen House,restaurant,favorite,true
Berlin,52.480610399999996,13.4281577,https://www.google.com/maps/place/Middle/data=!4m2!3m1!1s0x47a84fa08d6c0e33:0x7226fc9bd4d8266c,Middle,other,favorite,true
Berlin,52.545040300000004,13.369138699999999,https://www.google.com/maps/place/Mirage+Bistrot/data=!4m2!3m1!1s0x47a85187a5995555:0x24d43e10bb38cb18,Mirage Bistrot,restaurant,favorite,true
Berlin,52.483865599999994,13.448080599999999,https://www.google.com/maps/place/Mmaah/data=!4m2!3m1!1s0x47a84fa87798829f:0x96e688faf8e471bd,Mmaah,restaurant,favorite,
Berlin,52.526461499999996,13.394302099999997,https://www.google.com/maps/place/mogg/data=!4m2!3m1!1s0x47a851e621909d6d:0x8b42af5af1586000,mogg,restaurant,favorite,true
Berlin,52.50670549999999,13.3199478,https://www.google.com/maps/place/molar+Berlin/data=!4m2!3m1!1s0x416523bc24f8616d:0x4c17e57d1f172cbd,molar Berlin,other,favorite,
Berlin,52.51523919999999,13.4093602,https://www.google.com/maps/place/Moneta+Berlin/data=!4m2!3m1!1s0x47a84f07405055d9:0xbad7546052282e25,Moneta Berlin,restaurant,favorite,true
Berlin,52.545311,13.417263799999999,https://www.google.com/maps/place/Mrs+Robinson%E2%80%99s/data=!4m2!3m1!1s0x47a8520094f1c457:0x4c4c5e0ed33bf0d2,Mrs Robinson’s,restaurant,favorite,true
Berlin,52.543029100000005,13.420943800000002,https://www.google.com/maps/place/Nalu+Diner/data=!4m2!3m1!1s0x47a84dffb0fd53df:0x69ea9fff44ac1133,Nalu Diner,restaurant,favorite,true
Berlin,52.5393896,13.402367799999997,"https://www.google.com/maps/place/Nice,+Wine+and+Pies/data=!4m2!3m1!1s0x47a851c01248ae43:0x2c3f4beca62456f","Nice, Wine and Pies",bar,favorite,true
Berlin,52.53065759999999,13.402284499999999,https://www.google.com/maps/place/Nihombashi/data=!4m2!3m1!1s0x47a851e492f00005:0xf4664fa3aa6285b0,Nihombashi,restaurant,favorite,true
Berlin,52.527866499999995,13.386669200000004,https://www.google.com/maps/place/Nithan+Thai/data=!4m2!3m1!1s0x47a851ebe3d9e659:0xe486b305969f0751,Nithan Thai,restaurant,favorite,true
Berlin,52.4904741,13.429388499999998,https://www.google.com/maps/place/Oh+La+Queca/data=!4m2!3m1!1s0x47a84fa76ef29eb9:0xed499cc57f13e6,Oh La Queca,restaurant,favorite,true
Berlin,52.483185999999996,13.441582299999999,https://www.google.com/maps/place/Oh+Mini+I+am/data=!4m2!3m1!1s0x47a84fa5e7a91721:0x8a436529815e7412,Oh Mini I am,vintage,favorite,true
Berlin,52.4915824,13.428535399999998,https://www.google.com/maps/place/Okay+Caf%C3%A9/data=!4m2!3m1!1s0x47a84fb4212fefb9:0x8b12543c5392571b,Okay Café,cafe,favorite,true
Berlin,52.4987153,13.316839499999997,https://www.google.com/maps/place/Paint!/data=!4m2!3m1!1s0x47a8517436f3d769:0x993b0875d963c9b9,Paint!,nail salon,favorite,
Berlin,52.4764844,13.418841599999999,https://www.google.com/maps/place/Palsta/data=!4m2!3m1!1s0x47a84fbfd6ec266d:0x8b20f58e96c51079,Palsta,restaurant,favorite,true
Berlin,52.527331,13.405850599999999,https://www.google.com/maps/place/Papier+Tigre/data=!4m2!3m1!1s0x47a851e3d2962507:0x23498e92f6bcaa11,Papier Tigre,shop,favorite,true
Berlin,52.53435549999999,13.408535099999998,https://www.google.com/maps/place/PAPPA+E+CICCIA/data=!4m2!3m1!1s0x47a851fcf83ce8fb:0x1bf648477ca65dc5,PAPPA E CICCIA,restaurant,favorite,true
Berlin,52.52350020000001,13.399396399999999,https://www.google.com/maps/place/Paul+M%C3%B6hring+-+Tradition+%26+Wahnsinn/data=!4m2!3m1!1s0x47a851e73782ac71:0x60e23ab4dc086b41,Paul Möhring - Tradition & Wahnsinn,shop,favorite,true
Berlin,52.4748428,13.444867299999997,https://www.google.com/maps/place/Paulinski+Palme/data=!4m2!3m1!1s0x47a84f75529b7e3f:0x6a61af1476370923,Paulinski Palme,restaurant,favorite,true
Berlin,52.480876300000006,13.434859699999997,https://www.google.com/maps/place/Pi-Love/data=!4m2!3m1!1s0x47a84f1481835b97:0xb60d933535842fec,Pi-Love,restaurant,favorite,true
Berlin,52.4759791,13.422869200000001,https://www.google.com/maps/place/Pig+%26+Tiger/data=!4m2!3m1!1s0x47a84fbe01050ef1:0xcf3aaf414c61d2f0,Pig & Tiger,restaurant,favorite,true
Berlin,52.457546199999996,13.420099099999996,https://www.google.com/maps/place/PIRATE.COM+-+Prober%C3%A4ume+und+Tonstudios/data=!4m2!3m1!1s0x47a84f43b0422061:0x2612f2903d535ee2,PIRATE.COM - Proberäume und Tonstudios,other,favorite,true
Berlin,52.503223299999995,13.438146499999998,https://www.google.com/maps/place/POLA+Caf%C3%A9/data=!4m2!3m1!1s0x47a84e4ec4b746dd:0x9a719b72e5d234e6,POLA Café,cafe,favorite,true
Berlin,52.530552099999994,13.383600299999998,https://www.google.com/maps/place/RICE+SERVICE/data=!4m2!3m1!1s0x47a8513fe38eaa23:0xe77d4fecd805730a,RICE SERVICE,restaurant,favorite,true
Berlin,52.4775856,13.440551600000001,https://www.google.com/maps/place/Richi/data=!4m2!3m1!1s0x47a84fa168a379b7:0x31f578df16b57270,Richi,bar,favorite,true
Berlin,52.4855382,13.429394600000002,https://www.google.com/maps/place/Roamers/data=!4m2!3m1!1s0x47a84fba093644fd:0x2b3c7fd3c9d517ce,Roamers,restaurant,favorite,true
Berlin,52.5051108,13.462492299999997,https://www.google.com/maps/place/ROSI'S/data=!4m2!3m1!1s0x47a84e5877ffb88d:0x93bab23417918137,ROSI'S,club,favorite,true
Berlin,52.50080390000001,13.472803200000001,https://www.google.com/maps/place/Rummels+Bucht/data=!4m2!3m1!1s0x47a84efac39585f9:0x18c17b00f4e1dd48,Rummels Bucht,bar,favorite,true
Berlin,52.4739668,13.425416199999999,https://www.google.com/maps/place/Rundst%C3%BCck+Warm/data=!4m2!3m1!1s0x47a84f9648fb9dcd:0xd246ec6bb2e375e5,Rundstück Warm,restaurant,favorite,true
Berlin,52.4807669,13.427615,https://www.google.com/maps/place/Sala+da+Mangiare/data=!4m2!3m1!1s0x47a84fbc75710cbf:0x4b8dca4a856d648a,Sala da Mangiare,restaurant,favorite,true
Berlin,52.5441557,13.419889999999999,https://www.google.com/maps/place/Salt'n+Bone/data=!4m2!3m1!1s0x47a84dff75be1353:0x3429185b182d5897,Salt'n Bone,bar,favorite,true
Berlin,52.508485,13.455259499999999,https://www.google.com/maps/place/Santa+Cantina/data=!4m2!3m1!1s0x47a84e596145e0b5:0xe9e5248c6b60c7b6,Santa Cantina,restaurant,favorite,true
Berlin,52.549948199999996,13.4577149,https://www.google.com/maps/place/Schiller+Burger/data=!4m2!3m1!1s0x47a84dc30d1a4321:0x1f68af6f38056f90,Schiller Burger,restaurant,favorite,true
Berlin,52.534115,13.4159575,https://www.google.com/maps/place/Schlomo's+Bagels/data=!4m2!3m1!1s0x47a84e02507ee4c3:0x1a8f88dfadb13eaa,Schlomo's Bagels,shop,favorite,true
Berlin,52.477094400000006,13.4222083,https://www.google.com/maps/place/Selig.Berlin/data=!4m2!3m1!1s0x47a84fbe14d15f9d:0x15ab68f1cd529655,Selig.Berlin,restaurant,favorite,true
Berlin,52.502154600000004,13.411231299999997,https://www.google.com/maps/place/Shishi/data=!4m2!3m1!1s0x47a84fac22bd204d:0x53037b5577843037,Shishi,restaurant,favorite,true
Berlin,52.5413844,13.4151897,https://www.google.com/maps/place/Southern+Vittles/data=!4m2!3m1!1s0x47a851fff304b81b:0x6accb150774fb514,Southern Vittles,restaurant,favorite,true
Berlin,52.5276961,13.401134399999998,https://www.google.com/maps/place/Studio+358+-+Nails+Berlin/data=!4m2!3m1!1s0x47a851e41ba59285:0xd6d3d96c25c1c203,Studio 358 - Nails Berlin,nail salon,favorite,
Berlin,52.51108219999999,13.4618261,https://www.google.com/maps/place/Sugarclan+-+Original+Berliner+Pfannkuchen/data=!4m2!3m1!1s0x47a84f5717d621f5:0x3131c2f9d37a8176,Sugarclan - Original Berliner Pfannkuchen,shop,favorite,true
Berlin,52.505499,13.394076499999997,https://www.google.com/maps/place/Super+Iberico/data=!4m2!3m1!1s0x47a851d439b42a6d:0xe876a45cdc3c6955,Super Iberico,other,favorite,true
Berlin,52.5290775,13.401488799999997,https://www.google.com/maps/place/Sushi+Circle/data=!4m2!3m1!1s0x47a851e468b42eb1:0x154d0653795109dc,Sushi Circle,restaurant,favorite,true
Berlin,52.4972334,13.4315704,https://www.google.com/maps/place/Tabac+%26+Whisky+Center/data=!4m2!3m1!1s0x47a84e4b39ebe849:0x236da2df0f1b5972,Tabac & Whisky Center,shop,favorite,true
Berlin,52.5305946,13.400821899999999,https://www.google.com/maps/place/tak+tak+-+polish+deli/data=!4m2!3m1!1s0x47a851e4ef9f190b:0xae739159dc293e56,tak tak - polish deli,restaurant,favorite,true
Berlin,52.4770372,13.422098799999997,https://www.google.com/maps/place/Terz+Berlin/data=!4m2!3m1!1s0x47a84f3ff9b9ed1f:0xd99e574bb36d076,Terz Berlin,restaurant,favorite,true
Berlin,52.5007494,13.4317174,https://www.google.com/maps/place/The+Panda+Noodle/data=!4m2!3m1!1s0x47a84e4a34da697f:0xa75de3430ae1814e,The Panda Noodle,restaurant,favorite,true
Berlin,52.528564800000005,13.393330299999999,https://www.google.com/maps/place/Themroc/data=!4m2!3m1!1s0x47a851ef49b27a8d:0x8ab52762b153e913,Themroc,restaurant,favorite,true
Berlin,52.528586,13.409101300000003,https://www.google.com/maps/place/TINMAN+Berlin/data=!4m2!3m1!1s0x47a851e266a0747b:0x7fa3ffb9096f6186,TINMAN Berlin,shop,favorite,true
Berlin,52.4865743,13.3557787,https://www.google.com/maps/place/To+Beef+or+not+To+Beef/data=!4m2!3m1!1s0x47a85040fa518d9b:0xd145597adaa59372,To Beef or not To Beef,restaurant,favorite,true
Berlin,52.464541,13.5125498,https://www.google.com/maps/place/Tortiller%C3%ADa+CINTLI+Berlin/data=!4m2!3m1!1s0x47a848b63d7f1d99:0xcb667bb6ec097d82,Tortillería CINTLI Berlin,shop,favorite,true
Berlin,52.4737893,13.423509300000001,https://www.google.com/maps/place/TREAT+Neuk%C3%B6lln+-+Natural+Wines/data=!4m2!3m1!1s0x47a84fe6cec0cb59:0x73334ab286dd9698,TREAT Neukölln - Natural Wines,shop,favorite,true
Berlin,52.5277165,13.401325900000002,https://www.google.com/maps/place/Tsukushiya/data=!4m2!3m1!1s0x47a84e33a922ba33:0xcd08323362af1677,Tsukushiya,restaurant,favorite,true
Berlin,52.480398900000004,13.431879299999999,https://www.google.com/maps/place/Twinpigs/data=!4m2!3m1!1s0x47a84fbb595a75cf:0x17f4a01aaae6cd79,Twinpigs,bar,favorite,true
Berlin,52.4866763,13.4310385,https://www.google.com/maps/place/Two+and+Two/data=!4m2!3m1!1s0x47a84fb0914f84d5:0x9c688ae40b670137,Two and Two,cafe,favorite,true
Berlin,52.5343227,13.4251974,https://www.google.com/maps/place/Unfr%C3%A4med+Berlin/data=!4m2!3m1!1s0x47a84f066341debb:0x387476dca1b03621,Unfrämed Berlin,nail salon,favorite,
Berlin,52.5479292,13.349309199999999,https://www.google.com/maps/place/Vagabund+Brauerei/data=!4m2!3m1!1s0x47a8519395911349:0xfa5dd5efd913a663,Vagabund Brauerei,bar,favorite,true
Berlin,52.54224709999999,13.393467199999996,https://www.google.com/maps/place/Volta/data=!4m2!3m1!1s0x4165219d9edbd1df:0xf15c7c4a4bea8ec5,Volta,restaurant,favorite,true
Berlin,52.495131,13.4263501,https://www.google.com/maps/place/Wanda+Berlin/data=!4m2!3m1!1s0x47a84fd84a93580f:0xd2f89582e0f9c821,Wanda Berlin,restaurant,favorite,true
Berlin,52.48123799999999,13.430103499999998,https://www.google.com/maps/place/WANNA+EAT/data=!4m2!3m1!1s0x47a84f561a7f419f:0x7d920040f4d8802e,WANNA EAT,restaurant,favorite,true
Berlin,52.4496487,13.3484521,https://www.google.com/maps/place/Waroeng+Mie+CS/data=!4m2!3m1!1s0x47a85abc8285be25:0x9bb02c94959a63af,Waroeng Mie CS,restaurant,favorite,true
Berlin,52.5257489,13.398926299999998,https://www.google.com/maps/place/WASSER/data=!4m2!3m1!1s0x47a851e6ee97b12d:0x139182ac89394158,WASSER,restaurant,favorite,true
Berlin,52.485112,13.3520983,https://www.google.com/maps/place/Woodwork/data=!4m2!3m1!1s0x47a85041ea16f9a5:0xa2c383972cb1f026,Woodwork,shop,favorite,true
Berlin,52.48112879999999,13.426497099999997,https://www.google.com/maps/place/YaMe+NumNums/data=!4m2!3m1!1s0x47a84f475a05e089:0xc4df660ba86a0650,YaMe NumNums,restaurant,favorite,true
Berlin,52.548068799999996,13.413111399999998,https://www.google.com/maps/place/Yellow+Burgermanufaktur/data=!4m2!3m1!1s0x47a85206af6620c9:0xc8f3361bf494725b,Yellow Burgermanufaktur,restaurant,favorite,true
Berlin,52.5419773,13.3509671,https://www.google.com/maps/place/ZEICHEN-CENTER+EBELING+GmbH/data=!4m2!3m1!1s0x47a851791c3bf885:0x18709da1b3c55d30,ZEICHEN-CENTER EBELING GmbH,shop,favorite,true
Berlin,52.5264072,13.3944188,https://www.google.com/maps/place/ZENKICHI/data=!4m2!3m1!1s0x47a851e9b5d3277d:0xfb1aac9dde1db144,ZENKICHI,restaurant,favorite,true
Berlin,52.5469204,13.415327099999999,https://www.google.com/maps/place/Zuckerfee+Caf%C3%A9+und+Confiserie%E2%80%8E/data=!4m2!3m1!1s0x47a85201294213d9:0x44b2aca50bc2a2dd,Zuckerfee Café und Confiserie‎,cafe,favorite,true
Berlin,52.5176527,13.385854900000002,https://www.google.com/maps/place/Hotel+Ch%C3%A2teau+Royal+Berlin/data=!4m2!3m1!1s0x47a851328f64f8ff:0xf37d250ca0fbe42e,Hotel Château Royal Berlin,hotel,favorite,
Berlin,52.5240062,13.394607800000001,https://www.google.com/maps/place/Hotel+Telegraphenamt/data=!4m2!3m1!1s0x47a851e7c26a7a13:0xed21b2eb049af657,Hotel Telegraphenamt,hotel,favorite,
Berlin,52.505430999999994,13.438442499999999,"https://www.google.com/maps/place/Locke+at+East+Side+Gallery,+Friedrichshain/data=!4m2!3m1!1s0x47a84f7010d66595:0x5c856f8dc3b2f181","Locke at East Side Gallery, Friedrichshain",hotel,favorite,
Berlin,52.5045667,13.447854099999999,https://www.google.com/maps/place/Michelberger+Hotel/data=!4m2!3m1!1s0x47a84e506e5bc619:0x5c1a5f434ec6c4e5,Michelberger Hotel,hotel,favorite,
Berlin,52.5276035,13.415472699999999,https://www.google.com/maps/place/Soho+House/data=!4m2!3m1!1s0x47a84e1c439e01ed:0xef646afc89e6f016,Soho House,hotel,favorite,
Berlin,52.5008373,13.3290966,"https://www.google.com/maps/place/The+Hoxton,+Charlottenburg/data=!4m2!3m1!1s0x47a851d8a07c826f:0xef5f3a3672febd40","The Hoxton, Charlottenburg",hotel,favorite,
Berlin,52.484746400000006,13.392483499999999,https://www.google.com/maps/place/Columbiahalle/data=!4m2!3m1!1s0x47a84e327048c063:0x9d8a0ce49e5ab00c,Columbiahalle,music venue,favorite,
Berlin,52.40168685,13.3669657,https://www.google.com/maps/place/Alpengipfel/data=!4m2!3m1!1s0x47a844c5cdc64153:0xe33a7de7fe8fc282,Alpengipfel,park,favorite,
Berlin,52.497861199999996,13.453772799999998,https://www.google.com/maps/place/Badeschiff/data=!4m2!3m1!1s0x47a84e55b3f927d9:0x1d3d804d4ffad2c8,Badeschiff,park,favorite,
Berlin,52.465225000000004,13.498301300000001,https://www.google.com/maps/place/Berliner+Wintertraum/data=!4m2!3m1!1s0x47a84f007b9d058f:0x421678ad7d76e005,Berliner Wintertraum,park,favorite,
Berlin,52.454197699999995,13.3055979,https://www.google.com/maps/place/Botanical+Garden+and+Botanical+Museum/data=!4m2!3m1!1s0x47a85a7b6d5c8f0b:0x15a2acff1c8d8de8,Botanical Garden and Botanical Museum,park,favorite,
Berlin,52.45525329999999,13.324834000000001,https://www.google.com/maps/place/Designfliesen.de/data=!4m2!3m1!1s0x47a85a857114f683:0xc0a4e117271efe7e,Designfliesen.de,park,favorite,
Berlin,52.50277749999999,13.248056,https://www.google.com/maps/place/Drachenberg/data=!4m2!3m1!1s0x47a8573c48649b8b:0x81bedc9d4f60b05c,Drachenberg,park,favorite,
Berlin,52.4901972,13.439721299999997,https://www.google.com/maps/place/Dreil%C3%A4ndereck/data=!4m2!3m1!1s0x47a84f822609f037:0x75a02f6f76eb2bb9,Dreiländereck,park,favorite,
Berlin,52.6270445,13.337767099999999,https://www.google.com/maps/place/Eichwerder+Moorwiesen/data=!4m2!3m1!1s0x47a8534fa82f2655:0x1081636ce2db8aea,Eichwerder Moorwiesen,park,favorite,
Berlin,52.434171799999994,13.31767,https://www.google.com/maps/place/Festpark+am+Teltowkanal/data=!4m2!3m1!1s0x47a85b24596c2bf3:0xea3a12b3db1f6bc9,Festpark am Teltowkanal,park,favorite,
Berlin,52.5324112,13.3937767,https://www.google.com/maps/place/Friedhof+Berlin+(II.+Sophien-Friedhof)/data=!4m2!3m1!1s0x47a851f1e036192d:0x1e4f1040cffc76fc,Friedhof Berlin (II. Sophien-Friedhof),park,favorite,
Berlin,52.43177879999999,13.346864499999999,https://www.google.com/maps/place/Gemeindepark+Lankwitz/data=!4m2!3m1!1s0x47a85b82f01e461d:0xd7940ec2626df49d,Gemeindepark Lankwitz,park,favorite,
Berlin,52.4312511,13.351495099999998,https://www.google.com/maps/place/Gemeindepark+Lankwitz/data=!4m2!3m1!1s0x47a85ace4b88f5fd:0x8a0b32d0a080e1ea,Gemeindepark Lankwitz,park,favorite,
Berlin,52.496592799999995,13.437448900000001,https://www.google.com/maps/place/G%C3%B6rlitzer+Park/data=!4m2!3m1!1s0x47a84f4c8819b367:0xedafc45032d4521b,Görlitzer Park,park,favorite,
Berlin,52.471517,13.4382047,https://www.google.com/maps/place/K%C3%B6rnerpark/data=!4m2!3m1!1s0x47a84f9f2574124d:0x80b6c2c1f4ec1900,Körnerpark,park,favorite,
Berlin,52.41076789999999,13.518527799999998,https://www.google.com/maps/place/Mendler+Milchhof+Landwirtschaftliche+Betriebe/data=!4m2!3m1!1s0x47a84644d5e37e91:0xa486386991a72fc1,Mendler Milchhof Landwirtschaftliche Betriebe,park,favorite,
Berlin,52.467878999999996,13.5275981,https://www.google.com/maps/place/ModellPark+Berlin-Brandenburg/data=!4m2!3m1!1s0x47a848c14a9c5ac5:0xfb8184d4c714ce1c,ModellPark Berlin-Brandenburg,park,favorite,
Berlin,52.41638835,13.6352778,https://www.google.com/maps/place/M%C3%BCggelberge/data=!4m2!3m1!1s0x47a83817d7137f11:0xebdb1c81c5ba1eb,Müggelberge,park,favorite,
Berlin,52.4979784,13.366976099999999,https://www.google.com/maps/place/Nelly-Sachs-Park+View+Point/data=!4m2!3m1!1s0x47a851f61c70320b:0x48b019eff2067c08,Nelly-Sachs-Park View Point,park,favorite,
Berlin,52.494525599999996,13.376594499999998,https://www.google.com/maps/place/Park+am+Gleisdreieck/data=!4m2!3m1!1s0x47a850301366c17b:0x5c368c54cfd1eb6,Park am Gleisdreieck,park,favorite,
Berlin,52.5313358,13.432517500000001,https://www.google.com/maps/place/Parkhaus+Berlin/data=!4m2!3m1!1s0x47a851ef040dd6cd:0x6661c4af28875f63,Parkhaus Berlin,park,favorite,true
Berlin,52.5427192,13.33377745,https://www.google.com/maps/place/Promenade+am+Pl%C3%B6tzensee/data=!4m2!3m1!1s0x47a85166813c84c9:0xa8b312b51e42370c,Promenade am Plötzensee,park,favorite,
Berlin,52.502017300000006,13.169681899999999,https://www.google.com/maps/place/Rieselfelder+Karolinenh%C3%B6he/data=!4m2!3m1!1s0x47a857e8b7491dbf:0x86f564ec8addf94c,Rieselfelder Karolinenhöhe,park,favorite,
Berlin,52.489958599999994,13.2406689,https://www.google.com/maps/place/Sandgrube+im+Jagen+86+des+Grunewaldes/data=!4m2!3m1!1s0x47a85742e3ba79df:0xaad4c900917c41a6,Sandgrube im Jagen 86 des Grunewaldes,park,favorite,
Berlin,52.441003949999995,13.212063699999998,https://www.google.com/maps/place/Schlachtensee/data=!4m2!3m1!1s0x47a85998a10df88d:0x1fd5678152f5cf0e,Schlachtensee,park,favorite,
Berlin,52.523866399999996,13.292493899999998,https://www.google.com/maps/place/Schlossgarten+Charlottenburg/data=!4m2!3m1!1s0x47a8512e2a56082d:0x311cbd01e3aab5b8,Schlossgarten Charlottenburg,park,favorite,
Berlin,52.4381357,13.179424199999998,https://www.google.com/maps/place/Strandbad+Wannsee+-+Berliner+B%C3%A4der/data=!4m2!3m1!1s0x47a858ffef30e359:0x165816b49cc6929a,Strandbad Wannsee - Berliner Bäder,park,favorite,
Berlin,52.590832500000005,13.2780559,https://www.google.com/maps/place/Tegeler+Insel/data=!4m2!3m1!1s0x47a8545b50adf2cd:0xf1ff9826571c89ba,Tegeler Insel,park,favorite,
Berlin,52.4748569,13.4005926,https://www.google.com/maps/place/Tempelhofer+Feld/data=!4m2!3m1!1s0x47a84fe8f7d899eb:0x88898e99acbb718b,Tempelhofer Feld,park,favorite,
Berlin,52.4972217,13.241111,https://www.google.com/maps/place/Teufelsberg/data=!4m2!3m1!1s0x47a857677b59223f:0x3f9fca18262304ed,Teufelsberg,park,favorite,
Berlin,52.4739696,13.436689499999998,https://www.google.com/maps/place/Thomash%C3%B6he/data=!4m2!3m1!1s0x47a84ffde63f3949:0x6b03638f041ff19,Thomashöhe,park,favorite,
Berlin,52.49396589999999,13.4613863,https://www.google.com/maps/place/Treptower+Park/data=!4m2!3m1!1s0x47a84f18c6d75659:0x8ef4c865e444e6dc,Treptower Park,park,favorite,
Berlin,52.488226999999995,13.380014399999997,https://www.google.com/maps/place/Viktoria+Park/data=!4m2!3m1!1s0x47a850243fdf52ef:0x82843cdc34c8fc10,Viktoria Park,park,favorite,
Berlin,52.5322512,13.400395200000002,https://www.google.com/maps/place/Volkspark+am+Weinberg/data=!4m2!3m1!1s0x47a851e4d2efba25:0x9a7b7852c555f18c,Volkspark am Weinberg,park,favorite,
Berlin,52.484201500000005,13.416727700000001,https://www.google.com/maps/place/Volkspark+Hasenheide/data=!4m2!3m1!1s0x47a84fc46aaaaaab:0x922e5fe3b4d2d75c,Volkspark Hasenheide,park,favorite,
Berlin,52.54521090000001,13.3847715,https://www.google.com/maps/place/Volkspark+Humboldthain/data=!4m2!3m1!1s0x47a85189c298a0ad:0x372077e52e495bc5,Volkspark Humboldthain,park,favorite,
Berlin,52.55004709999999,13.3384068,https://www.google.com/maps/place/Volkspark+Rehberge/data=!4m2!3m1!1s0x47a853de3c278747:0x7026034fba9de1e,Volkspark Rehberge,park,favorite,
Berlin,52.468300299999996,13.469574999999997,https://www.google.com/maps/place/Von-der-Schulenburg-Park/data=!4m2!3m1!1s0x47a84f6b02e91f2f:0x9297900f4deb3ba,Von-der-Schulenburg-Park,park,favorite,
Berlin,52.5337801,13.336376500000004,https://www.google.com/maps/place/ZK%2FU+(Zentrum+f%C3%BCr+Kunst+und+Urbanistik)/data=!4m2!3m1!1s0x47a851720fa986bd:0xbfd0e8c6c0336115,ZK/U (Zentrum für Kunst und Urbanistik),park,favorite,
Berlin,52.5718399,13.4309987,https://www.google.com/maps/place/1.+Berliner+Fischmarkt+GmbH/data=!4m2!3m1!1s0x47a85277e06fd1eb:0x79556b88a55e06de,1. Berliner Fischmarkt GmbH,restaurant,favorite,
Berlin,52.4721919,13.4292133,https://www.google.com/maps/place/21+gramm/data=!4m2!3m1!1s0x47a84f129c5da2cb:0xd67176c06dfb7787,21 gramm,restaurant,favorite,
Berlin,52.529111,13.395519499999999,https://www.google.com/maps/place/3+Minutes+sur+Mer/data=!4m2!3m1!1s0x47a851e5f5731ccf:0xc4a22d6b1446080e,3 Minutes sur Mer,restaurant,favorite,
Berlin,52.505890799999996,13.316970999999999,https://www.google.com/maps/place/893+Ry%C5%8Dtei+Japanese+Restaurant/data=!4m2!3m1!1s0x47a850e3bc8abf53:0xce4e836130c1d090,893 Ryōtei Japanese Restaurant,restaurant,favorite,
Berlin,52.5042617,13.4178549,https://www.google.com/maps/place/Alt+Berliner+Wirtshaus+Henne/data=!4m2!3m1!1s0x47a84fb3d3c366f3:0xcb2fe23a38c559d9,Alt Berliner Wirtshaus Henne,restaurant,favorite,
Berlin,52.518501699999995,13.4152274,https://www.google.com/maps/place/Americanfood4u+Store+Berlin+Alexa/data=!4m2!3m1!1s0x47a84fd071e02a5b:0x290b37043d4e5bd0,Americanfood4u Store Berlin Alexa,restaurant,favorite,true
Berlin,52.4936,13.427299999999997,https://www.google.com/maps/place/Ammazza+che+Pizza/data=!4m2!3m1!1s0x47a84fb5b03b2b19:0x6609e1659449c054,Ammazza che Pizza,restaurant,favorite,
Berlin,52.5005956,13.422911899999999,https://www.google.com/maps/place/Angry+Chicken/data=!4m2!3m1!1s0x47a84e3566fbeba5:0xe8ff939251383cf8,Angry Chicken,restaurant,favorite,
Berlin,52.4985549,13.434927099999998,https://www.google.com/maps/place/annelies/data=!4m2!3m1!1s0x47a84e4c845f0995:0x97b04a2445fc7682,annelies,restaurant,favorite,
Berlin,52.495516099999996,13.4312863,"https://www.google.com/maps/place/Arirang+Two,+Korean+Restaurant/data=!4m2!3m1!1s0x47a84fb4bf1db8ab:0x90d10bda3bfb704a","Arirang Two, Korean Restaurant",restaurant,favorite,true
Berlin,52.5276885,13.338394500000001,https://www.google.com/maps/place/Arminiusmarkthalle/data=!4m2!3m1!1s0x47a8510cc09b7e85:0xc5001a2083ab9b91,Arminiusmarkthalle,restaurant,favorite,
Berlin,52.5496371,13.351279799999997,https://www.google.com/maps/place/Asia+Deli+Chinese+Restaurant/data=!4m2!3m1!1s0x47a8537439f6a01b:0xb09972613899ab4d,Asia Deli Chinese Restaurant,restaurant,favorite,
Berlin,52.5221006,13.401231,https://www.google.com/maps/place/Asia+Mekong/data=!4m2!3m1!1s0x47a84e1f510398cf:0xcccd2999af8911ad,Asia Mekong,restaurant,favorite,
Berlin,52.493229299999996,13.436943099999999,https://www.google.com/maps/place/Atelier+Dough/data=!4m2!3m1!1s0x47a84f750dc58db5:0x8d8392c7e3843b5,Atelier Dough,restaurant,favorite,
Berlin,52.5138177,13.3910381,https://www.google.com/maps/place/Augustiner+am+Gendarmenmarkt/data=!4m2!3m1!1s0x47a851daf37daff1:0x91b08a63155997e9,Augustiner am Gendarmenmarkt,restaurant,favorite,
Berlin,52.540406,13.412557399999997,https://www.google.com/maps/place/AV+Restaurant+Berlin/data=!4m2!3m1!1s0x47a851ddbc0efb89:0x818d48e34a1c4fe5,AV Restaurant Berlin,restaurant,favorite,true
Berlin,52.4748824,13.4448749,https://www.google.com/maps/place/aviv030/data=!4m2!3m1!1s0x47a84facc0aebf63:0xb3a97443930eff89,aviv030,restaurant,favorite,
Berlin,52.526644499999996,13.398588,https://www.google.com/maps/place/beets%26roots+%7C+Gro%C3%9Fe+Hamburger+Stra%C3%9Fe/data=!4m2!3m1!1s0x47a851e68f2f5def:0x904be3209272b837,beets&roots | Große Hamburger Straße,restaurant,favorite,
Berlin,52.4969323,13.323891200000002,https://www.google.com/maps/place/Benedict/data=!4m2!3m1!1s0x47a850f0bed8508d:0x79cbd2422756797b,Benedict,restaurant,favorite,
Berlin,52.54166759999999,13.4215108,https://www.google.com/maps/place/BENEDICT+Prenzlauer+Berg+Berlin/data=!4m2!3m1!1s0x47a84de148f842e5:0x8492c2c7c7ef9fb4,BENEDICT Prenzlauer Berg Berlin,restaurant,favorite,
Berlin,52.505849999999995,13.380180000000001,https://www.google.com/maps/place/Berta+restaurant/data=!4m2!3m1!1s0x47a851e0292de70f:0x6a44b5d5be8d59b2,Berta restaurant,restaurant,favorite,
Berlin,52.5338845,13.4096328,https://www.google.com/maps/place/Bertie/data=!4m2!3m1!1s0x47a851005801bc19:0x518d568e43334aef,Bertie,restaurant,favorite,
Berlin,52.4859996,13.4353926,https://www.google.com/maps/place/Beuster/data=!4m2!3m1!1s0x47a84fb004975df7:0x995ee9bff8a2e814,Beuster,restaurant,favorite,
Berlin,52.546882399999994,13.4182762,https://www.google.com/maps/place/Blackbeards/data=!4m2!3m1!1s0x47a85200b33ea831:0x6df9e757ac01e5d5,Blackbeards,restaurant,favorite,
Berlin,52.478207499999996,13.438745299999999,https://www.google.com/maps/place/Bottega+N.6/data=!4m2!3m1!1s0x47a84fa3e9ad986d:0xb6b045644db0ed58,Bottega N.6,restaurant,favorite,
Berlin,52.5377675,13.420014,https://www.google.com/maps/place/BUN+BAO+Finest+Asian+Burgers/data=!4m2!3m1!1s0x47a84e01102da2c7:0x18a2813bf0d481ee,BUN BAO Finest Asian Burgers,restaurant,favorite,
Berlin,52.470100900000006,13.430187600000002,https://www.google.com/maps/place/Burgees+Smashburger/data=!4m2!3m1!1s0x47a84f81012bad6f:0x9e9218fb4e18781f,Burgees Smashburger,restaurant,favorite,
Berlin,52.501092,13.4424249,https://www.google.com/maps/place/Burgermeister+Schlesisches+Tor/data=!4m2!3m1!1s0x47a84e4e067d48d9:0x6c22f15237bd8c12,Burgermeister Schlesisches Tor,restaurant,favorite,
Berlin,52.5518304,13.374318100000002,https://www.google.com/maps/place/Caf%C3%A9+Pf%C3%B6rtner/data=!4m2!3m1!1s0x47a8522f53f4e823:0x3a6a9f4c85e1f13d,Café Pförtner,restaurant,favorite,
Berlin,52.47593,13.42362,https://www.google.com/maps/place/Caligari/data=!4m2!3m1!1s0x47a84fbdfede9319:0xc0558d473533beec,Caligari,restaurant,favorite,
Berlin,52.5276584,13.415571299999998,https://www.google.com/maps/place/Cecconi's+Berlin/data=!4m2!3m1!1s0x47a84e1c439e08bb:0xbdeb36bd4fe37a4e,Cecconi's Berlin,restaurant,favorite,
Berlin,52.49819469999999,13.4290807,https://www.google.com/maps/place/Chaparro+Cocina+Mexicana/data=!4m2!3m1!1s0x47a84e4ac1f4ced1:0x6f76e68fadd42c52,Chaparro Cocina Mexicana,restaurant,favorite,
Berlin,52.48159939999999,13.433974599999997,https://www.google.com/maps/place/Chen's+Beef+Noodle+House/data=!4m2!3m1!1s0x47a84f00359874d7:0xe3936374620a653f,Chen's Beef Noodle House,restaurant,favorite,
Berlin,52.54295,13.35608,https://www.google.com/maps/place/Chibee/data=!4m2!3m1!1s0x47a8518201463381:0x339ebc41a5a1fba4,Chibee,restaurant,favorite,
Berlin,52.502993100000005,13.3372669,https://www.google.com/maps/place/Chicago+Williams+BBQ/data=!4m2!3m1!1s0x47a851ebdb1e67e1:0xfac999eaf94f270,Chicago Williams BBQ,restaurant,favorite,
Berlin,52.4931876,13.427908299999997,https://www.google.com/maps/place/Chicha/data=!4m2!3m1!1s0x47a84fb44b238101:0xc9b105b3322f134c,Chicha,restaurant,favorite,true
Berlin,52.546202099999995,13.4271405,https://www.google.com/maps/place/China+Restaurant+Laoxiang/data=!4m2!3m1!1s0x47a84dfbf88699df:0x87d6ad406ff55b39,China Restaurant Laoxiang,restaurant,favorite,
Berlin,52.490539899999995,13.4292458,https://www.google.com/maps/place/Chompy/data=!4m2!3m1!1s0x47a84f002b4b041f:0x432871bf049a8877,Chompy,restaurant,favorite,
Berlin,52.5384433,13.4188833,https://www.google.com/maps/place/Chutnify/data=!4m2!3m1!1s0x47a84e01abfafb3f:0x4e5091c24f205d78,Chutnify,restaurant,favorite,
Berlin,52.5274819,13.402639400000002,https://www.google.com/maps/place/Ch%C3%A9n+Ch%C3%A8/data=!4m2!3m1!1s0x47a851e3fa4cb03d:0x6ca7c4cf6ec5e55a,Chén Chè,restaurant,favorite,
Berlin,52.484904699999994,13.434017,https://www.google.com/maps/place/City+Chicken+das+Original+seit+1996/data=!4m2!3m1!1s0x47a84fbaa44d400f:0x4ea09d3d06b6481e,City Chicken das Original seit 1996,restaurant,favorite,
Berlin,52.532335499999995,13.401728499999999,https://www.google.com/maps/place/Coccodrillo/data=!4m2!3m1!1s0x47a8516043236fdf:0x8b7c95fe9429d786,Coccodrillo,restaurant,favorite,
Berlin,52.493823899999995,13.418027299999999,https://www.google.com/maps/place/Cocolo+Ramen+X-berg/data=!4m2!3m1!1s0x47a84fcae0b04909:0x43b7d15a7c28e18e,Cocolo Ramen X-berg,restaurant,favorite,
Berlin,52.487670699999995,13.4205787,https://www.google.com/maps/place/Con+Tho/data=!4m2!3m1!1s0x47a84fc81a0c9e3d:0xf88620a5ce16c26d,Con Tho,restaurant,favorite,
Berlin,52.5157102,13.387705399999998,https://www.google.com/maps/place/Cookies+Cream/data=!4m2!3m1!1s0x47a851c4b6eb8f57:0x74567436341aaa20,Cookies Cream,restaurant,favorite,
Berlin,52.5287438,13.393905900000002,https://www.google.com/maps/place/Cor%C3%A9en+Restaurant+Berlin/data=!4m2!3m1!1s0x47a8513bc2d1a039:0xdc652ed3c4ef429e,Coréen Restaurant Berlin,restaurant,favorite,
Berlin,52.54182970000001,13.3559681,https://www.google.com/maps/place/COZYMAZU/data=!4m2!3m1!1s0x47a8518272eebfc7:0x2332878ea48ca433,COZYMAZU,restaurant,favorite,
Berlin,52.5475462,13.3689603,https://www.google.com/maps/place/Dan+Thai+Food/data=!4m2!3m1!1s0x47a85229d987014b:0x27dfc8f5be1cf8d3,Dan Thai Food,restaurant,favorite,
Berlin,52.530562499999995,13.383680299999998,https://www.google.com/maps/place/DASHI+Diner/data=!4m2!3m1!1s0x47a851c547ee3f77:0x56c411865c485d21,DASHI Diner,restaurant,favorite,
Berlin,52.5459842,13.4124555,https://www.google.com/maps/place/Der+Fischladen/data=!4m2!3m1!1s0x47a8515d22a1f9df:0x544fa0d033211ea3,Der Fischladen,restaurant,favorite,
Berlin,52.502354399999994,13.4305781,https://www.google.com/maps/place/Der+Goldene+Hahn/data=!4m2!3m1!1s0x47a84f37355e1d53:0x560749a798938318,Der Goldene Hahn,restaurant,favorite,
Berlin,52.494724999999995,13.429231200000002,https://www.google.com/maps/place/Dirty+Dumplings/data=!4m2!3m1!1s0x47a84f006065f221:0x9fcdf3f74c229907,Dirty Dumplings,restaurant,favorite,
Berlin,52.506323599999995,13.310246799999998,https://www.google.com/maps/place/Do+De+Li/data=!4m2!3m1!1s0x47a850e0dc7bbc23:0x38720cb1b671fac0,Do De Li,restaurant,favorite,
Berlin,52.481662799999995,13.437367199999999,https://www.google.com/maps/place/Donau101/data=!4m2!3m1!1s0x47a84f6cd49b0e73:0xb021c42856f4f328,Donau101,restaurant,favorite,
Berlin,52.4982593,13.417338899999999,https://www.google.com/maps/place/Doyum+Restaurant/data=!4m2!3m1!1s0x47a84fccb160f273:0x37b16cf363810444,Doyum Restaurant,restaurant,favorite,
Berlin,52.48529049999999,13.439749699999998,https://www.google.com/maps/place/Eins44/data=!4m2!3m1!1s0x47a84faf79fc11cb:0x821ac89cf55b96fb,Eins44,restaurant,favorite,
Berlin,52.556674699999995,13.3851812,https://www.google.com/maps/place/El+Pepe/data=!4m2!3m1!1s0x47a8523b513ab1bd:0x8cb64b3d5fd30555,El Pepe,restaurant,favorite,
Berlin,52.482495,13.436239500000001,https://www.google.com/maps/place/EZSRA/data=!4m2!3m1!1s0x47a84ffb1656405d:0x8f5c24a14c572bb6,EZSRA,restaurant,favorite,
Berlin,52.544404899999996,13.3599242,https://www.google.com/maps/place/Falafel+Al+Amin+Imbiss/data=!4m2!3m1!1s0x47a85181a41f3031:0x4c6b7e6224cad2a6,Falafel Al Amin Imbiss,restaurant,favorite,
Berlin,52.489257,13.408719000000001,https://www.google.com/maps/place/Fes/data=!4m2!3m1!1s0x47a84fcf949b0675:0xf86f7aa9c3f6d448,Fes,restaurant,favorite,
Berlin,52.481083299999995,13.428459899999998,https://www.google.com/maps/place/Fischtheke+Berlin/data=!4m2!3m1!1s0x47a84fbb88ae0d0f:0x1b6c67af2fb30c49,Fischtheke Berlin,restaurant,favorite,
Berlin,52.55050980000001,13.4132277,https://www.google.com/maps/place/FIVE+ACE+Food+%26+Drinks/data=!4m2!3m1!1s0x47a85375a0196d0d:0xe577717a5ba1f22a,FIVE ACE Food & Drinks,restaurant,favorite,
Berlin,52.5297856,13.410520400000001,https://www.google.com/maps/place/Fleischerei/data=!4m2!3m1!1s0x47a851e2a73fd3d1:0x644fd56d6bfe2d,Fleischerei,restaurant,favorite,
Berlin,52.543548,13.417104499999999,https://www.google.com/maps/place/FRIEDA/data=!4m2!3m1!1s0x47a8536cc2e4b1db:0x46e22835fae90157,FRIEDA,restaurant,favorite,
Berlin,52.4991506,13.356959,https://www.google.com/maps/place/Fr%C3%BChst%C3%BCck+3000+Sch%C3%B6neberg/data=!4m2!3m1!1s0x47a8511407f047c3:0xcd19c1013659e035,Frühstück 3000 Schöneberg,restaurant,favorite,
Berlin,52.505929599999995,13.317151799999998,https://www.google.com/maps/place/FunkyFisch/data=!4m2!3m1!1s0x47a850e3bc8abf53:0xe163efa0ac2630a,FunkyFisch,restaurant,favorite,
Berlin,52.4912395,13.4259157,https://www.google.com/maps/place/Gazzo/data=!4m2!3m1!1s0x47a84fa01131b745:0x6074469a15bb99e4,Gazzo,restaurant,favorite,
Berlin,52.490154399999994,13.425144099999999,https://www.google.com/maps/place/Geist+im+Glas/data=!4m2!3m1!1s0x47a84fb64650dfa3:0x802793f7d8846f5d,Geist im Glas,restaurant,favorite,
Berlin,52.491721299999995,13.423247700000001,https://www.google.com/maps/place/Gel+G%C3%B6r/data=!4m2!3m1!1s0x47a84fc9fd8f1d07:0x60b363fe5d636466,Gel Gör,restaurant,favorite,
Berlin,52.499849700000006,13.4250112,https://www.google.com/maps/place/goldies+chicken+%26+smashburger./data=!4m2!3m1!1s0x47a84e350a47a44b:0xf49f2da65d3cf796,goldies chicken & smashburger.,restaurant,favorite,
Berlin,52.49529399999999,13.4196821,https://www.google.com/maps/place/goldies+smashburger./data=!4m2!3m1!1s0x47a84f8038e74223:0xc12fb42b35db7c45,goldies smashburger.,restaurant,favorite,
Berlin,52.4902132,13.389184599999997,https://www.google.com/maps/place/Good+Morning+Vietnam/data=!4m2!3m1!1s0x47a85027ddbb6669:0x42e7e26d6d2c42e7,Good Morning Vietnam,restaurant,favorite,
Berlin,52.4861248,13.4350045,https://www.google.com/maps/place/Gotcilla+-+Japanese+Fast+Food/data=!4m2!3m1!1s0x47a84fb0107c4e9b:0xd15fde33cac8eeb4,Gotcilla - Japanese Fast Food,restaurant,favorite,true
Berlin,52.4882115,13.4297472,https://www.google.com/maps/place/Gran+Casino/data=!4m2!3m1!1s0x47a84f63f5dd055f:0xb5b0e1f8a901e84c,Gran Casino,restaurant,favorite,
Berlin,52.484181199999995,13.4295718,https://www.google.com/maps/place/G%C3%B6zleme/data=!4m2!3m1!1s0x47a84fba4729f501:0xaaeccca2ab3ef74d,Gözleme,restaurant,favorite,
Berlin,52.497284199999996,13.390431699999999,https://www.google.com/maps/place/Hallesches+Haus+Store/data=!4m2!3m1!1s0x47a8511cea79c1d5:0x9c396f6d792dfc9a,Hallesches Haus Store,restaurant,favorite,
Berlin,52.4784094,13.420145399999997,https://www.google.com/maps/place/Han+West+-+Home+of+Dumplings/data=!4m2!3m1!1s0x47a84f83f900dda3:0xaa8959416c86ac8b,Han West - Home of Dumplings,restaurant,favorite,
Berlin,52.4997105,13.4297089,https://www.google.com/maps/place/Hanuman+Thai+Curry+House/data=!4m2!3m1!1s0x47a84f14e5ea5a57:0x95f316c7f04c85b3,Hanuman Thai Curry House,restaurant,favorite,
Berlin,52.503931200000004,13.315688900000001,https://www.google.com/maps/place/Heno+Heno/data=!4m2!3m1!1s0x47a850de60ee8413:0x187a37a1a0c1a45e,Heno Heno,restaurant,favorite,
Berlin,52.5247247,13.413770499999998,https://www.google.com/maps/place/Hofbr%C3%A4u+Wirtshaus+Berlin/data=!4m2!3m1!1s0x47a84e1e91407b03:0xdb4940eb3fc10d1d,Hofbräu Wirtshaus Berlin,restaurant,favorite,
Berlin,52.5264072,13.3944188,https://www.google.com/maps/place/House+of+Small+Wonder/data=!4m2!3m1!1s0x47a851e9b5d3277d:0x2f26d6e733969d0b,House of Small Wonder,restaurant,favorite,true
Berlin,52.4881392,13.428696700000001,https://www.google.com/maps/place/Humble+Pie/data=!4m2!3m1!1s0x47a853c4fe771d3b:0x862191c3652b0b54,Humble Pie,restaurant,favorite,
Berlin,52.5308535,13.4125762,https://www.google.com/maps/place/I+due+forni/data=!4m2!3m1!1s0x47a84e1d51c3a00d:0x16e020708f3f9e2d,I due forni,restaurant,favorite,
Berlin,52.4682844,13.446290300000001,https://www.google.com/maps/place/IB+Aufnahmewohnheim+Lahnstra%C3%9Fe/data=!4m2!3m1!1s0x47a84f7cc5647dcd:0x6dc147020ab18431,IB Aufnahmewohnheim Lahnstraße,restaurant,favorite,
Berlin,52.494938299999994,13.4155485,https://www.google.com/maps/place/Il+Casolare/data=!4m2!3m1!1s0x47a84fcc68ac3591:0x1c7e8f4aa8361697,Il Casolare,restaurant,favorite,
Berlin,52.5103966,13.4587284,https://www.google.com/maps/place/Iro+Izakaya/data=!4m2!3m1!1s0x47a84f47178b7bf5:0x9fe7ba1f11a26cfe,Iro Izakaya,restaurant,favorite,
Berlin,52.499425099999996,13.4166479,https://www.google.com/maps/place/Izmir+K%C3%B6ftecisi+(Konak-Grill)/data=!4m2!3m1!1s0x47a84e333d26a395:0x351b6c4b823b62a7,Izmir Köftecisi (Konak-Grill),restaurant,favorite,
Berlin,52.4904841,13.353452800000001,https://www.google.com/maps/place/Jones+ice+cream/data=!4m2!3m1!1s0x47a85046a1bc378d:0xf4aa0aa5478d5e9a,Jones ice cream,restaurant,favorite,
Berlin,52.4990714,13.373347800000001,https://www.google.com/maps/place/Jules+%7C+B-Part/data=!4m2!3m1!1s0x47a85164ef7faa8d:0xd24f5f8a2756fe6d,Jules | B-Part,restaurant,favorite,
Berlin,52.4985871,13.425971700000003,https://www.google.com/maps/place/Kimchi+Princess/data=!4m2!3m1!1s0x47a84f960c920b29:0x959cc128e2c3e316,Kimchi Princess,restaurant,favorite,
Berlin,52.4928782,13.428397400000001,https://www.google.com/maps/place/Kitten+Deli/data=!4m2!3m1!1s0x47a84ff3cefcbbab:0x13241db83ed029d9,Kitten Deli,restaurant,favorite,
Berlin,52.50140179999999,13.416305099999997,https://www.google.com/maps/place/Klinke/data=!4m2!3m1!1s0x47a84f208d853511:0x24a201b0e3a6f228,Klinke,restaurant,favorite,
Berlin,52.4896884,13.390899699999999,https://www.google.com/maps/place/Knofi+Feinkost/data=!4m2!3m1!1s0x47a85027fbc5d809:0x73bf3d4f402d73b8,Knofi Feinkost,restaurant,favorite,
Berlin,52.4866815,13.439370300000002,https://www.google.com/maps/place/Kn%C3%B6delwirtschaft/data=!4m2!3m1!1s0x47a84fafb00a5ccf:0x93e67d2268d46ec2,Knödelwirtschaft,restaurant,favorite,
Berlin,52.548850099999996,13.360773499999999,https://www.google.com/maps/place/Korea+House+Restaurant/data=!4m2!3m1!1s0x47a8522a976c2795:0xf4cc87d929c55c47,Korea House Restaurant,restaurant,favorite,true
Berlin,52.527186500000006,13.3992419,https://www.google.com/maps/place/KUCHI+Mitte/data=!4m2!3m1!1s0x47a851e69ccbed9b:0xba822325a7ec69f7,KUCHI Mitte,restaurant,favorite,
Berlin,52.470634999999994,13.442528,https://www.google.com/maps/place/Kulturlabor+Trial+%26+Error+e.V./data=!4m2!3m1!1s0x47a84f9e33bb4bd5:0x1b60ea3a7338ac42,Kulturlabor Trial & Error e.V.,restaurant,favorite,
Berlin,52.4759176,13.425974000000002,https://www.google.com/maps/place/La+C%C3%B4te/data=!4m2!3m1!1s0x47a84ff5f3dc6b0b:0x584cb9f4f1ecd0c0,La Côte,restaurant,favorite,
Berlin,52.4749287,13.427876899999998,https://www.google.com/maps/place/La+Stella+Nera/data=!4m2!3m1!1s0x47a84f97d9b7bf2f:0xd6bb28a84ba1c137,La Stella Nera,restaurant,favorite,
Berlin,52.49300230000001,13.414420500000002,https://www.google.com/maps/place/LALA/data=!4m2!3m1!1s0x47a84f0d0445a3b1:0xe2a135c379c7be4a,LALA,restaurant,favorite,
Berlin,52.510690999999994,13.457076100000002,https://www.google.com/maps/place/Larb+Koi/data=!4m2!3m1!1s0x47a84f460839de7b:0x1980dfd45298bbc4,Larb Koi,restaurant,favorite,
Berlin,52.481520599999996,13.4264152,https://www.google.com/maps/place/Lavanderia+Vecchia/data=!4m2!3m1!1s0x47a84fbbfca2a74f:0x2d4d1d6fe12f9fc1,Lavanderia Vecchia,restaurant,favorite,
Berlin,52.49105290000001,13.42062,https://www.google.com/maps/place/Le+Bon/data=!4m2!3m1!1s0x47a84fc9958d7479:0x4d728e3447f27114,Le Bon,restaurant,favorite,
Berlin,52.5441305,13.4204094,https://www.google.com/maps/place/Lecker+Song/data=!4m2!3m1!1s0x47a84dff0ad3d9f1:0xd376c74ffcd553e6,Lecker Song,restaurant,favorite,
Berlin,52.54129489999999,13.410858099999999,https://www.google.com/maps/place/Les+Valseuses+Restaurant/data=!4m2!3m1!1s0x47a851ff41994197:0xc59d9ac93b2c8570,Les Valseuses Restaurant,restaurant,favorite,
Berlin,52.4916996,13.4332578,https://www.google.com/maps/place/Life+Berlin+Ramen/data=!4m2!3m1!1s0x47a84fb3c33e2785:0x9518050710210dca,Life Berlin Ramen,restaurant,favorite,
Berlin,52.4963905,13.422228599999999,https://www.google.com/maps/place/Lila+restaurant/data=!4m2!3m1!1s0x47a84f6320eded95:0x5ca92a5967252a91,Lila restaurant,restaurant,favorite,true
Berlin,52.506360599999994,13.3164921,https://www.google.com/maps/place/Lon+Men's+Noodle+House/data=!4m2!3m1!1s0x47a850e3b81b7edb:0x84b9485d361ecd45,Lon Men's Noodle House,restaurant,favorite,
Berlin,52.50295959999999,13.431029699999996,https://www.google.com/maps/place/Long+March+Canteen/data=!4m2!3m1!1s0x47a84e4993a00e29:0x9b5ab1183e55109b,Long March Canteen,restaurant,favorite,
Berlin,52.4743924,13.445256899999999,https://www.google.com/maps/place/Louis+Caf%C3%A9-Restaurant/data=!4m2!3m1!1s0x47a84fa00bc68379:0x85ef8da6f131f201,Louis Café-Restaurant,restaurant,favorite,
Berlin,52.49095969999999,13.435224199999999,https://www.google.com/maps/place/Love+Deluxe/data=!4m2!3m1!1s0x47a84f0ad3408bbf:0x1faa4a37a44ed60c,Love Deluxe,restaurant,favorite,
Berlin,52.526701599999996,13.3968996,https://www.google.com/maps/place/Luna+D'Oro/data=!4m2!3m1!1s0x47a85100457206c9:0x4ba2656ce4d3889c,Luna D'Oro,restaurant,favorite,
Berlin,52.526142899999996,13.388966400000001,https://www.google.com/maps/place/Magic+John's+Pizza/data=!4m2!3m1!1s0x47a8511828be2cb3:0x69916e7e02acb48e,Magic John's Pizza,restaurant,favorite,
Berlin,52.49985650000001,13.423976600000001,https://www.google.com/maps/place/Maiyarap+Berlin/data=!4m2!3m1!1s0x47a84f2bf0301e25:0x4505915dbfa20f8f,Maiyarap Berlin,restaurant,favorite,
Berlin,52.471060599999994,13.4298305,https://www.google.com/maps/place/Mak+Phed/data=!4m2!3m1!1s0x47a84faa29724ac1:0xbffca84b3d3705cf,Mak Phed,restaurant,favorite,
Berlin,52.473766299999994,13.3383341,https://www.google.com/maps/place/Malafemmena/data=!4m2!3m1!1s0x47a85070119830bf:0xb9bc4da03a741c19,Malafemmena,restaurant,favorite,
Berlin,52.540405799999995,13.418151499999999,https://www.google.com/maps/place/Maria+Bonita/data=!4m2!3m1!1s0x47a84e0013bfe74d:0x23555ca008d4d4ee,Maria Bonita,restaurant,favorite,
Berlin,52.499820799999995,13.432579599999999,https://www.google.com/maps/place/Mariona/data=!4m2!3m1!1s0x47a84e4ba32bb5ad:0x8897f99b1abc9322,Mariona,restaurant,favorite,
Berlin,52.502134999999996,13.4315988,https://www.google.com/maps/place/Markthalle+Neun/data=!4m2!3m1!1s0x47a84e498056a6bd:0x9801fd632fa35512,Markthalle Neun,restaurant,favorite,
Berlin,52.5418752,13.4157773,https://www.google.com/maps/place/Massai+Restaurant/data=!4m2!3m1!1s0x47a852001dfc8eaf:0xde9e6c89d5c58574,Massai Restaurant,restaurant,favorite,true
Berlin,52.532674799999995,13.429484900000002,https://www.google.com/maps/place/Meraba+D%C3%B6nermann/data=!4m2!3m1!1s0x47a84e0f6c2c142f:0x13cd7fda9e06c64b,Meraba Dönermann,restaurant,favorite,
Berlin,52.5045788,13.447889699999998,https://www.google.com/maps/place/Michelberger+Restaurant/data=!4m2!3m1!1s0x47a84e506f08e19f:0xfee9f03669a88b58,Michelberger Restaurant,restaurant,favorite,
Berlin,52.4987214,13.4265187,https://www.google.com/maps/place/Miss+Saigon+Restaurant/data=!4m2!3m1!1s0x47a84e356178a223:0x7c43c0997ef446a4,Miss Saigon Restaurant,restaurant,favorite,
Berlin,52.479598,13.437743399999999,https://www.google.com/maps/place/MOIM/data=!4m2!3m1!1s0x47a84f0059b67bab:0x49b25fa89b019498,MOIM,restaurant,favorite,
Berlin,52.506637999999995,13.320418799999999,https://www.google.com/maps/place/momiji/data=!4m2!3m1!1s0x47a850e2e0055555:0x1678cefd05ea62c6,momiji,restaurant,favorite,
Berlin,52.4847734,13.4333916,https://www.google.com/maps/place/Mr.+Grill+Berlin/data=!4m2!3m1!1s0x47a84feaece66b37:0xe7eb02eb34de0dda,Mr. Grill Berlin,restaurant,favorite,
Berlin,52.48909,13.3926319,https://www.google.com/maps/place/Munchies/data=!4m2!3m1!1s0x47a84f6d21a08637:0x2e7582af49b8137e,Munchies,restaurant,favorite,
Berlin,52.53494430000001,13.4182651,https://www.google.com/maps/place/M%C4%81ye+Restaurant/data=!4m2!3m1!1s0x47a84e038e0ad16b:0x1f16ef129a2dfc48,Māye Restaurant,restaurant,favorite,
Berlin,52.511333300000004,13.4516376,https://www.google.com/maps/place/New+Arirang+Restaurant/data=!4m2!3m1!1s0x47a84e5c8e54a917:0x2fea49893acce9ae,New Arirang Restaurant,restaurant,favorite,true
Berlin,52.5125968,13.457968600000001,https://www.google.com/maps/place/Niko+Niko+Ramen/data=!4m2!3m1!1s0x47a84e5e62f5b1d3:0xd93e37577f6722b6,Niko Niko Ramen,restaurant,favorite,
Berlin,52.470265299999994,13.4369324,https://www.google.com/maps/place/Nini+e+Pettirosso/data=!4m2!3m1!1s0x47a84f9ec7cffec3:0x13503fb01c079a91,Nini e Pettirosso,restaurant,favorite,
Berlin,52.505336899999996,13.390417799999998,https://www.google.com/maps/place/Nobelhart+%26+Schmutzig/data=!4m2!3m1!1s0x47a851d38d53db35:0x6ed83d466b177efa,Nobelhart & Schmutzig,restaurant,favorite,
Berlin,52.468482,13.429664600000002,https://www.google.com/maps/place/Ogam/data=!4m2!3m1!1s0x47a84f58a16030bd:0xc20a60fe8a716060,Ogam,restaurant,favorite,
Berlin,52.5014794,13.364747499999998,"https://www.google.com/maps/place/OH,+PANAMA/data=!4m2!3m1!1s0x47a8504a7c5ac67f:0x412e5cef4f500650","OH, PANAMA",restaurant,favorite,
Berlin,52.543079,13.414756899999999,https://www.google.com/maps/place/Osmans+T%C3%B6chter/data=!4m2!3m1!1s0x4165219dc6971787:0xb845c65aa67d5f21,Osmans Töchter,restaurant,favorite,
Berlin,52.495107000000004,13.432468900000002,https://www.google.com/maps/place/Pancho-Villa+Cantina/data=!4m2!3m1!1s0x47a84fda2f36f3ef:0x6867626855bdab60,Pancho-Villa Cantina,restaurant,favorite,
Berlin,52.4831887,13.4317374,https://www.google.com/maps/place/Paolo+Pinkel/data=!4m2!3m1!1s0x47a84f6b5e0211a5:0x3fbccd2490e8c724,Paolo Pinkel,restaurant,favorite,
Berlin,52.493351499999996,13.3659448,https://www.google.com/maps/place/Pasam+Baklava/data=!4m2!3m1!1s0x47a850378042e55f:0xd8edeed555431bb1,Pasam Baklava,restaurant,favorite,
Berlin,52.48069950000001,13.433266200000002,https://www.google.com/maps/place/Piri's/data=!4m2!3m1!1s0x47a84f5ff746ca9b:0xf610362febc6e86b,Piri's,restaurant,favorite,
Berlin,52.45458669999999,13.384817799999999,https://www.google.com/maps/place/REDO+XXL+Berlin/data=!4m2!3m1!1s0x47a84556e7eab091:0x5c9ef11cbb0ada94,REDO XXL Berlin,restaurant,favorite,
Berlin,52.528371799999995,13.4105324,https://www.google.com/maps/place/Remi/data=!4m2!3m1!1s0x47a8514929525021:0x67f508fc9b072294,Remi,restaurant,favorite,
Berlin,52.491269700000004,13.4119947,https://www.google.com/maps/place/restaurant+%22m%C3%A4dchen+ohne+abitur%22/data=!4m2!3m1!1s0x47a84fcef9e37823:0xc28225b7b6ffc57c,"restaurant ""mädchen ohne abitur""",restaurant,favorite,true
Berlin,52.5020923,13.347307,https://www.google.com/maps/place/Restaurant+%22The+White+House%22/data=!4m2!3m1!1s0x47a85053cb000219:0x9e7ec7e30db04d41,"Restaurant ""The White House""",restaurant,favorite,true
Berlin,52.4918744,13.417094100000002,https://www.google.com/maps/place/Restaurant+Brio/data=!4m2!3m1!1s0x47a84fc9420baa05:0x5a84e26a95482893,Restaurant Brio,restaurant,favorite,true
Berlin,52.5327738,13.424602499999997,https://www.google.com/maps/place/Restaurant+Herr+Rossi/data=!4m2!3m1!1s0x47a84e04f853df0d:0xdf3061bf2bbc3d4c,Restaurant Herr Rossi,restaurant,favorite,
Berlin,52.4937286,13.3665339,https://www.google.com/maps/place/Restaurant+HODORI/data=!4m2!3m1!1s0x47a8503764a99d17:0x583f8b1a0f8a5c39,Restaurant HODORI,restaurant,favorite,
Berlin,52.4885002,13.4246273,https://www.google.com/maps/place/Restaurant+Mardin+Berlin+Kreuzberg/data=!4m2!3m1!1s0x47a84f0143104aa9:0xd4ee57e3052e0ab4,Restaurant Mardin Berlin Kreuzberg,restaurant,favorite,
Berlin,52.500391099999995,13.4317411,https://www.google.com/maps/place/Restaurant+Nudo/data=!4m2!3m1!1s0x47a84e4bb4545dc9:0x2cff0d5aa067d8be,Restaurant Nudo,restaurant,favorite,true
Berlin,52.5068988,13.3914818,https://www.google.com/maps/place/Restaurant+Tim+Raue/data=!4m2!3m1!1s0x47a851d15498dca5:0x8eadc335b0d83a15,Restaurant Tim Raue,restaurant,favorite,
Berlin,52.469090099999995,13.4348877,https://www.google.com/maps/place/Restaurant+Ungeheuer+Neuk%C3%B6lln/data=!4m2!3m1!1s0x47a84f9956393e7d:0xcfec19cb86998b8e,Restaurant Ungeheuer Neukölln,restaurant,favorite,true
Berlin,52.4936673,13.4299587,https://www.google.com/maps/place/Restaurant+VOLT/data=!4m2!3m1!1s0x47a84fb45e7b7f57:0x3701c9f7fd2cf271,Restaurant VOLT,restaurant,favorite,true
Berlin,52.512928099999996,13.3053401,https://www.google.com/maps/place/Rogacki/data=!4m2!3m1!1s0x47a85120f0393c7d:0xf13b4bab78def8b1,Rogacki,restaurant,favorite,
Berlin,52.4876958,13.4204008,https://www.google.com/maps/place/s+h+i+z+u+k+u+./data=!4m2!3m1!1s0x47a84f657be64d23:0xf4bdc4c5b146654a,s h i z u k u .,restaurant,favorite,
Berlin,52.5111475,13.461592300000001,https://www.google.com/maps/place/Sabor+a+m%C3%AD/data=!4m2!3m1!1s0x47a851e3735ab8cf:0xabbbb5757449ea15,Sabor a mí,restaurant,favorite,
Berlin,52.5015469,13.4177748,https://www.google.com/maps/place/Santa+Maria/data=!4m2!3m1!1s0x47a84e33bae7e791:0x1117a99092126585,Santa Maria,restaurant,favorite,
Berlin,52.544300899999996,13.418589699999998,https://www.google.com/maps/place/Sasaya/data=!4m2!3m1!1s0x47a84dff7fc65425:0xa5112b5e44056103,Sasaya,restaurant,favorite,
Berlin,52.4739211,13.450326700000002,https://www.google.com/maps/place/Sfera/data=!4m2!3m1!1s0x47a84f08c43ea91b:0xdcfabb80ac7a8e16,Sfera,restaurant,favorite,
Berlin,52.496173,13.327999499999999,https://www.google.com/maps/place/Shaniu's+House+of+Noodles/data=!4m2!3m1!1s0x47a850f70d943bbb:0x1cc13edad5742acd,Shaniu's House of Noodles,restaurant,favorite,
Berlin,52.48961,13.433959899999998,https://www.google.com/maps/place/Shed+Restaurant+%2B+Wine+%7C%7C+Deli/data=!4m2!3m1!1s0x47a84f0644809e79:0xcc9a34592f1150a5,Shed Restaurant + Wine || Deli,restaurant,favorite,true
Berlin,52.49644229999999,13.420552099999998,https://www.google.com/maps/place/Shu+Wei+Fang+-+Szechuan+House+-+China+Restaurant/data=!4m2!3m1!1s0x47a84fab43550305:0x4a31c2f1b574653d,Shu Wei Fang - Szechuan House - China Restaurant,restaurant,favorite,
Berlin,52.506610900000005,13.311844200000001,https://www.google.com/maps/place/Son+Kitchen/data=!4m2!3m1!1s0x47a850e110713567:0x23c5e94192b40579,Son Kitchen,restaurant,favorite,
Berlin,52.490120999999995,13.4337898,https://www.google.com/maps/place/Sorrel/data=!4m2!3m1!1s0x47a84f13540b9909:0x239f32dec6be8c6e,Sorrel,restaurant,favorite,
Berlin,52.496297399999996,13.4212406,https://www.google.com/maps/place/Spindler/data=!4m2!3m1!1s0x47a84fcaece5c7fb:0x65dd309f56d77bb0,Spindler,restaurant,favorite,
Berlin,52.53286399999999,13.408625399999998,https://www.google.com/maps/place/Standard+Serious+Pizza/data=!4m2!3m1!1s0x47a851fcde48f107:0xd0ad9d577e16e085,Standard Serious Pizza,restaurant,favorite,
Berlin,52.48298,13.441189999999997,https://www.google.com/maps/place/Stella+Takeaway+and+Catering/data=!4m2!3m1!1s0x47a84fa5e9306889:0xca59583906702dbc,Stella Takeaway and Catering,restaurant,favorite,
Berlin,52.5019764,13.3651086,https://www.google.com/maps/place/Sticks'n'Sushi/data=!4m2!3m1!1s0x47a8504a8e884347:0xb44c6c1e0986de20,Sticks'n'Sushi,restaurant,favorite,
Berlin,52.5521869,13.363923999999999,https://www.google.com/maps/place/Stranero/data=!4m2!3m1!1s0x47a8522b76822911:0x80ca3a4901358aef,Stranero,restaurant,favorite,
Berlin,52.4706213,13.4471683,https://www.google.com/maps/place/Sunshinehouse+Beherbergungsbetriebs+GmbH+Haus+Saalestra%C3%9Fe/data=!4m2!3m1!1s0x47a84f810377e93f:0x521a6c0991501bde,Sunshinehouse Beherbergungsbetriebs GmbH Haus Saalestraße,restaurant,favorite,
Berlin,52.5438067,13.4156551,https://www.google.com/maps/place/Takumi+NINE/data=!4m2!3m1!1s0x47a8520044ed38c5:0x8576b01265e363e1,Takumi NINE,restaurant,favorite,
Berlin,52.531940399999996,13.411909999999999,https://www.google.com/maps/place/Taquer%C3%ADa+El+Oso/data=!4m2!3m1!1s0x47a8519c369a09a3:0x588c463203f4f0b,Taquería El Oso,restaurant,favorite,
Berlin,52.524904299999996,13.409004200000002,https://www.google.com/maps/place/The+Klub+Kitchen/data=!4m2!3m1!1s0x47a851e3c56ae28d:0x7a5333b8316b6410,The Klub Kitchen,restaurant,favorite,
Berlin,52.5276055,13.415767899999999,https://www.google.com/maps/place/The+Store+Kitchen/data=!4m2!3m1!1s0x47a84e1c439e08bb:0xd9ac22889cac2414,The Store Kitchen,restaurant,favorite,
Berlin,52.52495329999999,13.393691399999998,https://www.google.com/maps/place/theNOname+-+Restaurant/data=!4m2!3m1!1s0x47a851cf8a6f9f75:0x704dadfd8f34ad00,theNOname - Restaurant,restaurant,favorite,true
Berlin,52.472280299999994,13.433244899999998,https://www.google.com/maps/place/Thomasstra%C3%9Fe+55/data=!4m2!3m1!1s0x47a84f98f8d6cf83:0x48af6f2d53b67e65,Thomasstraße 55,restaurant,favorite,
Berlin,52.480152499999996,13.4323858,https://www.google.com/maps/place/TISK+Speisekneipe/data=!4m2!3m1!1s0x47a84fbb564eaaab:0x3222d8c01e260e38,TISK Speisekneipe,restaurant,favorite,
Berlin,52.532394200000006,13.397552200000002,"https://www.google.com/maps/place/Tommis+Burger+Joint,+Mitte/data=!4m2!3m1!1s0x47a851e55a7f7df3:0x46b59dc4e3d0882f","Tommis Burger Joint, Mitte",restaurant,favorite,
Berlin,52.54372939999999,13.420002799999999,https://www.google.com/maps/place/Tossakan+Berlin/data=!4m2!3m1!1s0x47a84d575b2a27d1:0x84d3dbab80cb4f65,Tossakan Berlin,restaurant,favorite,
Berlin,52.488366899999995,13.4264805,https://www.google.com/maps/place/Trinkoo+Store/data=!4m2!3m1!1s0x47a84f9aa0133c85:0x9996c4b1d6b78cc2,Trinkoo Store,restaurant,favorite,
Berlin,52.52686070000001,13.4146264,https://www.google.com/maps/place/Trio/data=!4m2!3m1!1s0x47a84fa172dc07c3:0xab1cf617f00fd3ad,Trio,restaurant,favorite,
Berlin,52.4952967,13.419208499999998,https://www.google.com/maps/place/Tsu+Tsu/data=!4m2!3m1!1s0x47a84fa2ff969a53:0x1bf92566ef603eab,Tsu Tsu,restaurant,favorite,
Berlin,52.488941999999994,13.404841199999998,https://www.google.com/maps/place/Two+Trick+Pony/data=!4m2!3m1!1s0x47a84f8649458e7f:0x649656642325253d,Two Trick Pony,restaurant,favorite,
Berlin,52.534441799999996,13.4194515,https://www.google.com/maps/place/Umami/data=!4m2!3m1!1s0x47a84e039546d8d1:0xee7614be7f398058,Umami,restaurant,favorite,
Berlin,52.542226799999995,13.4162567,https://www.google.com/maps/place/Ushido/data=!4m2!3m1!1s0x47a85200040eb04d:0xbf9a4b50df0fe70f,Ushido,restaurant,favorite,
Berlin,52.4841944,13.439541699999996,https://www.google.com/maps/place/Venue+Breakfast/data=!4m2!3m1!1s0x47a84f2454560ae7:0xad34e6da3acb57ba,Venue Breakfast,restaurant,favorite,
Berlin,52.473621699999995,13.449676499999997,https://www.google.com/maps/place/Vietbowl/data=!4m2!3m1!1s0x47a84f51dfcef0ad:0xf51945a66b7b0b7d,Vietbowl,restaurant,favorite,
Berlin,52.5462791,13.4135482,https://www.google.com/maps/place/Wen+Cheng+1/data=!4m2!3m1!1s0x47a8532886911811:0x71afd411da691b57,Wen Cheng 1,restaurant,favorite,
Berlin,52.551953399999995,13.4192568,https://www.google.com/maps/place/Wok+Show/data=!4m2!3m1!1s0x47a85207d76879f7:0x97f934f1fdbb2a0f,Wok Show,restaurant,favorite,
Berlin,52.5275836,13.408238699999997,https://www.google.com/maps/place/YamYam+Berlin/data=!4m2!3m1!1s0x47a851e215abf731:0xb094e46585ed82e0,YamYam Berlin,restaurant,favorite,
Berlin,52.53113969999999,13.402717399999998,https://www.google.com/maps/place/Yumcha+Heroes/data=!4m2!3m1!1s0x47a851e4bdc008eb:0x80bd37e4d3738fb2,Yumcha Heroes,restaurant,favorite,
Berlin,52.5376849,13.4211728,https://www.google.com/maps/place/Yume+Deli/data=!4m2!3m1!1s0x47a84fb9a1ba7cc3:0xb0add48e49acc510,Yume Deli,restaurant,favorite,
Berlin,52.5480556,13.422777899999998,https://www.google.com/maps/place/Zaika/data=!4m2!3m1!1s0x47a84df8e8c56c17:0x850d70c37d85114d,Zaika,restaurant,favorite,
Berlin,52.4960934,13.422335900000002,https://www.google.com/maps/place/ZOLA+-+Paul-Lincke-Ufer+-+Kreuzberg/data=!4m2!3m1!1s0x47a84fcae77e250d:0x2f8bc38559825c86,ZOLA - Paul-Lincke-Ufer - Kreuzberg,restaurant,favorite,
Berlin,52.445128499999996,13.574293199999998,https://www.google.com/maps/place/Zur+Alten+Laterne/data=!4m2!3m1!1s0x47a8487054b1f177:0x72edff092cfa7f37,Zur Alten Laterne,restaurant,favorite,
Berlin,52.54481059999999,13.436911699999996,https://www.google.com/maps/place/Zur+Haxe/data=!4m2!3m1!1s0x47a84de48281b9c9:0x95e3eb8607c13167,Zur Haxe,restaurant,favorite,
Berlin,52.5276603,13.4035268,https://www.google.com/maps/place/%C4%90istrict+M%E1%BB%99t+%E2%80%93+Saigon+Street+Food/data=!4m2!3m1!1s0x47a851e3efec8617:0x2a5b50432f8f0770,Đistrict Một – Saigon Street Food,restaurant,favorite,
Berlin,52.487254899999996,13.4513892,https://www.google.com/maps/place/A+Better+Way+Tattoo+Parlour/data=!4m2!3m1!1s0x47a84fa242478d95:0xffa08bf42152a773,A Better Way Tattoo Parlour,shop,favorite,
Berlin,52.52711,13.406668000000002,https://www.google.com/maps/place/A.P.C./data=!4m2!3m1!1s0x47a851e22de1d7b9:0x596d4833b05a544,A.P.C.,shop,favorite,
Berlin,52.49120049999999,13.425511299999997,https://www.google.com/maps/place/AKA/data=!4m2!3m1!1s0x47a84fb66e214c1d:0xd1c0371639f56177,AKA,shop,favorite,
Berlin,52.492407,13.426443299999999,https://www.google.com/maps/place/Amore+Store/data=!4m2!3m1!1s0x47a84fb5d08c8651:0xd0b0f6c63673899f,Amore Store,shop,favorite,
Berlin,52.501881,13.365532000000002,https://www.google.com/maps/place/Andreas+Murkudis/data=!4m2!3m1!1s0x47a8504a858e2e7d:0x526b3be010982841,Andreas Murkudis,shop,favorite,
Berlin,52.55917919999999,13.3790655,https://www.google.com/maps/place/Animal+Kingdom/data=!4m2!3m1!1s0x47a8523078949ba5:0xfc5e47c976b720fc,Animal Kingdom,shop,favorite,
Berlin,52.545494000000005,13.358198000000002,https://www.google.com/maps/place/Asia+market+Atti/data=!4m2!3m1!1s0x47a85181cc5df537:0x51e347479c0cc183,Asia market Atti,shop,favorite,
Berlin,52.467484199999994,13.4418315,https://www.google.com/maps/place/Asien+Mexico+Supermarkt+Berlin/data=!4m2!3m1!1s0x47a84f9df75aec9f:0x29c28a97c2ee00fd,Asien Mexico Supermarkt Berlin,shop,favorite,
Berlin,52.542423,13.356475600000001,https://www.google.com/maps/place/Blumen+Goldbeck/data=!4m2!3m1!1s0x47a8518210269ac9:0x8e30ee6178e4f091,Blumen Goldbeck,shop,favorite,
Berlin,52.5328644,13.4259908,https://www.google.com/maps/place/Boesner/data=!4m2!3m1!1s0x47a84e05c0034f13:0x43f396b2f07a978b,Boesner,shop,favorite,
Berlin,52.4912393,13.390890599999999,https://www.google.com/maps/place/Brad+%26+Bruce/data=!4m2!3m1!1s0x47a851f9e400c3f7:0x6aeb250698bdf0d8,Brad & Bruce,shop,favorite,
Berlin,52.5233827,13.408196599999998,https://www.google.com/maps/place/BUCHHOLZ+BERLIN+Design+GmbH/data=!4m2!3m1!1s0x47a851e41ddd6ea3:0x352d8420cf800d5e,BUCHHOLZ BERLIN Design GmbH,shop,favorite,
Berlin,52.536077,13.432247,https://www.google.com/maps/place/Chili+%26+Paprika+-+M%C3%A9xico%2FLatino+Shop/data=!4m2!3m1!1s0x47a84bf47c5ce981:0x80be69e75605ebab,Chili & Paprika - México/Latino Shop,shop,favorite,
Berlin,52.49807349999999,13.443484,https://www.google.com/maps/place/Cuongs+Creative+Market/data=!4m2!3m1!1s0x47a84f15fbae0eb7:0x6e8b87e77803bae6,Cuongs Creative Market,shop,favorite,
Berlin,52.5018864,13.3657817,https://www.google.com/maps/place/Darklands/data=!4m2!3m1!1s0x47a851973762c325:0x4376f63c93e06587,Darklands,shop,favorite,
Berlin,52.5129589,13.456517199999999,https://www.google.com/maps/place/Darkstore/data=!4m2!3m1!1s0x47a84e5dd15c75e1:0x82acc9a28739ea30,Darkstore,shop,favorite,
Berlin,52.493364,13.4275929,https://www.google.com/maps/place/Dion+%26+Gefolge/data=!4m2!3m1!1s0x47a84fb5b6b86f39:0x41d07f89feddc499,Dion & Gefolge,shop,favorite,
Berlin,52.50108389999999,13.3178144,https://www.google.com/maps/place/diptyque+Boutique+Charlottenburg/data=!4m2!3m1!1s0x47a850e523b29cdf:0x1b5ad97ab8e29490,diptyque Boutique Charlottenburg,shop,favorite,
Berlin,52.5271033,13.3977584,https://www.google.com/maps/place/do+you+read+me%3F!/data=!4m2!3m1!1s0x47a851e67c73b82f:0x73770cfe6639fb18,do you read me?!,shop,favorite,
Berlin,52.52848879999999,13.489446399999999,https://www.google.com/maps/place/Dong+Xuan+Center/data=!4m2!3m1!1s0x47a84e9b7781b58f:0xeef6f179464e06f1,Dong Xuan Center,shop,favorite,
Berlin,52.5183386,13.3888971,https://www.google.com/maps/place/Dussmann+das+KulturKaufhaus/data=!4m2!3m1!1s0x47a851c35ba236c1:0xfd5461000979ae29,Dussmann das KulturKaufhaus,shop,favorite,
Berlin,52.4880796,13.4431818,https://www.google.com/maps/place/einraum.berlin/data=!4m2!3m1!1s0x47a84fb709517f2b:0x5aaa6a5431a76abe,einraum.berlin,shop,favorite,
Berlin,52.47114680000001,13.429717799999999,https://www.google.com/maps/place/Electric+Reaper+Tattoo/data=!4m2!3m1!1s0x47a84f99c31deeef:0x8df061810679e53d,Electric Reaper Tattoo,shop,favorite,
Berlin,52.5244479,13.351456800000001,https://www.google.com/maps/place/Flower+and+Garden+Art+Tunger+Cord+GmbH/data=!4m2!3m1!1s0x47a851a105f97a7d:0xc7b64980b2a368c6,Flower and Garden Art Tunger Cord GmbH,shop,favorite,
Berlin,52.509129,13.3918814,https://www.google.com/maps/place/Flowers+Marsano+GmbH/data=!4m2!3m1!1s0x47a851d1263dadb3:0xf161f5e713fd18a6,Flowers Marsano GmbH,shop,favorite,
Berlin,52.5469784,13.416312500000002,https://www.google.com/maps/place/FORMAT+Warenwunderland/data=!4m2!3m1!1s0x47a853c39df8bdaf:0x7849bb3e7056c1ea,FORMAT Warenwunderland,shop,favorite,
Berlin,52.52179280000001,13.3220753,https://www.google.com/maps/place/FrischeParadies+%7C+Feinkostmarkt+%26+Bistro+Berlin+Charlottenburg/data=!4m2!3m1!1s0x47a851271a2886e1:0xd61a89a94578481f,FrischeParadies | Feinkostmarkt & Bistro Berlin Charlottenburg,shop,favorite,
Berlin,52.524389,13.3519594,https://www.google.com/maps/place/Furniture+Garden/data=!4m2!3m1!1s0x47a851065a753eff:0xb9d728d2833ec619,Furniture Garden,shop,favorite,
Berlin,52.503941999999995,13.3077499,https://www.google.com/maps/place/Goldhahn+und+Sampson+Charlottenburg/data=!4m2!3m1!1s0x47a850e7157b3db3:0x35203fa60492bc46,Goldhahn und Sampson Charlottenburg,shop,favorite,
Berlin,52.542218999999996,13.4207331,https://www.google.com/maps/place/Goldhahn+und+Sampson+Prenzlauer+Berg/data=!4m2!3m1!1s0x47a84dffcc6d75bf:0x41eed1dccb1508d1,Goldhahn und Sampson Prenzlauer Berg,shop,favorite,
Berlin,52.5296427,13.3985699,https://www.google.com/maps/place/Good+Old+Times+Tattoo+Berlin/data=!4m2!3m1!1s0x47a851e5babb7b4f:0xcefe88fba92df198,Good Old Times Tattoo Berlin,shop,favorite,
Berlin,52.51022,13.454125999999999,https://www.google.com/maps/place/Gusti+Leder+-+Lederwarengesch%C3%A4ft+-+Taschenreparatur/data=!4m2!3m1!1s0x47a84e5bf5f45019:0xb2b440dfb996faab,Gusti Leder - Lederwarengeschäft - Taschenreparatur,shop,favorite,
Berlin,52.5281589,13.410829799999998,https://www.google.com/maps/place/HAY+BERLIN/data=!4m2!3m1!1s0x47a851e899657827:0x5040dee2ba55bf1a,HAY BERLIN,shop,favorite,
Berlin,52.52660689999999,13.3350827,https://www.google.com/maps/place/Humana+Secondhand+%26+Vintage/data=!4m2!3m1!1s0x47a8510da0ab55e9:0x92eafab1cbdd0ff5,Humana Secondhand & Vintage,shop,favorite,true
Berlin,52.5016021,13.340992999999997,https://www.google.com/maps/place/KaDeWe+-+Kaufhaus+des+Westens/data=!4m2!3m1!1s0x47a850542272bf61:0xedabbb0cc3d90eec,KaDeWe - Kaufhaus des Westens,shop,favorite,
Berlin,52.51604999999999,13.498939999999997,https://www.google.com/maps/place/KATINKA+INK/data=!4m2!3m1!1s0x47a84f51928499cb:0x7d47ff8dda058980,KATINKA INK,shop,favorite,
Berlin,52.534499999999994,13.415549999999998,https://www.google.com/maps/place/kollwitz45/data=!4m2!3m1!1s0x47a84e0242ed812b:0xe5fe2a7a70ae1f9d,kollwitz45,shop,favorite,
Berlin,52.487296699999995,13.425500399999997,https://www.google.com/maps/place/Kryza/data=!4m2!3m1!1s0x47a84fdeaff94575:0x802e4b2b0e80c4a6,Kryza,shop,favorite,
Berlin,52.4891464,13.397646900000003,https://www.google.com/maps/place/K%C3%BCchenliebe+Marheinekeplatz/data=!4m2!3m1!1s0x47a84fde4b8ba391:0xb5454d7706a24f6f,Küchenliebe Marheinekeplatz,shop,favorite,
Berlin,52.510981199999996,13.322652999999997,https://www.google.com/maps/place/Manufactum+Warenhaus/data=!4m2!3m1!1s0x47a8511d1785d5e3:0x855b9eb4374c0156,Manufactum Warenhaus,shop,favorite,
Berlin,52.469973599999996,13.427875900000002,https://www.google.com/maps/place/Marilyne+Blais+Studio/data=!4m2!3m1!1s0x47a84f0dd37c742b:0x5343efed42f068e9,Marilyne Blais Studio,shop,favorite,
Berlin,52.497679899999994,13.4252474,https://www.google.com/maps/place/Maypop/data=!4m2!3m1!1s0x47a84f0250982083:0xaa7c578c18af6e1b,Maypop,shop,favorite,
Berlin,52.503381999999995,13.41011,https://www.google.com/maps/place/Modulor/data=!4m2!3m1!1s0x47a84e2c2d622fcf:0x266283bbcd0c4740,Modulor,shop,favorite,
Berlin,52.500191699999995,13.439705600000002,https://www.google.com/maps/place/Motto+Berlin/data=!4m2!3m1!1s0x47a84e4dcf217d93:0xb777a79c1cf7c9de,Motto Berlin,shop,favorite,
Berlin,52.5244414,13.401696599999998,https://www.google.com/maps/place/Neurotitan+Shop+%26+Gallery/data=!4m2!3m1!1s0x47a851e0e04630ab:0x4ab73ad34259e931,Neurotitan Shop & Gallery,shop,favorite,
Berlin,52.51698520000001,13.45313,https://www.google.com/maps/place/Now+%26+Then+tattooing/data=!4m2!3m1!1s0x47a84f6404831353:0xf1062c2ff0cfdb58,Now & Then tattooing,shop,favorite,
Berlin,52.536487799999996,13.419863500000002,https://www.google.com/maps/place/Patina+Designklassiker+-+Berlin/data=!4m2!3m1!1s0x47a84f7e85468cd9:0x447008d4b21d101d,Patina Designklassiker - Berlin,shop,favorite,
Berlin,52.542771699999996,13.3711264,https://www.google.com/maps/place/Pilea+-+Living+with+Plants/data=!4m2!3m1!1s0x47a851423a4aeac5:0x150c9bd10fd8ab5f,Pilea - Living with Plants,shop,favorite,
Berlin,52.526979999999995,13.4100902,https://www.google.com/maps/place/Pro+qm+thematische+Buchhandlung/data=!4m2!3m1!1s0x47a84e1df710a651:0x7a82c7864e6211fb,Pro qm thematische Buchhandlung,shop,favorite,
Berlin,52.447765,13.305973999999999,https://www.google.com/maps/place/S+T+A+T+I+O+N+-+K+%C3%9C+C+H+E/data=!4m2!3m1!1s0x47a85a60501bf20b:0x1d8fccd32655e5a0,S T A T I O N - K Ü C H E,shop,favorite,
Berlin,52.5273285,13.4029725,https://www.google.com/maps/place/Schee/data=!4m2!3m1!1s0x47a851e3fc62fb25:0x1823ae966ae74953,Schee,shop,favorite,
Berlin,52.498356,13.296852,https://www.google.com/maps/place/smow+Berlin/data=!4m2!3m1!1s0x47a850c3759d44bf:0x7592a1bf8c73383b,smow Berlin,shop,favorite,
Berlin,52.529002,13.407109199999999,https://www.google.com/maps/place/soto+store/data=!4m2!3m1!1s0x47a851e1a8d2ca4f:0x6b564792a0f184cb,soto store,shop,favorite,
Berlin,52.486635500000006,13.436385199999998,https://www.google.com/maps/place/Sound+Metaphors/data=!4m2!3m1!1s0x47a84e354ae0ebf7:0xd6fac0e91f1e997,Sound Metaphors,shop,favorite,
Berlin,52.4998763,13.423805,https://www.google.com/maps/place/Studio+Linn%C3%A9/data=!4m2!3m1!1s0x47a84f964cbedd7f:0x9d0257f841ee29b4,Studio Linné,shop,favorite,
Berlin,52.528934299999996,13.4071584,https://www.google.com/maps/place/Superconscious+Store/data=!4m2!3m1!1s0x47a851e4eaddf003:0x692bd733cd2b9923,Superconscious Store,shop,favorite,
Berlin,52.5410038,13.4241116,https://www.google.com/maps/place/The+Amazing+Crocodile+Design+Store/data=!4m2!3m1!1s0x47a84e1d89f9516b:0x8fc63f9c70f1e8eb,The Amazing Crocodile Design Store,shop,favorite,
Berlin,52.54531459999999,13.3709555,https://www.google.com/maps/place/The+Chamber/data=!4m2!3m1!1s0x47a851dc31e9b843:0x262f1482c98eddd4,The Chamber,shop,favorite,
Berlin,52.5276141,13.415818999999999,https://www.google.com/maps/place/The+Store+X+Berlin/data=!4m2!3m1!1s0x47a84e1c439e08bb:0x853b981aa9de358c,The Store X Berlin,shop,favorite,
Berlin,52.470647,13.4284121,https://www.google.com/maps/place/THREE+POINTS+Tattoo+Berlin/data=!4m2!3m1!1s0x47a84f5e2efaf0f9:0xecc7627201e58184,THREE POINTS Tattoo Berlin,shop,favorite,
Berlin,52.5347123,13.4242518,https://www.google.com/maps/place/Trangly+Blumen/data=!4m2!3m1!1s0x47a84e0425261c89:0x1c83c99820880e1,Trangly Blumen,shop,favorite,
Berlin,52.4810517,13.4289106,https://www.google.com/maps/place/Unter+der+Hand/data=!4m2!3m1!1s0x47a84fbb8453553f:0x988ca811cdb4ca1e,Unter der Hand,shop,favorite,
Berlin,52.5277987,13.412940400000002,https://www.google.com/maps/place/Very+Ugly+Place/data=!4m2!3m1!1s0x47a84fe7941b39a9:0xfb0a82496198cff2,Very Ugly Place,shop,favorite,
Berlin,52.542828199999995,13.420728899999999,https://www.google.com/maps/place/Victoria+met+Albert/data=!4m2!3m1!1s0x47a84dffb0d41f9d:0xeb972a636570459,Victoria met Albert,shop,favorite,
Berlin,52.5011596,13.421327499999999,https://www.google.com/maps/place/Voo+Store/data=!4m2!3m1!1s0x47a84e347b134bfd:0x3930cf7d9eac4972,Voo Store,shop,favorite,
Berlin,52.503304199999995,13.4101629,https://www.google.com/maps/place/WERKHAUS+GmbH+Shop/data=!4m2!3m1!1s0x47a84e2db308b0f5:0x6d37311483d85c4d,WERKHAUS GmbH Shop,shop,favorite,true
Berlin,52.5272186,13.4046509,https://www.google.com/maps/place/WHEADON+BERLIN+-+Clean+Beauty+%26+Niche+Perfumes+-+Tuesday+%26+Wednesday+%0AShopping+by+appointment+!/data=!4m2!3m1!1s0x47a851e3d9633005:0xe640eb524e43d85c,WHEADON BERLIN - Clean Beauty & Niche Perfumes - Tuesday & Wednesday Shopping by appointment !,shop,favorite,
Berlin,52.493244999999995,13.426204899999998,https://www.google.com/maps/place/YES+studio+berlin+-+Concept+Store/data=!4m2!3m1!1s0x47a84fa970af4cff:0x296759a995c4cb62,YES studio berlin - Concept Store,shop,favorite,
Berlin,52.49190000000001,13.425490000000002,https://www.google.com/maps/place/Z%C3%96NOT%C3%89KA/data=!4m2!3m1!1s0x47a84fb5df962809:0x6acb7100c0607f24,ZÖNOTÉKA,shop,favorite,
Berlin,52.50159300000001,13.417530199999998,https://www.google.com/maps/place/Vintage+Living/data=!4m2!3m1!1s0x47a84e2def195555:0xb7a8d989a419b19c,Vintage Living,vintage,favorite,true
Berlin,52.5310683,13.4004339,https://www.google.com/maps/place/ANTI/data=!4m2!3m1!1s0x47a851ccdf0fccb9:0x294dd6cb7b04e15b,ANTI,art,favorite,
Berlin,52.5376402,13.5743969,https://www.google.com/maps/place/Irrgarten+Labyrinth/data=!4m2!3m1!1s0x47a84bc3ad94a8eb:0x8754e8d5db0a0f79,Irrgarten Labyrinth,art,want to go,
Berlin,52.533101800000004,13.3801597,https://www.google.com/maps/place/19grams+Chaussee/data=!4m2!3m1!1s0x47a85192c3224f01:0x8fb42c453bc2ab2,19grams Chaussee,bakery,want to go,
Berlin,52.545179399999995,13.422823999999999,https://www.google.com/maps/place/amat%C5%8D/data=!4m2!3m1!1s0x47a84de93f6bb90f:0x35ad5c4eba15bc98,amatō,bakery,want to go,
Berlin,52.509279199999995,13.4582097,https://www.google.com/maps/place/AO+Cafe/data=!4m2!3m1!1s0x47a84f97f68654e3:0x528f679fc3070a8f,AO Cafe,bakery,want to go,
Berlin,52.4803347,13.4422696,https://www.google.com/maps/place/August+Lebensmittel/data=!4m2!3m1!1s0x47a84fe4c2346ab9:0x81275e25a94412a4,August Lebensmittel,bakery,want to go,
Berlin,52.4670377,13.3253732,https://www.google.com/maps/place/Babka+%26+Krantz+Meisterkonditorei/data=!4m2!3m1!1s0x47a851ed9f1e1e43:0x50d2f71ef095b6ce,Babka & Krantz Meisterkonditorei,bakery,want to go,
Berlin,52.518351700000004,13.4613418,https://www.google.com/maps/place/Backaro/data=!4m2!3m1!1s0x47a84f7a486011b7:0x7bd8530af8573e37,Backaro,bakery,want to go,
Berlin,52.5174245,13.460923099999999,https://www.google.com/maps/place/Bake+and+Take/data=!4m2!3m1!1s0x47a84f10a85d6659:0x2a2f1fb76e8d6b81,Bake and Take,bakery,want to go,
Berlin,52.4749549,13.4396191,https://www.google.com/maps/place/Barakat+Tandur+Brot/data=!4m2!3m1!1s0x47a84fd3c5e7de0b:0xae17c6c9e8d72805,Barakat Tandur Brot,bakery,want to go,
Berlin,52.525040499999996,13.4018739,https://www.google.com/maps/place/BEN+RAHIM/data=!4m2!3m1!1s0x47a851e1305f00f7:0x13c8bf3bf182e42e,BEN RAHIM,bakery,want to go,
Berlin,52.49263800000001,13.356392,https://www.google.com/maps/place/Berlin+Homemade+Icecream/data=!4m2!3m1!1s0x47a85046417d68e9:0x91be19090906075,Berlin Homemade Icecream,bakery,want to go,
Berlin,52.50584,13.421303799999999,https://www.google.com/maps/place/Blumental/data=!4m2!3m1!1s0x47a84f6e9e10cd21:0x27231e1f65656bad,Blumental,bakery,want to go,
Berlin,52.5251479,13.3936879,https://www.google.com/maps/place/Bonbonmacherei/data=!4m2!3m1!1s0x47a851e62b20fddb:0x296f826896f8893e,Bonbonmacherei,bakery,want to go,
Berlin,52.4767177,13.420027399999997,https://www.google.com/maps/place/Caf%C3%A9+Engels/data=!4m2!3m1!1s0x41652367a4962315:0xe1939a932786a0fb,Café Engels,bakery,want to go,
Berlin,52.4978438,13.3417035,https://www.google.com/maps/place/Caf%C3%A9+Komine/data=!4m2!3m1!1s0x47a85050cdb3d3bd:0x2294735d072be04d,Café Komine,bakery,want to go,
Berlin,52.51611969999999,13.414671699999998,https://www.google.com/maps/place/Calli.+the+coffee+club/data=!4m2!3m1!1s0x47a84f1c5ec56b05:0x1d3093c571ddbcfb,Calli. the coffee club,bakery,want to go,
Berlin,52.4897848,13.395690199999999,https://www.google.com/maps/place/Chapter+One+Coffee/data=!4m2!3m1!1s0x47a84fd9d5f5ab65:0xff2f9adcd3c28c,Chapter One Coffee,bakery,want to go,
Berlin,52.48063,13.4397556,https://www.google.com/maps/place/Cheeky/data=!4m2!3m1!1s0x47a84f2741b69407:0xd981691742b02fa3,Cheeky,bakery,want to go,
Berlin,52.5326848,13.3985759,https://www.google.com/maps/place/CODOS+Berlin/data=!4m2!3m1!1s0x47a851e54c6561e1:0x46345338ef101ebd,CODOS Berlin,bakery,want to go,
Berlin,52.474521200000005,13.439958,https://www.google.com/maps/place/Common/data=!4m2!3m1!1s0x47a84f005e25854d:0x3993e7971645533f,Common,bakery,want to go,
Berlin,52.4834032,13.4412229,https://www.google.com/maps/place/Companion+Tea+%26+Coffee/data=!4m2!3m1!1s0x47a84f73b2ce9561:0xa1c47d7a7b85e1d3,Companion Tea & Coffee,bakery,want to go,
Berlin,52.4627832,13.3202685,https://www.google.com/maps/place/Crapulix/data=!4m2!3m1!1s0x47a85b4920d84429:0x50762fc7e9fe62b1,Crapulix,bakery,want to go,
Berlin,52.5404908,13.349340299999998,https://www.google.com/maps/place/Eiskult/data=!4m2!3m1!1s0x47a85179a53922c7:0x361c9a127cd5fb1f,Eiskult,bakery,want to go,
Berlin,52.51188789999999,13.307197899999997,https://www.google.com/maps/place/Fit+Cake/data=!4m2!3m1!1s0x47a85100033a98f3:0x1256c9e36e78bd29,Fit Cake,bakery,want to go,
Berlin,52.5100568,13.322775199999997,https://www.google.com/maps/place/Giro+Coffee+Bar/data=!4m2!3m1!1s0x47a8511d439385bb:0x448ad75daa878f5,Giro Coffee Bar,bakery,want to go,
Berlin,52.505713899999996,13.437872400000002,https://www.google.com/maps/place/GOODLYFE/data=!4m2!3m1!1s0x47a8539c0ff50b99:0xe01e6a94079a546e,GOODLYFE,bakery,want to go,
Berlin,52.546459299999995,13.4188658,https://www.google.com/maps/place/Hacker+B%C3%A4ckerei+%26+Konditorei/data=!4m2!3m1!1s0x47a85200ae9b944b:0x92b237872d7f64c4,Hacker Bäckerei & Konditorei,bakery,want to go,
Berlin,52.526619,13.351327999999999,https://www.google.com/maps/place/honiggelb+berlin/data=!4m2!3m1!1s0x47a8513dcec23a91:0x1418bbab7ec1221f,honiggelb berlin,bakery,want to go,
Berlin,52.540596199999996,13.419345499999997,https://www.google.com/maps/place/h%C3%A4ppies/data=!4m2!3m1!1s0x47a84dffd85e1a97:0x6b47e7524e715fe,häppies,bakery,want to go,
Berlin,52.4931718,13.4227233,https://www.google.com/maps/place/Ingwer/data=!4m2!3m1!1s0x47a84f4117925dc9:0xa75d65cae56088da,Ingwer,bakery,want to go,
Berlin,52.4974096,13.342160900000001,https://www.google.com/maps/place/Jules+Geisberg/data=!4m2!3m1!1s0x47a851955b265f9d:0x7628741579163ff5,Jules Geisberg,bakery,want to go,
Berlin,52.5430114,13.4127993,https://www.google.com/maps/place/Jute+B%C3%A4ckerei/data=!4m2!3m1!1s0x47a85201ce31b38b:0xcff75bd651ac0003,Jute Bäckerei,bakery,want to go,
Berlin,52.54418719999999,13.4219242,https://www.google.com/maps/place/Kajumi/data=!4m2!3m1!1s0x47a84ded6a41058d:0x3eafafd997580b8a,Kajumi,bakery,want to go,
Berlin,52.54287939999999,13.417905600000001,https://www.google.com/maps/place/LA+MAISON+Helmholtzplatz/data=!4m2!3m1!1s0x47a84d0051f8a383:0x24984649fda964b7,LA MAISON Helmholtzplatz,bakery,want to go,
Berlin,52.48352879999999,13.4352357,https://www.google.com/maps/place/Le+Brot/data=!4m2!3m1!1s0x47a84fa4fcd640bb:0x7f4dc8fb90363244,Le Brot,bakery,want to go,
Berlin,52.526692000000004,13.390209800000001,https://www.google.com/maps/place/LOTI+PANT%C3%93N+Macarons/data=!4m2!3m1!1s0x47a85b8049ae2281:0xa050b5b075d96cf7,LOTI PANTÓN Macarons,bakery,want to go,
Berlin,52.544307700000005,13.4219837,https://www.google.com/maps/place/luuv+caf%C3%A9/data=!4m2!3m1!1s0x47a84d00017c097f:0xaee1fbf4fcc03628,luuv café,bakery,want to go,
Berlin,52.514222999999994,13.464751200000002,https://www.google.com/maps/place/Madame+Paloma+Bakehouse/data=!4m2!3m1!1s0x47a84f15bb67b66d:0x9b2188c528f163cf,Madame Paloma Bakehouse,bakery,want to go,
Berlin,52.4845291,13.4348178,https://www.google.com/maps/place/Malek+Al+Konafeh+%D9%85%D9%84%D9%83+%D8%A7%D9%84%D9%83%D9%86%D8%A7%D9%81%D8%A9%E2%80%AD/data=!4m2!3m1!1s0x47a84f1b46a094ed:0x218d075442ca4687,Malek Al Konafeh ملك الكنافة,bakery,want to go,
Berlin,52.4890324,13.428835,https://www.google.com/maps/place/Marc.+Patisserie/data=!4m2!3m1!1s0x47a84f70f9b8f0b1:0x644a1262201be629,Marc. Patisserie,bakery,want to go,
Berlin,52.5374098,13.4119067,https://www.google.com/maps/place/Material/data=!4m2!3m1!1s0x47a85142a64da85d:0x7a8747071e18f09d,Material,bakery,want to go,
Berlin,52.4790643,13.441671799999998,https://www.google.com/maps/place/Mignon+Sicilian+Bakery/data=!4m2!3m1!1s0x47a84f0507239ac7:0xb72cfe5f69725f1d,Mignon Sicilian Bakery,bakery,want to go,
Berlin,52.5298171,13.424699200000001,https://www.google.com/maps/place/Momo+Mochi+Donut/data=!4m2!3m1!1s0x47a84f860c63e98d:0x1808391805f01cb2,Momo Mochi Donut,bakery,want to go,
Berlin,52.552475,13.450871899999997,https://www.google.com/maps/place/Natas+Berlin+Portugiesische+Konditorei/data=!4m2!3m1!1s0x47a84dd9bb788781:0x54a8bbf843c77044,Natas Berlin Portugiesische Konditorei,bakery,want to go,
Berlin,52.477581699999995,13.4235733,https://www.google.com/maps/place/Portuguese+Bakery+Caf%C3%A9+Alice/data=!4m2!3m1!1s0x47a84f003c20c48d:0x2d5bf032ba4b4dd4,Portuguese Bakery Café Alice,bakery,want to go,
Berlin,52.49995089999999,13.398012299999996,https://www.google.com/maps/place/P%C3%A2tisserie+Sarina+(preorder+online+only)/data=!4m2!3m1!1s0x47a84fd549355af9:0x42b33f57e6f4327d,Pâtisserie Sarina (preorder online only),bakery,want to go,
Berlin,52.5414769,13.4195752,https://www.google.com/maps/place/Schim:Pause/data=!4m2!3m1!1s0x47a84d0044ecb9bb:0x7e8963065e0ed76a,Schim:Pause,bakery,want to go,
Berlin,52.4902678,13.402581,https://www.google.com/maps/place/Scratch/data=!4m2!3m1!1s0x47a84f4ff06b9f31:0xe6f4aca41f1754c0,Scratch,bakery,want to go,
Berlin,52.4982413,13.324961499999999,https://www.google.com/maps/place/Sinless+Cakes+Cafe/data=!4m2!3m1!1s0x47a851aea374a58d:0x5f2d5292c534d996,Sinless Cakes Cafe,bakery,want to go,
Berlin,52.52622479999999,13.400906899999997,https://www.google.com/maps/place/SOFI/data=!4m2!3m1!1s0x47a8514532b4d059:0x9ac8602e76a01b3c,SOFI,bakery,want to go,
Berlin,52.490000699999996,13.400664,https://www.google.com/maps/place/Sofis+Ice+Cream+-+ORGANIC/data=!4m2!3m1!1s0x47a84fcead0303f9:0x5512dc78027e15d6,Sofis Ice Cream - ORGANIC,bakery,want to go,
Berlin,52.5355099,13.4194857,https://www.google.com/maps/place/S%C3%BC%C3%9Ffein+Rykestra%C3%9Fe/data=!4m2!3m1!1s0x47a84fef33e9fdbd:0x524d229313fee3ee,Süßfein Rykestraße,bakery,want to go,
Berlin,52.5356557,13.421101499999997,https://www.google.com/maps/place/tenzan+lab./data=!4m2!3m1!1s0x47a84fe0d5549fb5:0x30d324d8afea114b,tenzan lab.,bakery,want to go,
Berlin,52.491240999999995,13.411107999999999,https://www.google.com/maps/place/The+Ice-maker+-+Berlin/data=!4m2!3m1!1s0x47a84fd0506694f3:0x2eb2e7b6b520d7eb,The Ice-maker - Berlin,bakery,want to go,
Berlin,52.5289539,13.394568399999997,https://www.google.com/maps/place/The+Sanctuary+-+Mitte/data=!4m2!3m1!1s0x47a8515e2e7ac859:0x728fcdbb02f4b4df,The Sanctuary - Mitte,bakery,want to go,
Berlin,52.5375391,13.4210677,https://www.google.com/maps/place/Tribeca+Ice+Cream+Prenzlauer+Berg/data=!4m2!3m1!1s0x47a8505998be3289:0xb20cb7db2ccfa08d,Tribeca Ice Cream Prenzlauer Berg,bakery,want to go,
Berlin,52.4863893,13.3735544,https://www.google.com/maps/place/vej+coffee/data=!4m2!3m1!1s0x47a851a68e469bdb:0xbcb8eec850443d34,vej coffee,bakery,want to go,
Berlin,52.53412719999999,13.415915599999998,https://www.google.com/maps/place/Zacharias.Kaffeebar/data=!4m2!3m1!1s0x47a84f7c797ee40d:0x777f72f034e1602a,Zacharias.Kaffeebar,bakery,want to go,
Berlin,52.4979843,13.359741900000001,https://www.google.com/maps/place/ZEIT+Caf%C3%A9/data=!4m2!3m1!1s0x47a85117549cb735:0x8e1a8cc9448aafde,ZEIT Café,bakery,want to go,
Berlin,52.546070199999996,13.412496899999997,https://www.google.com/maps/place/Zuckerberg+-+Traditional+Candy+Shop/data=!4m2!3m1!1s0x47a852019d52ccef:0x63ea569966900694,Zuckerberg - Traditional Candy Shop,bakery,want to go,
Berlin,52.5019167,13.4408012,https://www.google.com/maps/place/z%C3%A0gara+-+gelato+e+caff%C3%A8/data=!4m2!3m1!1s0x47a84fca16277c3b:0x157f1b6084213812,zàgara - gelato e caffè,bakery,want to go,
Berlin,52.5538318,13.3874347,https://www.google.com/maps/place/800A+Bar+%26+Cabaret/data=!4m2!3m1!1s0x47a8522304c48d5b:0x125cff2be0c4ac3a,800A Bar & Cabaret,bar,want to go,
Berlin,52.53121799999999,13.411523999999998,https://www.google.com/maps/place/8MM/data=!4m2!3m1!1s0x47a851e2aac77ca1:0xa60547d856e96adf,8MM,bar,want to go,
Berlin,52.4829207,13.4287199,https://www.google.com/maps/place/Alaska+Bar/data=!4m2!3m1!1s0x47a84fbbc973a257:0x56d8625c7dd0cb57,Alaska Bar,bar,want to go,
Berlin,52.4818931,13.436800699999997,https://www.google.com/maps/place/Babbo+bar/data=!4m2!3m1!1s0x47a84fa4fb1813e5:0xda75a5cf49f1d7c4,Babbo bar,bar,want to go,
Berlin,52.5141727,13.4678652,https://www.google.com/maps/place/Bagatelle/data=!4m2!3m1!1s0x47a84e8acb66a48d:0x961cbc24399cd8b6,Bagatelle,bar,want to go,
Berlin,52.52582470000001,13.403885900000002,https://www.google.com/maps/place/BAR+BASTA+-+ALL+DAY+EATERY/data=!4m2!3m1!1s0x47a851ed52756ff3:0x111de654dfa760da,BAR BASTA - ALL DAY EATERY,bar,want to go,
Berlin,52.5119999,13.466527899999999,https://www.google.com/maps/place/BAR+BAUTROCKNER/data=!4m2!3m1!1s0x47a84f79516364ad:0xe3134b869766bd6c,BAR BAUTROCKNER,bar,want to go,
Berlin,52.489722199999996,13.3833333,https://www.google.com/maps/place/Bar+Franzotti/data=!4m2!3m1!1s0x47a85025de0d7e79:0xbe5a7fa78020d28a,Bar Franzotti,bar,want to go,
Berlin,52.5477833,13.4887222,https://www.google.com/maps/place/Bar+in+Water+Tower/data=!4m2!3m1!1s0x47a84c33c5601c53:0x69c621e2be3c0dae,Bar in Water Tower,bar,want to go,
Berlin,52.531317900000005,13.400150100000001,https://www.google.com/maps/place/Bar+Milano/data=!4m2!3m1!1s0x47a851e51ffe5293:0x97b4caad4317d446,Bar Milano,bar,want to go,
Berlin,52.5116867,13.4179463,https://www.google.com/maps/place/Bar+Neiro/data=!4m2!3m1!1s0x47a84fdeeeb0e595:0x5a98a25a918f7da3,Bar Neiro,bar,want to go,
Berlin,52.500687,13.3062886,https://www.google.com/maps/place/Bar+Panorama+Berlin/data=!4m2!3m1!1s0x47a850e7c2bd39f7:0x694917e53c3cbbb7,Bar Panorama Berlin,bar,want to go,
Berlin,52.483519799999996,13.4403808,https://www.google.com/maps/place/Bar+Weserkrug/data=!4m2!3m1!1s0x47a84fa5be241bcb:0xac871567ec417571,Bar Weserkrug,bar,want to go,
Berlin,52.505057199999996,13.329039900000001,https://www.google.com/maps/place/Bar+Zentral/data=!4m2!3m1!1s0x47a850fc28ffbc63:0x2bb363c2ecfd957a,Bar Zentral,bar,want to go,
Berlin,52.5079411,13.453391999999997,https://www.google.com/maps/place/Bar+Zum+schmutzigen+Hobby/data=!4m2!3m1!1s0x47a84e5bcde2c609:0x851888c9a5b5e875,Bar Zum schmutzigen Hobby,bar,want to go,
Berlin,52.5215415,13.386004800000002,https://www.google.com/maps/place/Bar+%C3%A0+Vin/data=!4m2!3m1!1s0x47a851c246d07ebd:0xbd824171d35671be,Bar à Vin,bar,want to go,
Berlin,52.4785861,13.4389286,https://www.google.com/maps/place/BARBER+BROTHERS+(Friseur+Schnittpunkt)/data=!4m2!3m1!1s0x47a84ff4615a34df:0x35b259e492a1bc31,BARBER BROTHERS (Friseur Schnittpunkt),bar,want to go,
Berlin,52.5171494,13.400869799999999,https://www.google.com/maps/place/Baret/data=!4m2!3m1!1s0x47a8516f965b802f:0x959db5632decc0b8,Baret,bar,want to go,
Berlin,52.49393179999999,13.4374785,https://www.google.com/maps/place/Barkin'Kitchen/data=!4m2!3m1!1s0x47a84f7454e867a7:0x2fb5bbce26d0a594,Barkin'Kitchen,bar,want to go,
Berlin,52.5303819,13.3671892,https://www.google.com/maps/place/Bata+Bar+%26+Billiards+am+Hauptbahnhof/data=!4m2!3m1!1s0x47a85197382c5729:0x76d470cd851757ee,Bata Bar & Billiards am Hauptbahnhof,bar,want to go,
Berlin,52.4812769,13.452631600000004,https://www.google.com/maps/place/BAU+-+BAR+AM+UFER/data=!4m2!3m1!1s0x47a84fdd475f26df:0xc443df21924d2484,BAU - BAR AM UFER,bar,want to go,
Berlin,52.512158899999996,13.392056199999997,https://www.google.com/maps/place/Bellboy+Restaurant+Berlin/data=!4m2!3m1!1s0x47a851401e1ebdd1:0x712ae32088d0c51c,Bellboy Restaurant Berlin,bar,want to go,
Berlin,52.4847416,13.4580395,https://www.google.com/maps/place/Berliner+Berg+Brauerei/data=!4m2!3m1!1s0x47a84fa2be32ca0b:0x8b3aa2356dfa2126,Berliner Berg Brauerei,bar,want to go,
Berlin,52.5276026,13.4052582,https://www.google.com/maps/place/Betty+F+Bar/data=!4m2!3m1!1s0x47a851cc4963562f:0x4beb5cb895777dc6,Betty F Bar,bar,want to go,
Berlin,52.4900322,13.4270759,https://www.google.com/maps/place/Blanc+de+Fuck+-+NATURAL+WINE+BAR/data=!4m2!3m1!1s0x47a84f9c638d440d:0x20ffb2ee1b87b1bc,Blanc de Fuck - NATURAL WINE BAR,bar,want to go,
Berlin,52.4946487,13.3537681,https://www.google.com/maps/place/Bonvivant+Cocktail+Bistro/data=!4m2!3m1!1s0x47a8516b282676cd:0xef0cc41c51f27855,Bonvivant Cocktail Bistro,bar,want to go,
Berlin,52.5127755,13.45878,https://www.google.com/maps/place/booze+bar+berlin/data=!4m2!3m1!1s0x47a84e5e60959513:0x423d005db0c768b8,booze bar berlin,bar,want to go,
Berlin,52.5286255,13.3934769,https://www.google.com/maps/place/Brasserie+Torbar/data=!4m2!3m1!1s0x47a851ef48e44a6d:0xe24659531bac8e78,Brasserie Torbar,bar,want to go,
Berlin,52.546158899999995,13.348208,https://www.google.com/maps/place/Br%C3%BCsseler+Tor/data=!4m2!3m1!1s0x47a8517c3a0cada1:0x320d45d325a7acdd,Brüsseler Tor,bar,want to go,
Berlin,52.4739219,13.4427515,https://www.google.com/maps/place/CAF%C3%89+NEUK%C3%96LLN/data=!4m2!3m1!1s0x47a84fa0266f3d75:0x2e614aca8dfbd2a,CAFÉ NEUKÖLLN,bar,want to go,
Berlin,52.505975799999995,13.4669807,https://www.google.com/maps/place/Cielo+Weinbar/data=!4m2!3m1!1s0x47a84f5a36be34f9:0x9d0a33e081573ead,Cielo Weinbar,bar,want to go,
Berlin,52.484075000000004,13.432436099999999,https://www.google.com/maps/place/Das+Gift/data=!4m2!3m1!1s0x47a84fbaec5ea50d:0x2975cac67d431dbb,Das Gift,bar,want to go,
Berlin,52.526859099999996,13.396556900000002,https://www.google.com/maps/place/Der+kleine+August/data=!4m2!3m1!1s0x47a851aecd4b269f:0xf6c6de3ecdc58369,Der kleine August,bar,want to go,
Berlin,52.4732496,13.448526299999997,https://www.google.com/maps/place/Drei+Flaschen/data=!4m2!3m1!1s0x47a84fb93a856b69:0xe9fd072dda68ecae,Drei Flaschen,bar,want to go,
Berlin,52.50157850000001,13.416754800000003,https://www.google.com/maps/place/Dresden+in+Kreuzberg/data=!4m2!3m1!1s0x47a84e33ad14a1bf:0xed6c8359b15940c3,Dresden in Kreuzberg,bar,want to go,
Berlin,52.55094,13.3736132,https://www.google.com/maps/place/Dujardin/data=!4m2!3m1!1s0x47a85228b8d921eb:0xe7b929397af75b3e,Dujardin,bar,want to go,
Berlin,52.4926082,13.366613599999997,https://www.google.com/maps/place/E.+%26+M.+Leydicke/data=!4m2!3m1!1s0x47a85039d1a48e23:0xfce8b1aca8617b9b,E. & M. Leydicke,bar,want to go,
Berlin,52.5347556,13.4251497,https://www.google.com/maps/place/Enzo+Sushi+Bar/data=!4m2!3m1!1s0x47a84fd7c13d1641:0x7c996a4e34a3da8b,Enzo Sushi Bar,bar,want to go,
Berlin,52.5244941,13.4016856,https://www.google.com/maps/place/Eschschloraque/data=!4m2!3m1!1s0x47a851e115ac40cb:0x1a622acaabf30e84,Eschschloraque,bar,want to go,
Berlin,52.490292499999995,13.4268961,https://www.google.com/maps/place/fa:me+Gastrobar/data=!4m2!3m1!1s0x47a84fc54704e00f:0x7f070a1babae6f53,fa:me Gastrobar,bar,want to go,
Berlin,52.4935729,13.352074,https://www.google.com/maps/place/FABELEI+Cocktailbar/data=!4m2!3m1!1s0x47a85184f951ddad:0xef5be3c6c2647bc,FABELEI Cocktailbar,bar,want to go,
Berlin,52.500806999999995,13.4206889,https://www.google.com/maps/place/Fegers/data=!4m2!3m1!1s0x47a84e3486ff9ef9:0x90e45bc2af29d632,Fegers,bar,want to go,
Berlin,52.50062810000001,13.4221417,https://www.google.com/maps/place/Franken+Bar/data=!4m2!3m1!1s0x47a84e34592b4d2d:0x31e35f4369a7c2a,Franken Bar,bar,want to go,
Berlin,52.5182501,13.390308000000001,https://www.google.com/maps/place/Freundschaft/data=!4m2!3m1!1s0x47a8513abb9de725:0x2dd0b9ac899254a5,Freundschaft,bar,want to go,
Berlin,52.52926790000001,13.408132499999997,https://www.google.com/maps/place/Gastst%C3%A4tte+W.+Prassnik/data=!4m2!3m1!1s0x47a851e2f7bb18b5:0xb9184288b92b1fca,Gaststätte W. Prassnik,bar,want to go,
Berlin,52.52013839999999,13.390813599999998,https://www.google.com/maps/place/Georgia+Bar/data=!4m2!3m1!1s0x47a85120288b003d:0xa8707d0c191188d2,Georgia Bar,bar,want to go,
Berlin,52.5154578,13.295146500000001,https://www.google.com/maps/place/goldesel/data=!4m2!3m1!1s0x47a8512884fc47fb:0x8d698f019cfe4b41,goldesel,bar,want to go,
Berlin,52.4867247,13.378600899999999,https://www.google.com/maps/place/Golgatha+Biergarten/data=!4m2!3m1!1s0x47a850247c29c633:0x1c09cb14d10762b7,Golgatha Biergarten,bar,want to go,
Berlin,52.53421660000001,13.3586315,https://www.google.com/maps/place/Gravity+Bar/data=!4m2!3m1!1s0x47a8514de16acc69:0x6e840c67b7d75db1,Gravity Bar,bar,want to go,
Berlin,52.4970352,13.352974899999998,https://www.google.com/maps/place/Green+Door+Bar/data=!4m2!3m1!1s0x47a8504f016a78e5:0x791f891cc687af5b,Green Door Bar,bar,want to go,
Berlin,52.527844800000004,13.400857300000002,https://www.google.com/maps/place/Hackbarth%E2%80%99s/data=!4m2!3m1!1s0x47a851e419f4bc75:0xbcd0e661cef80855,Hackbarth’s,bar,want to go,
Berlin,52.542282,13.4207909,https://www.google.com/maps/place/H%C3%B6schen/data=!4m2!3m1!1s0x0:0xdd82ad4eb1c5572e,Höschen,bar,want to go,
Berlin,52.4982263,13.4308028,https://www.google.com/maps/place/It's+a+Bar/data=!4m2!3m1!1s0x47a84e4b1e55c2f3:0x3e1fd2fdd345bcae,It's a Bar,bar,want to go,
Berlin,52.5342087,13.3987134,https://www.google.com/maps/place/Jane+%26+the+Jam/data=!4m2!3m1!1s0x47a8510073b9d20b:0xc281cd6bc4896898,Jane & the Jam,bar,want to go,
Berlin,52.5502504,13.3691251,https://www.google.com/maps/place/Jatz+Bar/data=!4m2!3m1!1s0x47a852290b5bb3e1:0xc0a2526a393ef2c5,Jatz Bar,bar,want to go,
Berlin,52.490052899999995,13.428729,https://www.google.com/maps/place/Kauz+%26+Kiebitz/data=!4m2!3m1!1s0x47a84fb6c74d4787:0x488ea2e9ae5ad00c,Kauz & Kiebitz,bar,want to go,
Berlin,52.522491,13.401438,https://www.google.com/maps/place/Kilkenny+Irish+Pub/data=!4m2!3m1!1s0x47a851e09519cab3:0x93da205ae59417b0,Kilkenny Irish Pub,bar,want to go,
Berlin,52.54373959999999,13.377652999999997,https://www.google.com/maps/place/Kleine+Bar/data=!4m2!3m1!1s0x47a851899eddf85f:0xb7a6fdb1f9684bff,Kleine Bar,bar,want to go,
Berlin,52.5030774,13.3663563,https://www.google.com/maps/place/Kumpelnest+3000/data=!4m2!3m1!1s0x47a8504aa356f261:0x89cdb49d0f6be683,Kumpelnest 3000,bar,want to go,
Berlin,52.525204499999994,13.401866900000002,https://www.google.com/maps/place/K%C3%B6h+Billards/data=!4m2!3m1!1s0x47a851e1311d717b:0x7f93835f8dc6dbe6,Köh Billards,bar,want to go,
Berlin,52.5533752,13.415235500000001,https://www.google.com/maps/place/Lamm/data=!4m2!3m1!1s0x47a853dc349e6cad:0x3c0e8a1e7b1849fb,Lamm,bar,want to go,
Berlin,52.4909709,13.4262801,https://www.google.com/maps/place/Le+Balto/data=!4m2!3m1!1s0x47a84f6a2cac88f5:0x6ccd110c1ee5a49b,Le Balto,bar,want to go,
Berlin,52.531811,13.427497,https://www.google.com/maps/place/Le+Fl%C3%A2neur+-+specialties+from+France/data=!4m2!3m1!1s0x47a84e057d4809b1:0x691afea363dd1184,Le Flâneur - specialties from France,bar,want to go,
Berlin,52.490332099999996,13.426022899999998,https://www.google.com/maps/place/Lenau-Stuben/data=!4m2!3m1!1s0x47a84fb6676027c7:0x5368835e9def0ff3,Lenau-Stuben,bar,want to go,
Berlin,52.507211,13.452693,https://www.google.com/maps/place/Maaya+Berlin/data=!4m2!3m1!1s0x47a84e5a312be415:0x2a855ef67ad54f56,Maaya Berlin,bar,want to go,
Berlin,52.5393294,13.408448099999998,https://www.google.com/maps/place/Manifest+Taproom/data=!4m2!3m1!1s0x47a851e5456443b1:0xc2b37183a9849735,Manifest Taproom,bar,want to go,
Berlin,52.54605,13.366362099999998,https://www.google.com/maps/place/MARS+%7C+K%C3%BCche+%26+Bar/data=!4m2!3m1!1s0x47a851871f1687ff:0x78b74adab03c3644,MARS | Küche & Bar,bar,want to go,
Berlin,52.5437279,13.367631300000001,"https://www.google.com/maps/place/migas,+a+listening+bar/data=!4m2!3m1!1s0x47a8510131a36dad:0xba90f4afdebd3852","migas, a listening bar",bar,want to go,
Berlin,52.500000899999996,13.407301400000001,https://www.google.com/maps/place/MIRIKA/data=!4m2!3m1!1s0x47a84e2cd04ac7c7:0xbb3a1e4fbc5e4ee8,MIRIKA,bar,want to go,
Berlin,52.500882,13.4302528,https://www.google.com/maps/place/Monsieur+Collard/data=!4m2!3m1!1s0x47a84e4a38c9e451:0x13e410b60c8bac1e,Monsieur Collard,bar,want to go,
Berlin,52.49271209999999,13.4283638,https://www.google.com/maps/place/Mosto+%7C+Wines+%26+Magazines/data=!4m2!3m1!1s0x47a84fdf76af9db9:0x711fb18a3748fff5,Mosto | Wines & Magazines,bar,want to go,
Berlin,52.524429999999995,13.395800899999998,https://www.google.com/maps/place/Mr.+Susan/data=!4m2!3m1!1s0x47a8517b98e06395:0x84f54b684c2e5a0a,Mr. Susan,bar,want to go,
Berlin,52.5275192,13.403478400000001,https://www.google.com/maps/place/Muret+La+Barba/data=!4m2!3m1!1s0x47a851e3e51437d9:0xa7d1df1ad7eb443,Muret La Barba,bar,want to go,
Berlin,52.49827080000001,13.442477600000002,https://www.google.com/maps/place/Natural+Selection+Berlin/data=!4m2!3m1!1s0x47a84f562013c6e1:0x719d952b1f59ee2a,Natural Selection Berlin,bar,want to go,
Berlin,52.501366999999995,13.428322999999999,https://www.google.com/maps/place/Nomi/data=!4m2!3m1!1s0x47a84f5803224095:0x659f894bf4ae6a6a,Nomi,bar,want to go,
Berlin,52.553383,13.39163,https://www.google.com/maps/place/OFFSIDE+Pub+%26+Whisky+Bar/data=!4m2!3m1!1s0x47a8522282a4a499:0xe2be7af0a8822030,OFFSIDE Pub & Whisky Bar,bar,want to go,
Berlin,52.50231240000001,13.416916500000001,https://www.google.com/maps/place/Orania.Restaurant+%26+Orania.Bar/data=!4m2!3m1!1s0x47a84e324aca5385:0x89eee294cf6d5e12,Orania.Restaurant & Orania.Bar,bar,want to go,
Berlin,52.5089032,13.333885599999997,https://www.google.com/maps/place/Papillon+Restaurant+%26+Bar/data=!4m2!3m1!1s0x47a85104241e55e1:0x929bb8f9a337a557,Papillon Restaurant & Bar,bar,want to go,
Berlin,52.5054309,13.326345,https://www.google.com/maps/place/Paris+Bar/data=!4m2!3m1!1s0x47a850fc51daf903:0x77d34dc8379dda24,Paris Bar,bar,want to go,
Berlin,52.5271334,13.3879606,https://www.google.com/maps/place/Phantom+Bar/data=!4m2!3m1!1s0x47a85100114c26b9:0x5e37cef21dbee5f6,Phantom Bar,bar,want to go,
Berlin,52.5373612,13.408167500000001,https://www.google.com/maps/place/Pluto/data=!4m2!3m1!1s0x47a851672185dded:0xb1f19c642709fadd,Pluto,bar,want to go,
Berlin,52.4821272,13.3483535,https://www.google.com/maps/place/Queens/data=!4m2!3m1!1s0x47a8506984dfd2f5:0x4d41de115e89c333,Queens,bar,want to go,
Berlin,52.4973229,13.4235008,https://www.google.com/maps/place/REI+Bar+%7C+Izakaya/data=!4m2!3m1!1s0x47a84f11716b9965:0xe9941d18140210b8,REI Bar | Izakaya,bar,want to go,
Berlin,52.5480524,13.410129900000001,https://www.google.com/maps/place/Rhino%C3%A7%C3%A9ros/data=!4m2!3m1!1s0x47a84dfb9355203f:0xa936c63543ce05c5,Rhinoçéros,bar,want to go,
Berlin,52.4729883,13.4544735,https://www.google.com/maps/place/Ringbar/data=!4m2!3m1!1s0x47a84fc9cbcabf23:0x3359087bf0bddae8,Ringbar,bar,want to go,
Berlin,52.52389099999999,13.3945546,"https://www.google.com/maps/place/Root+Restaurant,+Bistro+%26+Bar/data=!4m2!3m1!1s0x47a85162ffc63ac7:0x8b14fb7b883632a2","Root Restaurant, Bistro & Bar",bar,want to go,
Berlin,52.480862699999996,13.3884349,https://www.google.com/maps/place/RosinenBAR+THF/data=!4m2!3m1!1s0x47a851d14b897293:0x3a0fbb3824c33a17,RosinenBAR THF,bar,want to go,
Berlin,52.4983833,13.326625,https://www.google.com/maps/place/Rum+Trader/data=!4m2!3m1!1s0x47a850f9fa25f59f:0x256dfc2a0e352a19,Rum Trader,bar,want to go,
Berlin,52.4759437,13.426138700000001,https://www.google.com/maps/place/SACREBLEU!+Winebar/data=!4m2!3m1!1s0x47a84f21bec9d3a9:0xc93ac09334a87794,SACREBLEU! Winebar,bar,want to go,
Berlin,52.5114456,13.463458,https://www.google.com/maps/place/Sheriff+Teddy+Bar/data=!4m2!3m1!1s0x47a84e5f7bccd7d5:0x71febb8bc1350a68,Sheriff Teddy Bar,bar,want to go,
Berlin,52.5039362,13.321745400000001,https://www.google.com/maps/place/Sicilia+Berlin+-+Restaurant+%26+Weinbar/data=!4m2!3m1!1s0x47a8515177b94157:0x7d3efedda70d0ba2,Sicilia Berlin - Restaurant & Weinbar,bar,want to go,
Berlin,52.4880615,13.430217899999997,https://www.google.com/maps/place/Silverfuture/data=!4m2!3m1!1s0x47a84fb0da82f1e5:0xd8de4ac17519ff14,Silverfuture,bar,want to go,
Berlin,52.504307999999995,13.383744,https://www.google.com/maps/place/SOLAR+Sky-Bar+Restaurant+Lounge/data=!4m2!3m1!1s0x47a851cd7ba364d9:0x75cd0b1b529712fc,SOLAR Sky-Bar Restaurant Lounge,bar,want to go,
Berlin,52.5579878,13.3893225,https://www.google.com/maps/place/Soldiner+Eck/data=!4m2!3m1!1s0x47a85331554317c7:0x31588fbc4557e342,Soldiner Eck,bar,want to go,
Berlin,52.534501,13.424853699999998,https://www.google.com/maps/place/Sorsi+e+Morsi/data=!4m2!3m1!1s0x47a84e04324686bd:0x73350516cc04c838,Sorsi e Morsi,bar,want to go,
Berlin,52.4975727,13.3516112,https://www.google.com/maps/place/Stagger+Lee/data=!4m2!3m1!1s0x47a8504fb280a8cd:0xad591771c3a0c257,Stagger Lee,bar,want to go,
Berlin,52.5020891,13.364489599999999,https://www.google.com/maps/place/Studio1111/data=!4m2!3m1!1s0x47a851fbf8efe541:0x47b333fe6832a06c,Studio1111,bar,want to go,
Berlin,52.499014700000004,13.4455737,https://www.google.com/maps/place/St%C3%BCck/data=!4m2!3m1!1s0x47a84fe9a21aa299:0x410a83323cba8776,Stück,bar,want to go,
Berlin,52.490563599999994,13.434928300000001,https://www.google.com/maps/place/SWAY/data=!4m2!3m1!1s0x47a84f4fe2e76fc1:0xe0c170159b806989,SWAY,bar,want to go,
Berlin,52.5117542,13.413726199999997,https://www.google.com/maps/place/The+Brooklyn/data=!4m2!3m1!1s0x47a84e25a9bba487:0x27fa97f2a2c1a634,The Brooklyn,bar,want to go,
Berlin,52.544477199999996,13.3716976,https://www.google.com/maps/place/The+Forsberg/data=!4m2!3m1!1s0x47a851887cd46d05:0x24e5420f93b97cf3,The Forsberg,bar,want to go,
Berlin,52.505725399999996,13.380306000000001,https://www.google.com/maps/place/The+Gibson+Bar+Berlin/data=!4m2!3m1!1s0x47a851cf18c6a453:0xc8489cb4d6d1358a,The Gibson Bar Berlin,bar,want to go,
Berlin,52.437697799999995,13.3087676,https://www.google.com/maps/place/THE+KNAST+Cocktail+Bar/data=!4m2!3m1!1s0x47a85b1ae3e1b117:0x6e6aee17e7bfd246,THE KNAST Cocktail Bar,bar,want to go,
Berlin,52.534215499999995,13.397928600000002,https://www.google.com/maps/place/the+wash+bar/data=!4m2!3m1!1s0x47a851b3600c152b:0x3902b1434eca835f,the wash bar,bar,want to go,
Berlin,52.522712299999995,13.4003482,https://www.google.com/maps/place/TheCoven+Bar/data=!4m2!3m1!1s0x47a851e0b3dbcfb5:0x44af4a0ac695a5c7,TheCoven Bar,bar,want to go,
Berlin,52.4877768,13.430989400000001,https://www.google.com/maps/place/Thelonious+Bar/data=!4m2!3m1!1s0x47a84fb0e7f0729f:0xe7cbfac921afcb81,Thelonious Bar,bar,want to go,
Berlin,52.4988037,13.349312300000001,https://www.google.com/maps/place/Tramp's/data=!4m2!3m1!1s0x47a85051d94ac1c3:0xc7b5d69b02d3dca5,Tramp's,bar,want to go,
Berlin,52.481369099999995,13.427967599999997,https://www.google.com/maps/place/Trude+Ruth+und+Goldammer/data=!4m2!3m1!1s0x47a84fbb8cde8701:0x7ffbedf7191f5251,Trude Ruth und Goldammer,bar,want to go,
Berlin,52.507364200000005,13.4674563,https://www.google.com/maps/place/Tucker+Brunch+Bar/data=!4m2!3m1!1s0x47a84fc168f8e1d5:0xa87ad625e23e3a3a,Tucker Brunch Bar,bar,want to go,
Berlin,52.5080558,13.317496499999999,https://www.google.com/maps/place/UNION+JACK+The+Whisky+Pub/data=!4m2!3m1!1s0x47a850e23f073401:0x591b56ced6a3ba60,UNION JACK The Whisky Pub,bar,want to go,
Berlin,52.5013842,13.363884199999998,https://www.google.com/maps/place/Victoria+Bar/data=!4m2!3m1!1s0x47a8504a5f694d1f:0x1b0f1f37e3c36557,Victoria Bar,bar,want to go,
Berlin,52.484184,13.4389113,https://www.google.com/maps/place/Vier%26Vierzig/data=!4m2!3m1!1s0x47a84fa563935b2f:0x31a21b9fffdbd3ae,Vier&Vierzig,bar,want to go,
Berlin,52.4972334,13.4315704,https://www.google.com/maps/place/Vinotopia/data=!4m2!3m1!1s0x47a84ff20d184ecf:0x166fe6a225a52bc7,Vinotopia,bar,want to go,
Berlin,52.47022299999999,13.427201600000002,https://www.google.com/maps/place/W.n.9+-+Oyster+bar+and+kitchen/data=!4m2!3m1!1s0x47a84f974e2286e7:0xb7cc0852821673ff,W.n.9 - Oyster bar and kitchen,bar,want to go,
Berlin,52.502372,13.430471299999999,https://www.google.com/maps/place/Weinbar+-+Gallina/data=!4m2!3m1!1s0x47a84e498ad7bb17:0x2d27d53655935b7a,Weinbar - Gallina,bar,want to go,
Berlin,52.5314901,13.3857414,https://www.google.com/maps/place/Wilder+als+erwartet/data=!4m2!3m1!1s0x47a851286e7665f9:0xa500cf25e65d0da1,Wilder als erwartet,bar,want to go,
Berlin,52.5158917,13.4591285,https://www.google.com/maps/place/YSY/data=!4m2!3m1!1s0x47a84fe8f2db8a47:0x5412cdde4f4405eb,YSY,bar,want to go,
Berlin,52.5386489,13.4100866,https://www.google.com/maps/place/Zacharias.Tagesbar/data=!4m2!3m1!1s0x47a8511cfce9a687:0x8586562bec6789a8,Zacharias.Tagesbar,bar,want to go,
Berlin,52.487488,13.477830999999997,https://www.google.com/maps/place/Zenner+Biergarten+und+Weingarten/data=!4m2!3m1!1s0x47a84f28cb26585f:0x22e0cf0e8c2fd88d,Zenner Biergarten und Weingarten,bar,want to go,
Berlin,52.47400249999999,13.4508615,https://www.google.com/maps/place/Zum+Magendoktor/data=!4m2!3m1!1s0x47a84f0b3e67f849:0xcecf64bf8c58e328,Zum Magendoktor,bar,want to go,
Berlin,52.4850531,13.4373317,https://www.google.com/maps/place/%C3%84/data=!4m2!3m1!1s0x47a84fa67544adcf:0xfec7f005cd59bd65,Ä,bar,want to go,
Berlin,52.49462649999999,13.429628999999998,https://www.google.com/maps/place/Cafe+Kreuzberg/data=!4m2!3m1!1s0x47a84fb4fac7e969:0xcc2997e6a4f8ccad,Cafe Kreuzberg,cafe,want to go,
Berlin,52.531603,13.3941146,https://www.google.com/maps/place/Distrikt+coffee/data=!4m2!3m1!1s0x47a851efbc1de6fb:0xeca1daa589fab359,Distrikt coffee,cafe,want to go,
Berlin,52.4873228,13.4219423,https://www.google.com/maps/place/Hamy+Cafe/data=!4m2!3m1!1s0x47a84fb7faf6b0b9:0xc924588f4cba622b,Hamy Cafe,cafe,want to go,
Berlin,52.5249373,13.3956362,https://www.google.com/maps/place/Kin+Za+%26+Georgian+Restaurant+Bistro+Cafe+Georgian+Food+%26+Chocolate+%0AGeorgische+K%C3%BCche/data=!4m2!3m1!1s0x47a8519bba986d27:0x2a634de75601bf5,Kin Za & Georgian Restaurant Bistro Cafe Georgian Food & Chocolate Georgische Küche,cafe,want to go,
Berlin,52.486701800000006,13.358240399999998,https://www.google.com/maps/place/Prinz+Cafe+Shisha+Bar+Berlin+Sch%C3%B6neberg/data=!4m2!3m1!1s0x47a850409b062649:0x918a467018c8d099,Prinz Cafe Shisha Bar Berlin Schöneberg,cafe,want to go,
Berlin,52.5089124,13.460918800000002,https://www.google.com/maps/place/Aleppo+Supper+Club/data=!4m2!3m1!1s0x47a8573045bb60a9:0xe410ec8782d13cc2,Aleppo Supper Club,club,want to go,
Berlin,52.5354221,13.4530659,https://www.google.com/maps/place/Anomalie+Art+Club+-+Berlin/data=!4m2!3m1!1s0x47a84e767a758f6b:0xafce62f62dba6b35,Anomalie Art Club - Berlin,club,want to go,
Berlin,52.5257485,13.4040458,https://www.google.com/maps/place/Bar+Casa+Camper+Berlin/data=!4m2!3m1!1s0x47a851e16eac9945:0xc69cf58985425d78,Bar Casa Camper Berlin,club,want to go,
Berlin,52.499809500000005,13.429837799999998,https://www.google.com/maps/place/Baraka+-+Moroccan+Restaurant/data=!4m2!3m1!1s0x47a84e4a599a72c7:0x1331badec4256a53,Baraka - Moroccan Restaurant,club,want to go,
Berlin,52.52363700000001,13.409156,https://www.google.com/maps/place/Beyond+Ramen+-+Vegan/data=!4m2!3m1!1s0x47a84fc394811cf7:0x2e127a1706d54242,Beyond Ramen - Vegan,club,want to go,
Berlin,52.4835679,13.501530399999998,https://www.google.com/maps/place/BLOCK1/data=!4m2!3m1!1s0x47a84f59fd902275:0x62af8340b6dd173f,BLOCK1,club,want to go,
Berlin,52.4936635,13.3873692,https://www.google.com/maps/place/BOILER+Sauna+Berlin/data=!4m2!3m1!1s0x47a850291e84ba1d:0xbe333f65c2f13d99,BOILER Sauna Berlin,club,want to go,
Berlin,52.4892444,13.420932899999997,https://www.google.com/maps/place/Club+Triebwerk/data=!4m2!3m1!1s0x47a84fc82e1dcdc5:0xcc39760a75c9f146,Club Triebwerk,club,want to go,
Berlin,52.493820799999995,13.3880292,https://www.google.com/maps/place/clubsauna.berlin/data=!4m2!3m1!1s0x47a8514757f10403:0x558555f016c03f21,clubsauna.berlin,club,want to go,
Berlin,52.5030095,13.409985899999997,https://www.google.com/maps/place/COCO+BOULE/data=!4m2!3m1!1s0x47a84fa12c68d87b:0x8bd4a67aa6dc9fa4,COCO BOULE,club,want to go,
Berlin,52.5130996,13.423120399999998,https://www.google.com/maps/place/Fitzroy/data=!4m2!3m1!1s0x47a84f90d279cd67:0xea6bf488421220b2,Fitzroy,club,want to go,
Berlin,52.504905799999996,13.490452000000001,https://www.google.com/maps/place/Gisela+Freier+Kunstraum+Kulturring+e.V./data=!4m2!3m1!1s0x47a84ee9e914a73b:0x97e1922f0259833c,Gisela Freier Kunstraum Kulturring e.V.,club,want to go,
Berlin,52.484958899999995,13.358273099999998,https://www.google.com/maps/place/Golf+Club+Tattoo+Studio/data=!4m2!3m1!1s0x47a851003d29c125:0x11b0e991145c03e2,Golf Club Tattoo Studio,club,want to go,
Berlin,52.4873075,13.4775233,https://www.google.com/maps/place/Haus+Zenner/data=!4m2!3m1!1s0x47a84fd3ff9f7143:0x55b52c86d5add827,Haus Zenner,club,want to go,
Berlin,52.5151828,13.379740600000002,https://www.google.com/maps/place/India+Club+Berlin/data=!4m2!3m1!1s0x47a851c5d9edc885:0x37dcec9c2df87183,India Club Berlin,club,want to go,
Berlin,52.51141570000001,13.4170175,https://www.google.com/maps/place/KitKatClub/data=!4m2!3m1!1s0x47a84e25326bd085:0xdfc6268a626d40c7,KitKatClub,club,want to go,
Berlin,52.503056300000004,13.407665000000001,https://www.google.com/maps/place/KREUZWERK/data=!4m2!3m1!1s0x47a84f1cf8500355:0xeab8500b5c28b8a4,KREUZWERK,club,want to go,
Berlin,52.50733209999999,13.451329099999995,https://www.google.com/maps/place/Lokschuppen+Berlin+(fka.+Suicide+Circus)/data=!4m2!3m1!1s0x47a84e5a572ef3d5:0xd1c59b9ee21ce01f,Lokschuppen Berlin (fka. Suicide Circus),club,want to go,
Berlin,52.4943342,13.4209838,https://www.google.com/maps/place/Pasta+Factory/data=!4m2!3m1!1s0x47a84f1c0b8f78d1:0xa5cd4d8b619d3e97,Pasta Factory,club,want to go,
Berlin,52.515087799999996,13.463334699999999,https://www.google.com/maps/place/Salami+Social+Club/data=!4m2!3m1!1s0x47a84e6071bc3709:0xe79dcace089c1f87,Salami Social Club,club,want to go,
Berlin,52.496224399999996,13.4531884,https://www.google.com/maps/place/Sonnenraum/data=!4m2!3m1!1s0x47a84f0050f3ea5b:0x3b2f051ba675af75,Sonnenraum,club,want to go,
Berlin,52.489429799999996,13.390587499999999,https://www.google.com/maps/place/The+Vegan+Monkey/data=!4m2!3m1!1s0x47a8517a3c2876ed:0xa2abfcd57d9166ca,The Vegan Monkey,club,want to go,
Berlin,52.50748949999999,13.476381099999998,https://www.google.com/maps/place/VOID+Club/data=!4m2!3m1!1s0x47a84ef1f488af1b:0xf2682765a6c5a50b,VOID Club,club,want to go,
Berlin,52.63850095,13.408718700000001,https://www.google.com/maps/place/Arkenberge/data=!4m2!3m1!1s0x47a9acddd3d585db:0x8066b1f1d2e26861,Arkenberge,other,want to go,
Berlin,52.5098165,13.5576727,https://www.google.com/maps/place/Biesdorf+Palace/data=!4m2!3m1!1s0x47a84969bd7fc507:0xd44081e23efde00b,Biesdorf Palace,other,want to go,
Berlin,52.4618815,13.269152400000001,https://www.google.com/maps/place/Ch%C3%A2let+Suisse/data=!4m2!3m1!1s0x47a85a119172dfc3:0x6cbff0b75b2575f1,Châlet Suisse,restaurant,want to go,
Berlin,52.473323199999996,13.4479126,https://www.google.com/maps/place/Das+Brot+der+fr%C3%BChen+Jahre/data=!4m2!3m1!1s0x47a84f00680654a7:0xbbfa25163b45c6f5,Das Brot der frühen Jahre,bakery,want to go,
Berlin,52.4813542,13.494402099999999,https://www.google.com/maps/place/Eierh%C3%A4uschen/data=!4m2!3m1!1s0x47a84f004769f0b1:0x2a1ff99a3aa5113b,Eierhäuschen,experience,want to go,
Berlin,52.4779442,13.498408800000002,https://www.google.com/maps/place/Futuro+House/data=!4m2!3m1!1s0x47a84f31d627d29f:0x1e37c2e3f1676236,Futuro House,other,want to go,
Berlin,52.4836286,13.501277199999999,https://www.google.com/maps/place/Gaswerksiedlung+Berlin/data=!4m2!3m1!1s0x47a84f292f0daa43:0xe4afbb2872207169,Gaswerksiedlung Berlin,park,want to go,
Berlin,52.502655499999996,13.4757216,https://www.google.com/maps/place/Hundesalon+GROOME+ME+1/data=!4m2!3m1!1s0xae2386114356722f:0xb721df8e6e00136f,Hundesalon GROOME ME 1,other,want to go,
Berlin,52.518717699999996,13.288447000000001,https://www.google.com/maps/place/Rollerparadies+-+Berlin/data=!4m2!3m1!1s0x47a8512c09793e2d:0xabbbd0c18f9bb5ee,Rollerparadies - Berlin,shop,want to go,
Berlin,52.575145899999995,13.5475326,https://www.google.com/maps/place/Tierschutzverein+f%C3%BCr+Berlin/data=!4m2!3m1!1s0x47a84c86e56d813d:0xd93adc7252fd0385,Tierschutzverein für Berlin,other,want to go,
Berlin,52.604825100000006,13.400567400000002,https://www.google.com/maps/place/Botanical+Volkspark+Pankow+Blankenfelde/data=!4m2!3m1!1s0x47a852e67cecc20f:0x82c864c5e2331b50,Botanical Volkspark Pankow Blankenfelde,park,want to go,
Berlin,52.5038607,13.4243825,https://www.google.com/maps/place/3+Sisters/data=!4m2!3m1!1s0x47a84e36679b1c23:0xfbb92840284c4bee,3 Sisters,restaurant,want to go,
Berlin,52.487067599999996,13.373485699999998,https://www.google.com/maps/place/aerde+restaurant/data=!4m2!3m1!1s0x47a85102f63c0819:0x7cb9efcd264ea30a,aerde restaurant,restaurant,want to go,
Berlin,52.485691800000005,13.432169700000001,https://www.google.com/maps/place/Akroum+Snack/data=!4m2!3m1!1s0x47a84f87e4f1cee5:0x9a999f53718266b,Akroum Snack,restaurant,want to go,
Berlin,52.4988121,13.393127099999997,https://www.google.com/maps/place/Al+Catzone+-+Pizzeria/data=!4m2!3m1!1s0x47a8516a15a58cdd:0xe979f7cf9e126cab,Al Catzone - Pizzeria,restaurant,want to go,
Berlin,52.5324367,13.4121647,https://www.google.com/maps/place/All+in/data=!4m2!3m1!1s0x47a851509765fbcb:0xf3d3ca9593f63c4a,All in,restaurant,want to go,
Berlin,52.5364792,13.4209021,https://www.google.com/maps/place/Allan's+ABC/data=!4m2!3m1!1s0x47a84e01501dd1ab:0x17b913ce7d81cf02,Allan's ABC,restaurant,want to go,
Berlin,52.46990279999999,13.429643699999998,https://www.google.com/maps/place/Altayeb+Grillhaus/data=!4m2!3m1!1s0x47a84ff240c1a329:0x11184350ea4db366,Altayeb Grillhaus,restaurant,want to go,
Berlin,52.4905549,13.393970000000001,https://www.google.com/maps/place/AMAIZE/data=!4m2!3m1!1s0x47a84f230fe72c1d:0xbf5e12a373b382da,AMAIZE,restaurant,want to go,
Berlin,52.4881819,13.4275319,https://www.google.com/maps/place/Anh+Ba+Restaurant+Neuk%C3%B6lln/data=!4m2!3m1!1s0x47a84fb6b442d027:0x794d7fde4f8a1754,Anh Ba Restaurant Neukölln,restaurant,want to go,
Berlin,52.505765600000004,13.438057899999999,https://www.google.com/maps/place/Anima/data=!4m2!3m1!1s0x47a84e46267a144b:0x6f9c3a2d2f288165,Anima,restaurant,want to go,
Berlin,52.494754199999996,13.437703899999999,https://www.google.com/maps/place/Ari%E2%80%99s/data=!4m2!3m1!1s0x47a84fdf32848ee3:0x7ed8dccec04fd8ee,Ari’s,restaurant,want to go,
Berlin,52.50639090000001,13.315555899999998,https://www.google.com/maps/place/Aroma/data=!4m2!3m1!1s0x47a850e3c55aec37:0xb5520e4f3641de65,Aroma,restaurant,want to go,
Berlin,52.4877312,13.4315178,https://www.google.com/maps/place/Asia+Farmhouse/data=!4m2!3m1!1s0x47a850e327a5f18f:0x23b31cf93d99b12c,Asia Farmhouse,restaurant,want to go,
Berlin,52.4849569,13.432856799999998,https://www.google.com/maps/place/Azzam+Restaurant/data=!4m2!3m1!1s0x47a84fbd00fd96a1:0x2b750456794169e3,Azzam Restaurant,restaurant,want to go,
Berlin,52.4878977,13.319264800000001,https://www.google.com/maps/place/Bahadur/data=!4m2!3m1!1s0x47a850f3358fd50d:0x35eba0a6a0274873,Bahadur,restaurant,want to go,
Berlin,52.496158699999995,13.422251499999998,https://www.google.com/maps/place/Bamnat+Korean+Restaurant/data=!4m2!3m1!1s0x47a84fa0941d1d9f:0xa050b2d87567998b,Bamnat Korean Restaurant,restaurant,want to go,
Berlin,52.5291384,13.3954537,https://www.google.com/maps/place/Bandol+sur+mer/data=!4m2!3m1!1s0x47a851e5f5731ccf:0x7642237fdf066a5f,Bandol sur mer,restaurant,want to go,
Berlin,52.526906499999996,13.4086465,https://www.google.com/maps/place/Banh+Mi+Stable/data=!4m2!3m1!1s0x47a851e21a266539:0xef7ab01fd3be2ab9,Banh Mi Stable,restaurant,want to go,
Berlin,52.4936898,13.4219281,https://www.google.com/maps/place/Beef+House+-+Taiwanese+Restaurant/data=!4m2!3m1!1s0x47a84fb74c589cbb:0xcd5854c16e5ac487,Beef House - Taiwanese Restaurant,restaurant,want to go,
Berlin,52.496449299999995,13.2957509,https://www.google.com/maps/place/Big+Window/data=!4m2!3m1!1s0x47a850c3e5e2b00f:0x37fb784e87e9bb49,Big Window,restaurant,want to go,
Berlin,52.4953107,13.429802299999999,https://www.google.com/maps/place/Bir-Tat+Ferdi+Tem%C3%BCr/data=!4m2!3m1!1s0x47a84fb4e779bd55:0x1f7b5fe476d31a21,Bir-Tat Ferdi Temür,restaurant,want to go,
Berlin,52.48052709999999,13.421309599999997,https://www.google.com/maps/place/BLOOM+Bistro/data=!4m2!3m1!1s0x47a84ffe9cda30cd:0xc8f38eacd9c7c016,BLOOM Bistro,restaurant,want to go,
Berlin,52.49521000000001,13.4263622,https://www.google.com/maps/place/Boii+Boii/data=!4m2!3m1!1s0x47a84fe48ae9cb9b:0xc625cc0ade01ec3,Boii Boii,restaurant,want to go,
Berlin,52.4889899,13.3934165,https://www.google.com/maps/place/Bolle+Pizza+%E2%80%93+Bergmannkiez/data=!4m2!3m1!1s0x47a84f924fc43857:0xa42c357a592514ee,Bolle Pizza – Bergmannkiez,restaurant,want to go,
Berlin,52.515008699999996,13.390432399999998,https://www.google.com/maps/place/Borchardt/data=!4m2!3m1!1s0x47a851db2026f155:0x746a5ac9a674c8b1,Borchardt,restaurant,want to go,
Berlin,52.4978317,13.324941200000001,https://www.google.com/maps/place/Bostich/data=!4m2!3m1!1s0x47a850f0a85bffff:0x4e3c08d2814fc361,Bostich,restaurant,want to go,
Berlin,52.5009678,13.3394766,https://www.google.com/maps/place/Brasserie+Colette+Tim+Raue/data=!4m2!3m1!1s0x47a850568638debf:0x95bf173dbb1e2606,Brasserie Colette Tim Raue,restaurant,want to go,
Berlin,52.5051748,13.4483933,https://www.google.com/maps/place/Brasserie+Dandelion/data=!4m2!3m1!1s0x47a84f7590daff77:0x7ad386b2303bb10f,Brasserie Dandelion,restaurant,want to go,
Berlin,52.5271427,13.385620000000001,https://www.google.com/maps/place/Bundesb%C3%BCdchen+Restaurant+Berlin/data=!4m2!3m1!1s0x47a8514495382589:0x534bb1048e8300c3,Bundesbüdchen Restaurant Berlin,restaurant,want to go,
Berlin,52.474988499999995,13.4239201,https://www.google.com/maps/place/BURRO+UNCHAINED/data=!4m2!3m1!1s0x47a84fa8f847d51f:0xcb5e5194a0c4373e,BURRO UNCHAINED,restaurant,want to go,
Berlin,52.4971335,13.4233648,https://www.google.com/maps/place/Buya+Ramen+Factory/data=!4m2!3m1!1s0x47a84fed60d5c8db:0x9783a2ff952fd062,Buya Ramen Factory,restaurant,want to go,
Berlin,52.5103772,13.3444862,https://www.google.com/maps/place/Caf%C3%A9+am+Neuen+See/data=!4m2!3m1!1s0x47a851abb766b1dd:0xf7ae83388a857fe4,Café am Neuen See,restaurant,want to go,
Berlin,52.5012854,13.416520600000002,https://www.google.com/maps/place/Cevicheria/data=!4m2!3m1!1s0x47a84e33ab5c1fe7:0x61578e43841dab36,Cevicheria,restaurant,want to go,
Berlin,52.486909999999995,13.3946601,https://www.google.com/maps/place/Cha+for+Tee/data=!4m2!3m1!1s0x47a84fd90670e111:0x2d2181fe44782eb1,Cha for Tee,restaurant,want to go,
Berlin,52.47786569999999,13.438619699999999,https://www.google.com/maps/place/Chaikhana/data=!4m2!3m1!1s0x47a84f77f3d224fd:0xc139dcf57f877aea,Chaikhana,restaurant,want to go,
Berlin,52.532582500000004,13.435081,https://www.google.com/maps/place/Chez+Maurice/data=!4m2!3m1!1s0x47a84e0e992e183f:0xe991c85d72b730ba,Chez Maurice,restaurant,want to go,
Berlin,52.4505376,13.321514299999999,https://www.google.com/maps/place/China+Restaurant+Fu+Li+Lai/data=!4m2!3m1!1s0x47a85abde6fe21f5:0x81482b7dc1110f8c,China Restaurant Fu Li Lai,restaurant,want to go,
Berlin,52.5310124,13.410305399999997,https://www.google.com/maps/place/CHOI/data=!4m2!3m1!1s0x47a851c193c0af1d:0xf51401fa0d6d5ed9,CHOI,restaurant,want to go,
Berlin,52.4973519,13.4232765,https://www.google.com/maps/place/Chungking+Noodles/data=!4m2!3m1!1s0x47a84fcb5fc20c67:0x957ab99c4086dee6,Chungking Noodles,restaurant,want to go,
Berlin,52.512544899999995,13.3943357,https://www.google.com/maps/place/Chupenga/data=!4m2!3m1!1s0x47a851da1b677659:0xe2a8f4f5d89bd1ba,Chupenga,restaurant,want to go,
Berlin,52.5102737,13.456119300000001,https://www.google.com/maps/place/Circle+%26+Slice/data=!4m2!3m1!1s0x47a84f0003e897bb:0xdf37f51eff073c3c,Circle & Slice,restaurant,want to go,
Berlin,52.490109,13.4271742,https://www.google.com/maps/place/CODA/data=!4m2!3m1!1s0x47a84fb6edec50bd:0x3f5b0ddf57c4ec56,CODA,restaurant,want to go,
Berlin,52.516556699999995,13.388720999999999,https://www.google.com/maps/place/Crackers/data=!4m2!3m1!1s0x47a851c68dd2f1b5:0x2830d9f2b38fb58d,Crackers,restaurant,want to go,
Berlin,52.502099799999996,13.430229499999998,https://www.google.com/maps/place/Crazy+Kims/data=!4m2!3m1!1s0x47a84fde0fb3f261:0xe78bde6f1a6c5053,Crazy Kims,restaurant,want to go,
Berlin,52.530486599999996,13.401677000000001,https://www.google.com/maps/place/Crosta/data=!4m2!3m1!1s0x47a851004ca4937b:0xc4d57763d7aefc69,Crosta,restaurant,want to go,
Berlin,52.4932814,13.3527326,https://www.google.com/maps/place/Cupcakeladen/data=!4m2!3m1!1s0x47a85045c1c7320d:0xc374f39d9745cf13,Cupcakeladen,restaurant,want to go,
Berlin,52.4997217,13.417192099999998,https://www.google.com/maps/place/Damn+Dog+Friedrichshain-Kreuzberg/data=!4m2!3m1!1s0x47a84f1f3bd22193:0x1f4f4d8ef38895e5,Damn Dog Friedrichshain-Kreuzberg,restaurant,want to go,
Berlin,52.4790178,13.425026599999995,https://www.google.com/maps/place/Damn+Dog+Neuk%C3%B6lln/data=!4m2!3m1!1s0x47a84f6beb81fee7:0xca89c18d796a02ff,Damn Dog Neukölln,restaurant,want to go,
Berlin,52.479040399999995,13.452061399999998,https://www.google.com/maps/place/Desi+Diner/data=!4m2!3m1!1s0x47a84f00335a3c4b:0xda7d5aea4f3376a8,Desi Diner,restaurant,want to go,
Berlin,52.506526799999996,13.3235691,https://www.google.com/maps/place/Dicke+Wirtin/data=!4m2!3m1!1s0x47a850fd2622a06f:0x884cf3a61764e842,Dicke Wirtin,restaurant,want to go,
Berlin,52.48888019999999,13.357914899999997,https://www.google.com/maps/place/Die+Feinb%C3%A4ckerei/data=!4m2!3m1!1s0x47a8504734c51fb7:0xca352f98d9984d55,Die Feinbäckerei,restaurant,want to go,
Berlin,52.4859844,13.435033499999998,https://www.google.com/maps/place/Dr+To's/data=!4m2!3m1!1s0x47a84fb00568b57b:0xff4ed3f01515def,Dr To's,restaurant,want to go,
Berlin,52.5264806,13.407765799999998,https://www.google.com/maps/place/Dump+Ling/data=!4m2!3m1!1s0x47a851a2ad29a9bf:0x3e7e245863cd40fb,Dump Ling,restaurant,want to go,
Berlin,52.4937094,13.4296375,https://www.google.com/maps/place/D%C3%AEnette+Catering/data=!4m2!3m1!1s0x47a84e573a84d13d:0x298338f7fb7c42fb,Dînette Catering,restaurant,want to go,
Berlin,52.4940024,13.337531699999998,https://www.google.com/maps/place/Ebe+Ano+nigerian+soulfood/data=!4m2!3m1!1s0x47a8504a687e8d3d:0xe08bc95c5e0e8384,Ebe Ano nigerian soulfood,restaurant,want to go,
Berlin,52.545051199999996,13.362398299999999,https://www.google.com/maps/place/Ehl-i+Kebap+by+Et+D%C3%BCnyasi/data=!4m2!3m1!1s0x47a8513e920fcc9d:0x9b09da21200de39a,Ehl-i Kebap by Et Dünyasi,restaurant,want to go,
Berlin,52.5332557,13.400985499999999,https://www.google.com/maps/place/El+Amigo+Taqueria/data=!4m2!3m1!1s0x47a8514cd6c73ee1:0xdc9ea214e2cc9683,El Amigo Taqueria,restaurant,want to go,
Berlin,52.498060599999995,13.427581799999999,https://www.google.com/maps/place/Ember+%E2%88%92+Open+Fire+Cooking/data=!4m2!3m1!1s0x47a84f823ce3e13d:0x504bee8c64046d56,Ember − Open Fire Cooking,restaurant,want to go,
Berlin,52.5330612,13.428763499999999,https://www.google.com/maps/place/Erchinger+Meat+and+Sausage+Manufacture/data=!4m2!3m1!1s0x47a84e0f651d84b1:0xa2939b512023e823,Erchinger Meat and Sausage Manufacture,restaurant,want to go,
Berlin,52.4413567,13.4589155,https://www.google.com/maps/place/Erg%C3%BCn's+Fischbude/data=!4m2!3m1!1s0x47a851a4ed5bed77:0xa5f8170d37f0d1dd,Ergün's Fischbude,restaurant,want to go,
Berlin,52.5012298,13.329227300000001,https://www.google.com/maps/place/est./data=!4m2!3m1!1s0x47a851ddf5a9cc39:0x581c7bc8bca93f30,est.,restaurant,want to go,
Berlin,52.549062799999994,13.4095987,https://www.google.com/maps/place/Estelle+Dining/data=!4m2!3m1!1s0x47a853238c17ce23:0x77a560de13ddb592,Estelle Dining,restaurant,want to go,
Berlin,52.489174,13.354793100000002,https://www.google.com/maps/place/Faelt+by+Bj%C3%B6rn+Swanson/data=!4m2!3m1!1s0x47a851dda6a50c6b:0x7a1efa1910b7fa37,Faelt by Björn Swanson,restaurant,want to go,
Berlin,52.477605600000004,13.422555200000001,https://www.google.com/maps/place/Feed+the+Pony/data=!4m2!3m1!1s0x47a84f4626bdf219:0x167ce4cf2ea8cba7,Feed the Pony,restaurant,want to go,
Berlin,52.490220099999995,13.385737299999999,https://www.google.com/maps/place/FerHan+Feinkost+Deli%26Brasserie/data=!4m2!3m1!1s0x47a851910bffb911:0xc5f10322a38d8d22,FerHan Feinkost Deli&Brasserie,restaurant,want to go,
Berlin,52.533340700000004,13.415046499999999,https://www.google.com/maps/place/File+Asto/data=!4m2!3m1!1s0x47a84fc25c7877bb:0xce61aaf9a3622ad7,File Asto,restaurant,want to go,
Berlin,52.505386699999995,13.4693,https://www.google.com/maps/place/FLAVA+-+Indische+Fusion+Burgers/data=!4m2!3m1!1s0x47a84f00365bf775:0xa6eff9d1261ae5ce,FLAVA - Indische Fusion Burgers,restaurant,want to go,
Berlin,52.512070300000005,13.4610546,https://www.google.com/maps/place/Focacciando/data=!4m2!3m1!1s0x47a84f4c449dfa67:0x85e82075f1bd6f42,Focacciando,restaurant,want to go,
Berlin,52.49233549999999,13.418363399999999,https://www.google.com/maps/place/Fourty+Years+Kitchen/data=!4m2!3m1!1s0x47a84f11c0bbd9e7:0xbce41ffb48efefb6,Fourty Years Kitchen,restaurant,want to go,
Berlin,52.5237846,13.4008388,https://www.google.com/maps/place/Friendly+Fish/data=!4m2!3m1!1s0x47a8514210be9d4f:0xa13d37ba05bd1b73,Friendly Fish,restaurant,want to go,
Berlin,52.5028944,13.412294999999999,https://www.google.com/maps/place/Fukagawa+Ramen+XBerg/data=!4m2!3m1!1s0x47a84fb8b6bdf253:0x60313fb52745d5ba,Fukagawa Ramen XBerg,restaurant,want to go,
Berlin,52.487495599999995,13.4374126,https://www.google.com/maps/place/F%C3%B6llerei/data=!4m2!3m1!1s0x41652371145d7d79:0x807bbbcefbc120e3,Föllerei,restaurant,want to go,
Berlin,52.5217314,13.386344,https://www.google.com/maps/place/Ganymed+Brasserie/data=!4m2!3m1!1s0x47a851c2469e32ff:0x17d12bec24a5b840,Ganymed Brasserie,restaurant,want to go,
Berlin,52.4904364,13.417493100000002,https://www.google.com/maps/place/Gasthaus+Figl/data=!4m2!3m1!1s0x47a84fc8e2f5af97:0xc2d0faf845680a66,Gasthaus Figl,restaurant,want to go,
Berlin,52.543532899999995,13.4190872,https://www.google.com/maps/place/GEMELLO/data=!4m2!3m1!1s0x47a8539266cfeed9:0x8bf26ac0ccc457a5,GEMELLO,restaurant,want to go,
Berlin,52.532449199999995,13.4096291,https://www.google.com/maps/place/Gina+Bistrot/data=!4m2!3m1!1s0x47a851fd3b26aaab:0xd88819053661c0a0,Gina Bistrot,restaurant,want to go,
Berlin,52.50624,13.317827699999999,https://www.google.com/maps/place/Good+Friends+Restaurant+Berlin/data=!4m2!3m1!1s0x47a8510282f1ad15:0x62348d1a2d8d073a,Good Friends Restaurant Berlin,restaurant,want to go,
Berlin,52.4933297,13.434785999999999,https://www.google.com/maps/place/Gotxa/data=!4m2!3m1!1s0x47a84f97852e1671:0xf58700b8e4561c9,Gotxa,restaurant,want to go,
Berlin,52.530871100000006,13.430701299999997,https://www.google.com/maps/place/Greenfinch/data=!4m2!3m1!1s0x47a84f4c0a4ccb47:0xc7e351aa11a8b505,Greenfinch,restaurant,want to go,
Berlin,52.5226847,13.3887989,https://www.google.com/maps/place/Grill+Royal/data=!4m2!3m1!1s0x47a851c27d3a8b8f:0xb0c069335f393de5,Grill Royal,restaurant,want to go,
Berlin,52.4323054,13.4604828,https://www.google.com/maps/place/Gyros+Express/data=!4m2!3m1!1s0x47a845eb9aa887e7:0x8af021ed9b61b6f7,Gyros Express,restaurant,want to go,
Berlin,52.5321145,13.350112699999999,https://www.google.com/maps/place/G%C3%BCll%C3%BC+Lahmacun/data=!4m2!3m1!1s0x47a85175f5df14c5:0x5a6d0ef3049c1b0b,Güllü Lahmacun,restaurant,want to go,
Berlin,52.49733589999999,13.4195625,https://www.google.com/maps/place/Haji+Kebabhaus/data=!4m2!3m1!1s0x47a84f32ba5070fd:0xffd563ad120ac6c1,Haji Kebabhaus,restaurant,want to go,
Berlin,52.4738085,13.449695,https://www.google.com/maps/place/Hallmann+und+Klee/data=!4m2!3m1!1s0x47a84f0b246da06b:0x5c26a8b442557d,Hallmann und Klee,restaurant,want to go,
Berlin,52.5272616,13.3987841,https://www.google.com/maps/place/HALO+Bagels/data=!4m2!3m1!1s0x47a8515c3bad2b1b:0x990700f38ee6b1d1,HALO Bagels,restaurant,want to go,
Berlin,52.432728,13.472078999999999,https://www.google.com/maps/place/HANABI/data=!4m2!3m1!1s0x41653b6e9618d3c9:0x19e116a49c9dec54,HANABI,restaurant,want to go,
Berlin,52.49961,13.445240000000002,https://www.google.com/maps/place/HAPPA+Restaurant/data=!4m2!3m1!1s0x47a84f4421aa6a19:0xd210d4ff07b6080,HAPPA Restaurant,restaurant,want to go,
Berlin,52.495244299999996,13.342094399999999,https://www.google.com/maps/place/Hey+Schnecke+-+Philli+Vanilli+GmbH/data=!4m2!3m1!1s0x47a85197202b32bf:0xd7f6bb4c6e1fa03f,Hey Schnecke - Philli Vanilli GmbH,restaurant,want to go,
Berlin,52.517174,13.3052702,https://www.google.com/maps/place/Holly/data=!4m2!3m1!1s0x47a8518dd322c1f5:0x3bc7a7a992e0400b,Holly,restaurant,want to go,
Berlin,52.496461,13.420876499999999,https://www.google.com/maps/place/Horv%C3%A1th/data=!4m2!3m1!1s0x47a84fcb17d182ef:0xa4c5aa2d0149e035,Horváth,restaurant,want to go,
Berlin,52.4932015,13.384336999999997,https://www.google.com/maps/place/HOTWAY'S/data=!4m2!3m1!1s0x47a851557b4dcddf:0xe4109d823d47080c,HOTWAY'S,restaurant,want to go,
Berlin,52.5005507,13.329128499999998,https://www.google.com/maps/place/House+of+Tandoor/data=!4m2!3m1!1s0x47a851364b461faf:0x9dfb0ba537d89b86,House of Tandoor,restaurant,want to go,
Berlin,52.4985682,13.324869700000002,https://www.google.com/maps/place/I-KE-SU+Japanisches+Restaurant+in+Berlin/data=!4m2!3m1!1s0x47a850fa0e3c48f1:0x4fba1d41325f5b19,I-KE-SU Japanisches Restaurant in Berlin,restaurant,want to go,
Berlin,52.5097788,13.4581611,https://www.google.com/maps/place/IPPAI+NO+RAMEN+Berlin/data=!4m2!3m1!1s0x47a84fb14daa7f17:0x62278c3baef16635,IPPAI NO RAMEN Berlin,restaurant,want to go,
Berlin,52.5180204,13.3866199,https://www.google.com/maps/place/Ishin+Mittelstra%C3%9Fe/data=!4m2!3m1!1s0x47a851c481009e5d:0x60484f9c7d608cf,Ishin Mittelstraße,restaurant,want to go,
Berlin,52.538622499999995,13.4200916,https://www.google.com/maps/place/Itarei+Restaurant+-+Japanese+x+Italian+Fusion/data=!4m2!3m1!1s0x47a84f007f5986c7:0x41743cc78ee3fded,Itarei Restaurant - Japanese x Italian Fusion,restaurant,want to go,
Berlin,52.487966099999994,13.4304074,https://www.google.com/maps/place/Jolee's/data=!4m2!3m1!1s0x47a84f8ee6a42007:0x4a7ad71e39bf2039,Jolee's,restaurant,want to go,
Berlin,52.536889300000006,13.417760499999998,https://www.google.com/maps/place/Jolie+Bistrot/data=!4m2!3m1!1s0x47a84f0f16fcd55f:0x8ed9f566f6992de6,Jolie Bistrot,restaurant,want to go,
Berlin,52.525957999999996,13.3875966,https://www.google.com/maps/place/JOSEPH/data=!4m2!3m1!1s0x47a85176aece7509:0x776d30939d6286c3,JOSEPH,restaurant,want to go,
Berlin,52.536611699999995,13.421101,https://www.google.com/maps/place/J%C3%93MO+Restaurant/data=!4m2!3m1!1s0x47a84fedb80ed3e1:0x74cff183c62b95c7,JÓMO Restaurant,restaurant,want to go,
Berlin,52.5435988,13.419847499999998,https://www.google.com/maps/place/Kanaan/data=!4m2!3m1!1s0x47a852048dec7eab:0x56c8075a22c8bcfa,Kanaan,restaurant,want to go,
Berlin,52.49679390000001,13.412440400000003,https://www.google.com/maps/place/Kanal61/data=!4m2!3m1!1s0x47a84f9e26e93db9:0x4aafd268fc725b3b,Kanal61,restaurant,want to go,
Berlin,52.500136,13.438749900000001,https://www.google.com/maps/place/Kantine+Kohlmann/data=!4m2!3m1!1s0x47a84f005a6dc02f:0xa68a591ac06b8eeb,Kantine Kohlmann,restaurant,want to go,
Berlin,52.473503,13.4283399,https://www.google.com/maps/place/KEDEM/data=!4m2!3m1!1s0x47a84f0074591053:0x9cbdf5b2b891ae45,KEDEM,restaurant,want to go,
Berlin,52.5097229,13.373603399999999,https://www.google.com/maps/place/KERB+Berlin/data=!4m2!3m1!1s0x47a851b7008e92d1:0xcdfee6441f26ff95,KERB Berlin,restaurant,want to go,
Berlin,52.5102146,13.456057600000001,https://www.google.com/maps/place/Khinkali+House/data=!4m2!3m1!1s0x47a84f8504e994f9:0xd9cdbc710951fa73,Khinkali House,restaurant,want to go,
Berlin,52.49819000000001,13.30039,https://www.google.com/maps/place/Kimchi+Mama+korean+BBQ/data=!4m2!3m1!1s0x47a851bb9eb42fb5:0x581bbf57c79f4918,Kimchi Mama korean BBQ,restaurant,want to go,
Berlin,52.5035188,13.362369999999999,https://www.google.com/maps/place/Kin+Dee/data=!4m2!3m1!1s0x47a8504b22c4fdf3:0xbd5a3771299ffe6e,Kin Dee,restaurant,want to go,
Berlin,52.5810245,13.3449235,https://www.google.com/maps/place/Kornelia+Polnisches+Restaurant/data=!4m2!3m1!1s0x47a85365d07d57ff:0x5a6b249355ff8ee2,Kornelia Polnisches Restaurant,restaurant,want to go,
Berlin,52.48979329999999,13.433616500000001,https://www.google.com/maps/place/Kramer+Restaurant/data=!4m2!3m1!1s0x47a84f427e62f09f:0xe6bbb0ae9cd5e0b7,Kramer Restaurant,restaurant,want to go,
Berlin,52.54144839999999,13.349953299999997,https://www.google.com/maps/place/Kubi/data=!4m2!3m1!1s0x47a8517908d33955:0xe179d48d581856d,Kubi,restaurant,want to go,
Berlin,52.50626210000001,13.318293400000002,https://www.google.com/maps/place/KUCHI+Kant/data=!4m2!3m1!1s0x47a850e3a84e25df:0xd558725b6827ab2d,KUCHI Kant,restaurant,want to go,
Berlin,52.5295437,13.412716300000001,https://www.google.com/maps/place/KulturKantine/data=!4m2!3m1!1s0x47a84e1d41906e89:0xc60fa3441e0ced7,KulturKantine,restaurant,want to go,
Berlin,52.4730121,13.4269007,https://www.google.com/maps/place/K%C3%A4serei+Camidi/data=!4m2!3m1!1s0x47a84fea1df27d8d:0x568a8268fe738d4f,Käserei Camidi,restaurant,want to go,
Berlin,52.476718,13.4243911,https://www.google.com/maps/place/L'Eustache/data=!4m2!3m1!1s0x47a84fbde8a0918f:0x4a13beeb6b0dc674,L'Eustache,restaurant,want to go,
Berlin,52.534575000000004,13.424475000000001,https://www.google.com/maps/place/La+Criolla+Empanadas/data=!4m2!3m1!1s0x47a84e0431a53685:0xaa4809948f921f3c,La Criolla Empanadas,restaurant,want to go,
Berlin,52.5397612,13.411686700000002,https://www.google.com/maps/place/La+K%C3%A4serie/data=!4m2!3m1!1s0x47a851fffaa04287:0x3c8f0c8e02afcfc3,La Käserie,restaurant,want to go,
Berlin,52.4898682,13.354587200000001,https://www.google.com/maps/place/Lagalante/data=!4m2!3m1!1s0x47a85046b7e548cf:0xc6753c034ad7aef8,Lagalante,restaurant,want to go,
Berlin,52.57658589999999,13.294837399999997,https://www.google.com/maps/place/Lange's+Imbiss/data=!4m2!3m1!1s0x47a855cc6ccb2cd9:0x23ddc1f6f4224769,Lange's Imbiss,restaurant,want to go,
Berlin,52.5112094,13.3875929,https://www.google.com/maps/place/LIU+%E6%88%90%E9%83%BD%E5%91%B3%E9%81%93%E9%9D%A2%E9%A6%86+Nudelhaus/data=!4m2!3m1!1s0x47a8519fcb30e9fd:0x52f7745843796fe1,LIU 成都味道面馆 Nudelhaus,restaurant,want to go,
Berlin,52.527882299999995,13.3947796,https://www.google.com/maps/place/Lokal/data=!4m2!3m1!1s0x47a851e6001a49ef:0x331ef005ec081289,Lokal,restaurant,want to go,
Berlin,52.500724700000006,13.413517600000002,https://www.google.com/maps/place/LOUMI/data=!4m2!3m1!1s0x47a84fcbf01768e5:0xa597995d977f1fd1,LOUMI,restaurant,want to go,
Berlin,52.528871099999996,13.401739,https://www.google.com/maps/place/Lovebirds+-+Contemporary+Pizza/data=!4m2!3m1!1s0x47a8511d487477e1:0x92c94b2534daec7c,Lovebirds - Contemporary Pizza,restaurant,want to go,
Berlin,52.506956300000006,13.297590300000001,https://www.google.com/maps/place/Lovis+Restaurant/data=!4m2!3m1!1s0x47a85149ddc71729:0x5a4f55f25414c73b,Lovis Restaurant,restaurant,want to go,
Berlin,52.5254779,13.387078800000001,https://www.google.com/maps/place/Lucky+Star/data=!4m2!3m1!1s0x47a851e9dbca263f:0x789222533113df2b,Lucky Star,restaurant,want to go,
Berlin,52.493941,13.429211599999997,https://www.google.com/maps/place/l%C3%BCtt/data=!4m2!3m1!1s0x47a84f63522ea3db:0xe9d6129b6948fb59,lütt,restaurant,want to go,
Berlin,52.5063043,13.318130799999999,https://www.google.com/maps/place/Madame+Ngo+Une+Brasserie+Hanoi/data=!4m2!3m1!1s0x47a850e3a84e25df:0x6aee1537b99048a,Madame Ngo Une Brasserie Hanoi,restaurant,want to go,
Berlin,52.490229899999996,13.386199499999998,https://www.google.com/maps/place/Mama+Rosas+Taqueria/data=!4m2!3m1!1s0x47a8510675431cb5:0x5a28a2174755d7bb,Mama Rosas Taqueria,restaurant,want to go,
Berlin,52.5282997,13.337906900000002,https://www.google.com/maps/place/MANA+Food+Moabit/data=!4m2!3m1!1s0x47a8511eaf727d51:0x2f3150be2e808ed,MANA Food Moabit,restaurant,want to go,
Berlin,52.499045599999995,13.373410800000002,https://www.google.com/maps/place/Mangiare+Berlin+Kreuzberg/data=!4m2!3m1!1s0x47a84f246150a07f:0x6874324a3c21f62f,Mangiare Berlin Kreuzberg,restaurant,want to go,
Berlin,52.5075011,13.373568899999999,https://www.google.com/maps/place/Manifesto+Market+Berlin/data=!4m2!3m1!1s0x47a851489526a9cd:0x6924ba0981217e79,Manifesto Market Berlin,restaurant,want to go,
Berlin,52.5023983,13.431045500000002,https://www.google.com/maps/place/Marktlokal/data=!4m2!3m1!1s0x47a84f5435424f5b:0x2b84c399e950fb77,Marktlokal,restaurant,want to go,
Berlin,52.490378,13.402065299999999,https://www.google.com/maps/place/MASTAN/data=!4m2!3m1!1s0x47a84f57769c92db:0x3c0f804c55ad0066,MASTAN,restaurant,want to go,
Berlin,52.474764500000006,13.446914799999998,https://www.google.com/maps/place/Mausi./data=!4m2!3m1!1s0x47a84f2eeaa48eed:0xc8ec592440fd2f07,Mausi.,restaurant,want to go,
Berlin,52.475612600000005,13.447189299999998,https://www.google.com/maps/place/Mehana+Paradis/data=!4m2!3m1!1s0x47a84f0a8f4c6e8f:0x9ddcc2de134aaf13,Mehana Paradis,restaurant,want to go,
Berlin,52.48961,13.433959899999998,https://www.google.com/maps/place/merold/data=!4m2!3m1!1s0x47a84f5453f87ac1:0x54a4a673e7935e59,merold,restaurant,want to go,
Berlin,52.495342199999996,13.431882000000002,https://www.google.com/maps/place/Mikrokosmos.+The+Restaurant/data=!4m2!3m1!1s0x47a84faa48e53df1:0x4bd2b249693265f2,Mikrokosmos. The Restaurant,restaurant,want to go,
Berlin,52.5053462,13.4387537,https://www.google.com/maps/place/MINA+Ristorante+East+Side+Gallery/data=!4m2!3m1!1s0x47a84f000d9914e5:0x98015f30997e3fe1,MINA Ristorante East Side Gallery,restaurant,want to go,
Berlin,52.5008157,13.328663099999996,https://www.google.com/maps/place/Mine/data=!4m2!3m1!1s0x47a850f970665009:0x6586494850eb180a,Mine,restaurant,want to go,
Berlin,52.481466499999996,13.3496509,https://www.google.com/maps/place/Mir+D%C3%B6ner+Hatay+us%C3%BCl%C3%BC/data=!4m2!3m1!1s0x47a851034b89d0af:0xf1caf24c3ddcae55,Mir Döner Hatay usülü,restaurant,want to go,
Berlin,52.506323699999996,13.3171498,https://www.google.com/maps/place/Mr+Chai-Wala/data=!4m2!3m1!1s0x47a851205f5e3695:0xba97d77c3e55384,Mr Chai-Wala,restaurant,want to go,
Berlin,52.5069558,13.468060699999999,https://www.google.com/maps/place/Mr+Nilsson+GODIS/data=!4m2!3m1!1s0x47a84ef6c150aed5:0x3f2851d2596c8c50,Mr Nilsson GODIS,restaurant,want to go,
Berlin,52.544145799999995,13.360256099999997,https://www.google.com/maps/place/Mr.+Noodle+Chen/data=!4m2!3m1!1s0x47a851004d219379:0xef31c8f310c1d7d,Mr. Noodle Chen,restaurant,want to go,
Berlin,52.50225330000001,13.415055299999999,https://www.google.com/maps/place/Muca+Kebap/data=!4m2!3m1!1s0x47a84f00176a48f9:0xb35c875372c434e0,Muca Kebap,restaurant,want to go,
Berlin,52.526932699999996,13.407740599999997,https://www.google.com/maps/place/M%C3%A4dchenitaliener/data=!4m2!3m1!1s0x416523d6eb92e42d:0xf8c0393aabe9acc7,Mädchenitaliener,restaurant,want to go,
Berlin,52.49015719999999,13.38776,https://www.google.com/maps/place/M%C3%B6ge+Tee/data=!4m2!3m1!1s0x47a8511f34ae88d5:0x62dcfbb1ec541a01,Möge Tee,restaurant,want to go,
Berlin,52.502577900000006,13.394070699999999,https://www.google.com/maps/place/NaNum/data=!4m2!3m1!1s0x47a8518c0aa4a2ef:0xe80612ba08525892,NaNum,restaurant,want to go,
Berlin,52.53420920000001,13.405026099999997,https://www.google.com/maps/place/NAUTA+Berlin/data=!4m2!3m1!1s0x47a851fb64bf43cf:0xc05af3f1ef5aaf3,NAUTA Berlin,restaurant,want to go,
Berlin,52.4939122,13.4186429,https://www.google.com/maps/place/Navi+New+Indian/data=!4m2!3m1!1s0x47a84fe70f9a1057:0x65b36b82ac2a8c66,Navi New Indian,restaurant,want to go,
Berlin,52.505658100000005,13.337894900000002,https://www.google.com/maps/place/NENI+Berlin/data=!4m2!3m1!1s0x47a85055611510f9:0x7f67d148e844fc21,NENI Berlin,restaurant,want to go,
Berlin,52.4972294,13.4390859,https://www.google.com/maps/place/NEST+Schank-+und+Speisewirtschaft/data=!4m2!3m1!1s0x47a84e4d15dd5631:0x86b65817acef8820,NEST Schank- und Speisewirtschaft,restaurant,want to go,
Berlin,52.5255777,13.3939795,https://www.google.com/maps/place/Night+Kitchen/data=!4m2!3m1!1s0x47a851e62a164b7f:0xe2fdc7df9c1c1ed8,Night Kitchen,restaurant,want to go,
Berlin,52.5382129,13.4173715,https://www.google.com/maps/place/NOVEMBER+Brasserie/data=!4m2!3m1!1s0x47a84f2fc22fd707:0xb22301423c641c87,NOVEMBER Brasserie,restaurant,want to go,
Berlin,52.5264794,13.349141999999997,https://www.google.com/maps/place/Nusantara+Restaurant/data=!4m2!3m1!1s0x47a851a014af44ad:0x5bb77a777a32ccf8,Nusantara Restaurant,restaurant,want to go,
Berlin,52.5013935,13.3128906,https://www.google.com/maps/place/Nu%C3%9Fbaumerin/data=!4m2!3m1!1s0x47a850dd40050317:0x64fb7271c5a54bc2,Nußbaumerin,restaurant,want to go,
Berlin,52.5341591,13.398680200000001,https://www.google.com/maps/place/ODAY+DELI/data=!4m2!3m1!1s0x47a85132dcc8f57f:0x97ba8e063e4947c9,ODAY DELI,restaurant,want to go,
Berlin,52.4901884,13.355169900000002,https://www.google.com/maps/place/onette/data=!4m2!3m1!1s0x47a8510039e8bfed:0x3c672fd9e143659,onette,restaurant,want to go,
Berlin,52.5381352,13.410203600000001,https://www.google.com/maps/place/otto/data=!4m2!3m1!1s0x47a851ae851f6f73:0xc3d22039eef0de66,otto,restaurant,want to go,
Berlin,52.532048599999996,13.395977399999998,https://www.google.com/maps/place/Oukan/data=!4m2!3m1!1s0x47a85172a1db706b:0x168aa30e8a41c3f1,Oukan,restaurant,want to go,
Berlin,52.5062766,13.310478400000001,https://www.google.com/maps/place/Papaya+Kantstra%C3%9Fe/data=!4m2!3m1!1s0x47a850e0dfc8b9f3:0xd61004f2585ed089,Papaya Kantstraße,restaurant,want to go,
Berlin,52.501957,13.409096099999998,https://www.google.com/maps/place/PARKER/data=!4m2!3m1!1s0x47a84e2db2f32eab:0x653c3c75fa7c57d6,PARKER,restaurant,want to go,
Berlin,52.507494799999996,13.321441299999998,https://www.google.com/maps/place/pars+Restaurant+(%2B+pars+Pralinen)/data=!4m2!3m1!1s0x47a8514286d559ed:0x45f8a7d120740367,pars Restaurant (+ pars Pralinen),restaurant,want to go,
Berlin,52.49147620000001,13.413797700000002,https://www.google.com/maps/place/Patakha/data=!4m2!3m1!1s0x47a84fdfb9884dc7:0x1ac6d288ffcbd5b7,Patakha,restaurant,want to go,
Berlin,52.4876343,13.390816200000002,https://www.google.com/maps/place/Peter+Schlemihl/data=!4m2!3m1!1s0x47a84fd8874d20ff:0xd98a8082473417fa,Peter Schlemihl,restaurant,want to go,
Berlin,52.5731958,13.223360799999998,https://www.google.com/maps/place/Piazza+Mare/data=!4m2!3m1!1s0x47a855ac1d5aeea1:0x6164579d805c42b0,Piazza Mare,restaurant,want to go,
Berlin,52.527113,13.3983458,https://www.google.com/maps/place/Pinci/data=!4m2!3m1!1s0x47a851c35a3ab189:0xe3855ff80798bb2e,Pinci,restaurant,want to go,
Berlin,52.551739999999995,13.358410000000001,https://www.google.com/maps/place/Pizzeria+Monella/data=!4m2!3m1!1s0x47a853aae3d6bceb:0xb62aa9472d1c7967,Pizzeria Monella,restaurant,want to go,
Berlin,52.4983333,13.425277799999996,https://www.google.com/maps/place/platz+doch!/data=!4m2!3m1!1s0x47a84e354158fe19:0x1a0b807cce15c83d,platz doch!,restaurant,want to go,
Berlin,52.5314613,13.433536000000002,https://www.google.com/maps/place/Preeda/data=!4m2!3m1!1s0x47a84fcef41b017b:0xb85765d03a5932b5,Preeda,restaurant,want to go,
Berlin,52.508901400000006,13.4022213,https://www.google.com/maps/place/Prince/data=!4m2!3m1!1s0x47a84fae940909f3:0x675fa447d9283591,Prince,restaurant,want to go,
Berlin,52.507138,13.300766399999997,https://www.google.com/maps/place/Prism/data=!4m2!3m1!1s0x47a85138a6fa928f:0x461b61f231ead198,Prism,restaurant,want to go,
Berlin,52.46954309999999,13.423403499999997,https://www.google.com/maps/place/Projektagentur+Lehrk%C3%BCche+Warthe-Mahl/data=!4m2!3m1!1s0x47a84f9123b85b5f:0xa1d481355b049c4b,Projektagentur Lehrküche Warthe-Mahl,restaurant,want to go,
Berlin,52.53141689999999,13.400124499999997,https://www.google.com/maps/place/rack+'n+white/data=!4m2!3m1!1s0x47a851a9a2642451:0x953b530947f2f1c2,rack 'n white,restaurant,want to go,
Berlin,52.512346,13.416962900000001,https://www.google.com/maps/place/Restaurant+%22Mittmann's%22/data=!4m2!3m1!1s0x47a84e24da9400ed:0x9d148b3662d74a41,"Restaurant ""Mittmann's""",restaurant,want to go,
Berlin,52.528147999999995,13.434001499999999,https://www.google.com/maps/place/Restaurant+%26+Biergarten+Schoenbrunn/data=!4m2!3m1!1s0x47a84e0e047a0977:0x694d74ea6832c603,Restaurant & Biergarten Schoenbrunn,restaurant,want to go,
Berlin,52.506951099999995,13.2993503,https://www.google.com/maps/place/RESTAURANT+COMEDOR/data=!4m2!3m1!1s0x47a8510036c9f18f:0xd012ab8aec25d765,RESTAURANT COMEDOR,restaurant,want to go,
Berlin,52.5016521,13.432505299999999,https://www.google.com/maps/place/Restaurant+Dumplings+Nian/data=!4m2!3m1!1s0x47a84f013831e9d5:0x9e14063253720120,Restaurant Dumplings Nian,restaurant,want to go,
Berlin,52.508980400000006,13.37369,https://www.google.com/maps/place/Restaurant+Facil/data=!4m2!3m1!1s0x47a8504a94b9e203:0x7b2115cb49fb6b1c,Restaurant Facil,restaurant,want to go,
Berlin,52.50316869999999,13.317755799999999,https://www.google.com/maps/place/Restaurant+Marjellchen/data=!4m2!3m1!1s0x47a850e48c3433ef:0x38ee9ce445d4569b,Restaurant Marjellchen,restaurant,want to go,
Berlin,52.532982399999995,13.3978575,https://www.google.com/maps/place/Restaurant+Osterberger/data=!4m2!3m1!1s0x47a8516dc59748eb:0xc0c7cdef3148f5c0,Restaurant Osterberger,restaurant,want to go,
Berlin,52.5008711,13.429872599999998,https://www.google.com/maps/place/Restaurant+Panther+%7C+Klassische+und+moderne+deutsche+K%C3%BCche/data=!4m2!3m1!1s0x47a84e4a3ffb25d5:0xdd19da2d513264bd,Restaurant Panther | Klassische und moderne deutsche Küche,restaurant,want to go,
Berlin,52.5225614,13.364457199999999,https://www.google.com/maps/place/Restaurant+Paris+Moskau/data=!4m2!3m1!1s0x47a851bc48631c7b:0x5464d9aeaab04fab,Restaurant Paris Moskau,restaurant,want to go,
Berlin,52.5360962,13.4181429,https://www.google.com/maps/place/Restaurant+Tsomi/data=!4m2!3m1!1s0x47a84fe1ee7d2fa1:0x7f985f7ad1735b51,Restaurant Tsomi,restaurant,want to go,
Berlin,52.4867383,13.394099299999999,https://www.google.com/maps/place/Restaurant+Z/data=!4m2!3m1!1s0x47a84fd9037f99fb:0xe74f8dedbd8982d0,Restaurant Z,restaurant,want to go,
Berlin,52.506412,13.320459899999998,https://www.google.com/maps/place/Ristorante+Osteria+Centrale/data=!4m2!3m1!1s0x47a850e321d3f629:0x7ede90e1a61ddacd,Ristorante Osteria Centrale,restaurant,want to go,
Berlin,52.5282224,13.386234900000002,https://www.google.com/maps/place/Rutz/data=!4m2!3m1!1s0x47a851ebfafd3f61:0x9aff4584a8eca550,Rutz,restaurant,want to go,
Berlin,52.4967154,13.401073199999997,https://www.google.com/maps/place/Rutz+Zollhaus/data=!4m2!3m1!1s0x47a84fd465eb209f:0x1b0a8a4954d8f1be,Rutz Zollhaus,restaurant,want to go,
Berlin,52.5264349,13.387848000000002,https://www.google.com/maps/place/SAHOI/data=!4m2!3m1!1s0x47a851bf1c056445:0x556da33c1efea648,SAHOI,restaurant,want to go,
Berlin,52.531286099999996,13.4028245,https://www.google.com/maps/place/Saint+Farah/data=!4m2!3m1!1s0x47a851e4bcc2d1a9:0xd3d11e770f43d983,Saint Farah,restaurant,want to go,
Berlin,52.502463899999995,13.3511129,https://www.google.com/maps/place/Sakura+Restaurant/data=!4m2!3m1!1s0x47a8504d8b1c92ab:0xe2f1d3dff2be35c7,Sakura Restaurant,restaurant,want to go,
Berlin,52.50659459999999,13.3914374,https://www.google.com/maps/place/Sale+e+Tabacchi/data=!4m2!3m1!1s0x47a851d154528009:0x7b119f803611feb,Sale e Tabacchi,restaurant,want to go,
Berlin,52.5546939,13.3611505,https://www.google.com/maps/place/Sam+Yuk+Gu/data=!4m2!3m1!1s0x47a853d349833e97:0x24f9bab72358a006,Sam Yuk Gu,restaurant,want to go,
Berlin,52.4996942,13.44508,https://www.google.com/maps/place/Sammich+Klub/data=!4m2!3m1!1s0x47a84f86d76fa785:0x4b89006686745a3e,Sammich Klub,restaurant,want to go,
Berlin,52.5270479,13.4147855,https://www.google.com/maps/place/SAN/data=!4m2!3m1!1s0x47a84f52ac39386b:0x18252ac6e99e37e5,SAN,restaurant,want to go,
Berlin,52.52644780000001,13.386987200000002,https://www.google.com/maps/place/Sanku+Maots'ai+(Mitte)+%E4%B8%89%E9%A1%BE%E5%86%92%E8%8F%9C/data=!4m2!3m1!1s0x47a851e630991ce5:0x4f2263a4410034dd,Sanku Maots'ai (Mitte) 三顾冒菜,restaurant,want to go,
Berlin,52.536687799999996,13.421436900000002,https://www.google.com/maps/place/Sathutu/data=!4m2!3m1!1s0x47a84f4443fd1a49:0x64f13b0c5a3717e5,Sathutu,restaurant,want to go,
Berlin,52.4975415,13.430734599999997,https://www.google.com/maps/place/Saveur+de+B%C3%A1nh+M%C3%AC/data=!4m2!3m1!1s0x47a84f5e51b2f91b:0x4796223c610dfbef,Saveur de Bánh Mì,restaurant,want to go,
Berlin,52.501551299999996,13.441468699999998,https://www.google.com/maps/place/Schlesisch+Blau/data=!4m2!3m1!1s0x47a84e4e729ed549:0xe14ae887ddeb2479,Schlesisch Blau,restaurant,want to go,
Berlin,52.52766039999999,13.393061499999998,https://www.google.com/maps/place/Schwarzwaldstuben/data=!4m2!3m1!1s0x47a851e8b6759bf5:0x31fd4839160d3be4,Schwarzwaldstuben,restaurant,want to go,
Berlin,52.498679900000006,13.4468857,https://www.google.com/maps/place/Schwiliko+Restaurant/data=!4m2!3m1!1s0x47a84e53d747cb2b:0x3765f669ccd6558,Schwiliko Restaurant,restaurant,want to go,
Berlin,52.5049446,13.4418895,https://www.google.com/maps/place/Shibuya+Berlin/data=!4m2!3m1!1s0x47a84f2ca3924a61:0x528ee32d88179,Shibuya Berlin,restaurant,want to go,
Berlin,52.542699,13.356992000000002,https://www.google.com/maps/place/Shikgoo/data=!4m2!3m1!1s0x47a851821d20dcb5:0x7a514b045dff28bc,Shikgoo,restaurant,want to go,
Berlin,52.5255437,13.407955099999999,https://www.google.com/maps/place/Shiori/data=!4m2!3m1!1s0x47a851e1ef0cebdb:0x68e0fe55c53e2ee8,Shiori,restaurant,want to go,
Berlin,52.51144790000001,13.457198299999998,https://www.google.com/maps/place/Sh%C5%8Ddo+Udon+Lab/data=!4m2!3m1!1s0x47a84f58f2626f2d:0xa29a4cdf2bff4e08,Shōdo Udon Lab,restaurant,want to go,
Berlin,52.5289504,13.394907700000003,https://www.google.com/maps/place/Slice+Society/data=!4m2!3m1!1s0x47a851b95032891f:0xea03f3df38aaa973,Slice Society,restaurant,want to go,
Berlin,52.5119848,13.389986299999999,https://www.google.com/maps/place/Slim+Chickens/data=!4m2!3m1!1s0x47a8510050bfe87d:0x827fd78f7ef81667,Slim Chickens,restaurant,want to go,
Berlin,52.5280421,13.3890738,https://www.google.com/maps/place/Smartdeli+Sushi+%26+More/data=!4m2!3m1!1s0x47a851ebe3e25565:0xfc8455564eeac8f5,Smartdeli Sushi & More,restaurant,want to go,
Berlin,52.5417792,13.3498276,https://www.google.com/maps/place/Smashy+N+Crunchy/data=!4m2!3m1!1s0x47a851e0a1a11235:0x8ceb7492a82e5b2a,Smashy N Crunchy,restaurant,want to go,
Berlin,52.5376112,13.4082576,https://www.google.com/maps/place/Smash%E2%80%99d+Eatery+x+Forn+SimSim/data=!4m2!3m1!1s0x47a851aa1c591651:0x1891014250a1a798,Smash’d Eatery x Forn SimSim,restaurant,want to go,
Berlin,52.495535,13.4296144,https://www.google.com/maps/place/Smooches+Sandwich+Laden/data=!4m2!3m1!1s0x47a84f6f91c4e75f:0x9ad32c345fd244c,Smooches Sandwich Laden,restaurant,want to go,
Berlin,52.504546,13.3300807,https://www.google.com/maps/place/Soban+Berlin/data=!4m2!3m1!1s0x47a851daaadb4d97:0x760877e903d257b3,Soban Berlin,restaurant,want to go,
Berlin,52.542828300000004,13.3763919,https://www.google.com/maps/place/Sotto/data=!4m2!3m1!1s0x47a851d5f2a1fbe9:0x939e63b9b4c8b8de,Sotto,restaurant,want to go,
Berlin,52.495504,13.365571299999997,https://www.google.com/maps/place/SPICE+JUNCTION/data=!4m2!3m1!1s0x47a851b764e344a7:0x39f9df011eae255d,SPICE JUNCTION,restaurant,want to go,
Berlin,52.505556999999996,13.435104800000001,https://www.google.com/maps/place/Spindler+%26+Klatt/data=!4m2!3m1!1s0x47a84e48fb0876a1:0x3af3d656c6856a79,Spindler & Klatt,restaurant,want to go,
Berlin,52.528664799999994,13.415532299999999,https://www.google.com/maps/place/STROM/data=!4m2!3m1!1s0x47a84f4c894ec66d:0xb1648dbc08544b82,STROM,restaurant,want to go,
Berlin,52.473803,13.423662499999997,https://www.google.com/maps/place/Sugo/data=!4m2!3m1!1s0x47a84f0074d65d5d:0xf486341d417cf6df,Sugo,restaurant,want to go,
Berlin,52.539416599999996,13.399408600000001,https://www.google.com/maps/place/Supersonico/data=!4m2!3m1!1s0x47a851f74331cb1f:0xd0a8bb1fb00545f0,Supersonico,restaurant,want to go,
Berlin,52.4943877,13.418443199999999,https://www.google.com/maps/place/SUSHI+GANG/data=!4m2!3m1!1s0x47a84f10d6305459:0xbf193cdaa08050bf,SUSHI GANG,restaurant,want to go,
Berlin,52.527784,13.403117,https://www.google.com/maps/place/TACO+%26+GRINGO/data=!4m2!3m1!1s0x47a851003ef3397b:0xab7f386686e4e2ed,TACO & GRINGO,restaurant,want to go,
Berlin,52.4950031,13.419546899999997,https://www.google.com/maps/place/Tacos+El+Rey/data=!4m2!3m1!1s0x47a84f0028ac1853:0x9185278b3e67edbb,Tacos El Rey,restaurant,want to go,
Berlin,52.5122906,13.491879899999999,https://www.google.com/maps/place/Tacuza+GmbH/data=!4m2!3m1!1s0x47a84f7c41221b59:0xe07644e296fdebb3,Tacuza GmbH,restaurant,want to go,
Berlin,52.4924846,13.4162999,https://www.google.com/maps/place/Tangs+Kantine/data=!4m2!3m1!1s0x47a84fc953a10fc3:0xa9c83b4911481c80,Tangs Kantine,restaurant,want to go,
Berlin,52.490805599999995,13.413458899999998,https://www.google.com/maps/place/Tante+Fichte/data=!4m2!3m1!1s0x47a84f9a53bfbd3f:0xa5a33f6011da447f,Tante Fichte,restaurant,want to go,
Berlin,52.5082277,13.466511299999997,https://www.google.com/maps/place/Taquer%C3%ADa+Mexa+Berlin/data=!4m2!3m1!1s0x47a84fcedc151b17:0xa3887e37869250af,Taquería Mexa Berlin,restaurant,want to go,
Berlin,52.4672572,13.421397799999998,https://www.google.com/maps/place/Taverna+Olympia/data=!4m2!3m1!1s0x47a84f91a4bbc8ff:0x292e00cb026061c6,Taverna Olympia,restaurant,want to go,
Berlin,52.4998741,13.4370962,https://www.google.com/maps/place/Ta%E2%80%99Cabr%C3%B3n+Taqueria/data=!4m2!3m1!1s0x47a84e4c404388b5:0xa6adb9cc15f6050f,Ta’Cabrón Taqueria,restaurant,want to go,
Berlin,52.545276699999995,13.417256499999999,https://www.google.com/maps/place/Teller+Berlin/data=!4m2!3m1!1s0x47a8534a6633a3e3:0x5be6e37df3985c59,Teller Berlin,restaurant,want to go,
Berlin,52.5452751,13.3435574,https://www.google.com/maps/place/Theke/data=!4m2!3m1!1s0x47a8517625b78293:0x293dac685144c9d,Theke,restaurant,want to go,
Berlin,52.4906689,13.393908099999999,https://www.google.com/maps/place/Tibet+Haus+Resturant/data=!4m2!3m1!1s0x47a84fd78d670ad3:0x2094d1d0b5bf1920,Tibet Haus Resturant,restaurant,want to go,
Berlin,52.4896167,13.3777893,https://www.google.com/maps/place/Tirelli's/data=!4m2!3m1!1s0x47a850253d0d0427:0x3a95bde58040e792,Tirelli's,restaurant,want to go,
Berlin,52.5294155,13.4045047,https://www.google.com/maps/place/To+The+Bone/data=!4m2!3m1!1s0x47a851e39e6dd26b:0xc7aaa1bb07fb11ef,To The Bone,restaurant,want to go,
Berlin,52.4960179,13.3596703,https://www.google.com/maps/place/Tori-Katsu+Berlin/data=!4m2!3m1!1s0x47a8504857ec10b1:0x1f99058f5d4e957f,Tori-Katsu Berlin,restaurant,want to go,
Berlin,52.488027599999995,13.3368132,https://www.google.com/maps/place/Tresen+Treff/data=!4m2!3m1!1s0x47a8505dd1f0ba79:0x7d81f015e80ca22e,Tresen Treff,restaurant,want to go,
Berlin,52.5312299,13.4086763,https://www.google.com/maps/place/trespassers/data=!4m2!3m1!1s0x47a851e2d084d05f:0x352420b82e74f7fb,trespassers,restaurant,want to go,
Berlin,52.48967699999999,13.413604,https://www.google.com/maps/place/tulus+lotrek/data=!4m2!3m1!1s0x47a84fcf2fd89cf7:0x445ce4e36802297,tulus lotrek,restaurant,want to go,
Berlin,52.501550099999996,13.417773699999998,https://www.google.com/maps/place/Tupac+Berlin/data=!4m2!3m1!1s0x47a851a71849574f:0xc0d16c10d4e0ad3d,Tupac Berlin,restaurant,want to go,
Berlin,52.554078,13.383376499999999,https://www.google.com/maps/place/Ugur+Imbiss/data=!4m2!3m1!1s0x47a852248f61f5e1:0x99528877e1ccf8a8,Ugur Imbiss,restaurant,want to go,
Berlin,52.5419292,13.3548346,https://www.google.com/maps/place/UUU/data=!4m2!3m1!1s0x47a851c8f736c9fd:0x121a4dcb74cee48b,UUU,restaurant,want to go,
Berlin,52.5257108,13.3892885,https://www.google.com/maps/place/Ver%C5%8Dnika+Berlin/data=!4m2!3m1!1s0x47a851bb6ee490c9:0x30bc19da8950c368,Verōnika Berlin,restaurant,want to go,
Berlin,52.531580399999996,13.399509199999999,https://www.google.com/maps/place/VOLK/data=!4m2!3m1!1s0x47a851ce3d811cc9:0xf24386df1d5d4c90,VOLK,restaurant,want to go,
Berlin,52.511210999999996,13.4381711,https://www.google.com/maps/place/Volkskammer/data=!4m2!3m1!1s0x47a84e46c44dbaa9:0x4708054ed1bf2356,Volkskammer,restaurant,want to go,
Berlin,52.48693239999999,13.439825699999998,https://www.google.com/maps/place/W+Pizza+Neuk%C3%B6lln/data=!4m2!3m1!1s0x47a84fafaf71591d:0xa359c8459f9f4d,W Pizza Neukölln,restaurant,want to go,
Berlin,52.5061256,13.313521399999997,https://www.google.com/maps/place/XXX+Ramen+Berlin/data=!4m2!3m1!1s0x47a851dbe08480df:0xab667de105bb25cb,XXX Ramen Berlin,restaurant,want to go,
Berlin,52.5244194,13.329621400000002,https://www.google.com/maps/place/YA+MAN+Caribbean+Soulfood/data=!4m2!3m1!1s0x47a85111f5c55555:0x35ae7800e84bbb6b,YA MAN Caribbean Soulfood,restaurant,want to go,
Berlin,52.4994662,13.428486800000002,https://www.google.com/maps/place/ZAGROS+Veggie+Kebabs/data=!4m2!3m1!1s0x47a84f56fb51c0f3:0xc25b11c59658af0c,ZAGROS Veggie Kebabs,restaurant,want to go,
Berlin,52.5034869,13.473207700000001,https://www.google.com/maps/place/Zhou's+Five+GmbH/data=!4m2!3m1!1s0x47a84ef06a6bb5d3:0x615585297f07de30,Zhou's Five GmbH,restaurant,want to go,
Berlin,52.5013169,13.432346,https://www.google.com/maps/place/Zum+Heiligen+Teufel+-+Cucina+Italiana/data=!4m2!3m1!1s0x47a84f9d8a8eb5b3:0xe31516ef12e08814,Zum Heiligen Teufel - Cucina Italiana,restaurant,want to go,
Berlin,52.5409194,13.4141972,https://www.google.com/maps/place/Zum+Schusterjungen/data=!4m2!3m1!1s0x47a851ff96920a01:0x5db763c9311697a1,Zum Schusterjungen,restaurant,want to go,
Berlin,52.5173692,13.4137999,https://www.google.com/maps/place/Zur+letzten+Instanz/data=!4m2!3m1!1s0x47a84e23cf1b61d5:0xcb3cca6019ceaa2a,Zur letzten Instanz,restaurant,want to go,
Berlin,52.5392406,13.4216598,https://www.google.com/maps/place/Zweistrom/data=!4m2!3m1!1s0x47a84e00c2837e5f:0x4509ad4c898cbc81,Zweistrom,restaurant,want to go,
Berlin,52.52435649999999,13.410094599999997,https://www.google.com/maps/place/Apartment/data=!4m2!3m1!1s0x47a84e1e46416efd:0x6745d77020c4cd95,Apartment,shop,want to go,
Berlin,52.512226999999996,13.460002999999997,https://www.google.com/maps/place/Aufschnitt+Berlin+-+Textiles+Objekt+Design+-+Besondere+Geschenke/data=!4m2!3m1!1s0x47a84e5e57a2d419:0xacdf1506c5bb12dd,Aufschnitt Berlin - Textiles Objekt Design - Besondere Geschenke,shop,want to go,
Berlin,52.5002776,13.339013599999998,https://www.google.com/maps/place/Ber%C3%B6zka+GmbH/data=!4m2!3m1!1s0x47a8519fc619787b:0x49c36891fc6d54ae,Berözka GmbH,shop,want to go,
Berlin,52.4847002,13.4378753,https://www.google.com/maps/place/BOHEI+Shop/data=!4m2!3m1!1s0x47a84fa563dd24bb:0xadda6226e643362f,BOHEI Shop,shop,want to go,
Berlin,52.488319999999995,13.3922973,https://www.google.com/maps/place/Broken+English+-+Berlin/data=!4m2!3m1!1s0x47a84f9df5793d59:0x47f822e81ca81947,Broken English - Berlin,shop,want to go,
Berlin,52.53918770000001,13.4384846,"https://www.google.com/maps/place/Centro+Italia+%7C+Supermarkt,+Weinhandlung,+Online+Shop/data=!4m2!3m1!1s0x47a84f6ad02d9cd9:0x5c6f6318bbf3cb9","Centro Italia | Supermarkt, Weinhandlung, Online Shop",shop,want to go,
Berlin,52.5276341,13.351231300000002,https://www.google.com/maps/place/Chapters+Bookshop/data=!4m2!3m1!1s0x47a85100128475d9:0xc3a9597f175bb401,Chapters Bookshop,shop,want to go,
Berlin,52.526191999999995,13.393797900000001,https://www.google.com/maps/place/Comicbibliothek+Renate/data=!4m2!3m1!1s0x47a851e89da41fa3:0xc06132358ac048a3,Comicbibliothek Renate,shop,want to go,
Berlin,52.492572100000004,13.415832699999998,https://www.google.com/maps/place/Cym+Art+and+Craft+Supplies/data=!4m2!3m1!1s0x47a84fceacf02c61:0x16b63988997f75f1,Cym Art and Craft Supplies,shop,want to go,
Berlin,52.4935316,13.368257199999999,https://www.google.com/maps/place/DekolagerBerlin/data=!4m2!3m1!1s0x47a850375da075dd:0x3db58ee88ed18b20,DekolagerBerlin,shop,want to go,
Berlin,52.562851099999996,13.477779199999999,https://www.google.com/maps/place/Dildoking/data=!4m2!3m1!1s0x47a84ea9680f258b:0x1f11ed43cdc9ad88,Dildoking,shop,want to go,
Berlin,52.53287549999999,13.422737399999999,https://www.google.com/maps/place/Dr.+Kochan+Liquor+Culture/data=!4m2!3m1!1s0x47a84e045f57479f:0x9683bf8d36d09264,Dr. Kochan Liquor Culture,shop,want to go,
Berlin,52.4802131,13.4387392,https://www.google.com/maps/place/fajny%2Ffajna+Kilo+Secondhand+%26+Vintage/data=!4m2!3m1!1s0x47a84f591f052f51:0x58e0da7e307bd2b1,fajny/fajna Kilo Secondhand & Vintage,shop,want to go,
Berlin,52.491569299999995,13.390419,https://www.google.com/maps/place/fajny%2Ffajna+Kilo+Secondhand+%26+Vintage/data=!4m2!3m1!1s0x47a85199685f9c3b:0x7d9c7cb2420799cb,fajny/fajna Kilo Secondhand & Vintage,shop,want to go,
Berlin,52.4970986,13.3531287,https://www.google.com/maps/place/Finest+Whisky/data=!4m2!3m1!1s0x47a8504f03eb7659:0x92ae7d53d76d733b,Finest Whisky,shop,want to go,
Berlin,52.554639599999994,13.380395199999995,https://www.google.com/maps/place/Frau+Wunderwald+-+Vintage+M%C3%B6bel+und+Deko+-+Mid+Century/data=!4m2!3m1!1s0x47a85123870e9a0d:0x769c5d7c2a381895,Frau Wunderwald - Vintage Möbel und Deko - Mid Century,shop,want to go,
Berlin,52.4918482,13.3833145,https://www.google.com/maps/place/Galander+Liquor+Store/data=!4m2!3m1!1s0x47a8453773ef429f:0x88828e1b989481ae,Galander Liquor Store,shop,want to go,
Berlin,52.5454777,13.412418399999998,https://www.google.com/maps/place/gorgeous/data=!4m2!3m1!1s0x47a8520171c42673:0x3eaaf90f6487189f,gorgeous,shop,want to go,
Berlin,52.5258087,13.410698399999998,https://www.google.com/maps/place/GR%C3%9CNWASCHEN/data=!4m2!3m1!1s0x47a84f0266663375:0xb007e743a19da256,GRÜNWASCHEN,shop,want to go,
Berlin,52.5140147,13.4646808,https://www.google.com/maps/place/hanabira+%E2%80%93+Japanische+Lebensmittel+%26+Feinkost/data=!4m2!3m1!1s0x47a84e5ff9028569:0x395c62f81712f2e0,hanabira – Japanische Lebensmittel & Feinkost,shop,want to go,
Berlin,52.5007108,13.422042099999997,https://www.google.com/maps/place/Hillmann+Hans-J%C3%BCrgen+Lebensmittel/data=!4m2!3m1!1s0x416523a283c1a077:0x4f69b287c4bf0bbd,Hillmann Hans-Jürgen Lebensmittel,shop,want to go,
Berlin,52.5246,13.401471899999999,https://www.google.com/maps/place/Hoffnung+Berlin/data=!4m2!3m1!1s0x47a851e0dda724ef:0x72d874a86231f93f,Hoffnung Berlin,shop,want to go,
Berlin,52.5349933,13.415999399999999,https://www.google.com/maps/place/Holzapfel/data=!4m2!3m1!1s0x47a84e03954ddb0f:0x99f3c725c54b480f,Holzapfel,shop,want to go,
Berlin,52.528330700000005,13.306242500000003,https://www.google.com/maps/place/H%C3%BCco+Stoffe/data=!4m2!3m1!1s0x47a8513975468a5f:0x34b0c72481151cd8,Hüco Stoffe,shop,want to go,
Berlin,52.4782377,13.365314999999997,https://www.google.com/maps/place/Iden+System+Company+GmbH/data=!4m2!3m1!1s0x47a8500756fd7721:0x4f0301f048a2e828,Iden System Company GmbH,shop,want to go,
Berlin,52.492001099999996,13.3506316,https://www.google.com/maps/place/J%26V+-+Finest+Industrial+Vintage+Furniture/data=!4m2!3m1!1s0x47a8504451725b3d:0xcd1afe2da2d79a9a,J&V - Finest Industrial Vintage Furniture,shop,want to go,
Berlin,52.4964944,13.426298700000002,https://www.google.com/maps/place/Keller+Kreuzberg/data=!4m2!3m1!1s0x47a84f6f98a241af:0x3af726d91f9748ec,Keller Kreuzberg,shop,want to go,
Berlin,52.4784869,13.4211558,https://www.google.com/maps/place/Koku+Secondhand+Store/data=!4m2!3m1!1s0x47a84f0fcfcafa6b:0x44110486a449966a,Koku Secondhand Store,shop,want to go,
Berlin,52.487330500000006,13.358618400000001,https://www.google.com/maps/place/Kramari/data=!4m2!3m1!1s0x47a850282858dce5:0xd11af0fd780a923a,Kramari,shop,want to go,
Berlin,52.52568269999999,13.411098799999998,https://www.google.com/maps/place/Luiban+Papeterie/data=!4m2!3m1!1s0x47a84e1e7352864f:0xc6e57af35e524234,Luiban Papeterie,shop,want to go,
Berlin,52.4561893,13.299973899999998,https://www.google.com/maps/place/Manufactum+in+der+K%C3%B6niglichen+Gartenakademie+Berlin-Dahlem/data=!4m2!3m1!1s0x47a85a652327c599:0x61a83ffedb45d72,Manufactum in der Königlichen Gartenakademie Berlin-Dahlem,shop,want to go,
Berlin,52.547489899999995,13.4577091,"https://www.google.com/maps/place/Martin+Z.+Schr%C3%B6der,+Drucker/data=!4m2!3m1!1s0x47a85208c50d99bd:0xf4d22af8ce82c1ab","Martin Z. Schröder, Drucker",shop,want to go,
Berlin,52.534919599999995,13.418445,https://www.google.com/maps/place/MDC+cosmetic/data=!4m2!3m1!1s0x47a84e03c842a07d:0x917f9a00a5a42fc4,MDC cosmetic,shop,want to go,
Berlin,52.5061597,13.324176099999997,https://www.google.com/maps/place/minimum+Berlin+Charlottenburg/data=!4m2!3m1!1s0x47a850fcfcdd61e3:0xdeee0a9b78f820f2,minimum Berlin Charlottenburg,shop,want to go,
Berlin,52.5065589,13.312820700000001,https://www.google.com/maps/place/Mitte+Meer+Charlottenburg/data=!4m2!3m1!1s0x47a850e16ca2c171:0x413f361930c28a51,Mitte Meer Charlottenburg,shop,want to go,
Berlin,52.4904555,13.4050816,https://www.google.com/maps/place/Modern+Times+Mid+Century+Furniture+%2F+M%C3%B6bel+Berlin/data=!4m2!3m1!1s0x47a84fd046e5c077:0x308e2b54e6935ce8,Modern Times Mid Century Furniture / Möbel Berlin,shop,want to go,
Berlin,52.54537630000001,13.343464299999999,https://www.google.com/maps/place/MXPSM+(Michelberger+X+Preussische+Spirituosen+Manufaktur)/data=!4m2!3m1!1s0x47a8517ca3296ff5:0xd51581f235d11028,MXPSM (Michelberger X Preussische Spirituosen Manufaktur),shop,want to go,
Berlin,52.483808499999995,13.432149499999998,https://www.google.com/maps/place/Neuk%C3%B6llner:innen/data=!4m2!3m1!1s0x47a84f2f2bf06bbd:0x3d73333d259cd5bb,Neuköllner:innen,shop,want to go,
Berlin,52.525788,13.407259999999999,https://www.google.com/maps/place/o.k.-international+%2F+o.k.-Versand/data=!4m2!3m1!1s0x47a851e1f2a7254b:0xb577edaab10b8683,o.k.-international / o.k.-Versand,shop,want to go,
Berlin,52.4977985,13.4301944,https://www.google.com/maps/place/Original+Unverpackt/data=!4m2!3m1!1s0x47a84e4ad8d5378d:0x10b1e055bb25a104,Original Unverpackt,shop,want to go,
Berlin,52.489461899999995,13.389817599999999,https://www.google.com/maps/place/Pippo+Store/data=!4m2!3m1!1s0x47a851a861b718a1:0x4d2e6b52e7279c2a,Pippo Store,shop,want to go,
Berlin,52.524256199999996,13.410488599999997,https://www.google.com/maps/place/PLATTE/data=!4m2!3m1!1s0x47a84f806874d095:0xb048a94bd875dc83,PLATTE,shop,want to go,
Berlin,52.500258099999996,13.420329599999999,https://www.google.com/maps/place/Printworks+Textildruck/data=!4m2!3m1!1s0x47a84e347c66fcb5:0x960156210b429233,Printworks Textildruck,shop,want to go,
Berlin,52.49784640000001,13.3488087,https://www.google.com/maps/place/Prinz+Eisenherz/data=!4m2!3m1!1s0x47a8505138584915:0x7a7b6d190b92cb70,Prinz Eisenherz,shop,want to go,
Berlin,52.49079139999999,13.4214968,https://www.google.com/maps/place/RAVEMORE+BERLIN+%7C+R%2B/data=!4m2!3m1!1s0x47a84fb55f2f02c7:0x70bfa3c73c556f6c,RAVEMORE BERLIN | R+,shop,want to go,
Berlin,52.5237238,13.401095000000002,https://www.google.com/maps/place/Sammen+Sec%C3%B8nd+H%C3%A5nd+(second+hand+shop+)+Hackescher+Markt/data=!4m2!3m1!1s0x47a851a8cdc118f1:0xfc2278e6f528c53a,Sammen Secønd Hånd (second hand shop ) Hackescher Markt,shop,want to go,
Berlin,52.489337799999994,13.4240974,https://www.google.com/maps/place/Sammen+Sec%C3%B8nd+H%C3%A5nd+(second+hand+shop)+Hermannplatz/data=!4m2!3m1!1s0x47a84fcb2acea215:0x3997d5152050e343,Sammen Secønd Hånd (second hand shop) Hermannplatz,shop,want to go,
Berlin,52.5390126,13.422325299999999,https://www.google.com/maps/place/Scandinavian+Objects/data=!4m2!3m1!1s0x47a84e00dab14c73:0x3bdd8e786609fde3,Scandinavian Objects,shop,want to go,
Berlin,52.491453,13.423325999999998,https://www.google.com/maps/place/She+said/data=!4m2!3m1!1s0x47a84fedc52973c9:0x1ec0b39ed6ee79fe,She said,shop,want to go,
Berlin,52.475727899999995,13.4433052,https://www.google.com/maps/place/Sommerfeld+Spirituosen+GmbH/data=!4m2!3m1!1s0x47a84fa050808499:0x3303ee9aaf8dc892,Sommerfeld Spirituosen GmbH,shop,want to go,
Berlin,52.52897180000001,13.406980599999999,https://www.google.com/maps/place/Supreme/data=!4m2!3m1!1s0x47a851b65ddff25d:0x113ef047954571b6,Supreme,shop,want to go,
Berlin,52.5025933,13.4130383,https://www.google.com/maps/place/Sweef+Germany/data=!4m2!3m1!1s0x47a8516e40477ee3:0xe344843cb928ee8b,Sweef Germany,shop,want to go,
Berlin,52.486445599999996,13.4265812,https://www.google.com/maps/place/SXC.Showroom/data=!4m2!3m1!1s0x47a84f5829264f33:0x9a4c214946c58418,SXC.Showroom,shop,want to go,
Berlin,52.5024843,13.4387487,https://www.google.com/maps/place/Trippen+Factory+Outlet/data=!4m2!3m1!1s0x47a84e4e8c9d4ee1:0xb68bff210bed9e04,Trippen Factory Outlet,shop,want to go,
Berlin,52.5516698,13.208331399999997,"https://www.google.com/maps/place/Tr%C3%B6delhalle+Spandau,+gebrauchte+M%C3%B6bel+Berlin/data=!4m2!3m1!1s0x47a8562fa624f0d7:0xa13f709c65b00dc9","Trödelhalle Spandau, gebrauchte Möbel Berlin",shop,want to go,
Berlin,52.493019999999994,13.417560499999999,https://www.google.com/maps/place/Umbras+Kuriosit%C3%A4tenkabinett/data=!4m2!3m1!1s0x47a84fcbfcb9a2c5:0x24d4797ffe5c77ae,Umbras Kuriositätenkabinett,shop,want to go,
Berlin,52.4716853,13.3658586,https://www.google.com/maps/place/VIA+Blumenfisch+gGmbH/data=!4m2!3m1!1s0x47a850101e2e5ad5:0xc9df79d2e652447,VIA Blumenfisch gGmbH,shop,want to go,
Berlin,52.487976599999996,13.432469999999999,https://www.google.com/maps/place/Clueless/data=!4m2!3m1!1s0x47a84ff26efca4cf:0x3d32f4d17f0e784e,Clueless,vintage,want to go,
Berlin,52.5468158,13.412025199999999,https://www.google.com/maps/place/Homefullofclothes/data=!4m2!3m1!1s0x47a853dc72e1bdc3:0xbe25b69704300d91,Homefullofclothes,vintage,want to go,
Berlin,52.48998160000001,13.4189126,https://www.google.com/maps/place/Homefullofclothes/data=!4m2!3m1!1s0x47a84fcaaca7aa37:0x4188faca80810b46,Homefullofclothes,vintage,want to go,
Berlin,52.491048,13.426258799999998,https://www.google.com/maps/place/Joo+Vintage/data=!4m2!3m1!1s0x47a84fc7eae620c1:0xe5d35c5c2e3b3535,Joo Vintage,vintage,want to go,
Berlin,52.52784399999999,13.4046642,https://www.google.com/maps/place/Pineapple+Factory+Gallery/data=!4m2!3m1!1s0x47a8518db4ab46c9:0x29fcbd511280e13b,Pineapple Factory Gallery,vintage,want to go,
Berlin,52.5457287,13.412425700000002,https://www.google.com/maps/place/Rodeo+Vintage+Berlin/data=!4m2!3m1!1s0x47a85399b8d4421d:0x278a4ef8fcdc3011,Rodeo Vintage Berlin,vintage,want to go,
Berlin,52.503009,13.315649,https://www.google.com/maps/place/Secondo+Berlin/data=!4m2!3m1!1s0x47a8507d680238d1:0xbc13f981f2da2441,Secondo Berlin,vintage,want to go,
Berlin,52.49234629999999,13.426197699999998,https://www.google.com/maps/place/Sing+Blackbird+Vintage/data=!4m2!3m1!1s0x47a84fb5db2332d3:0xf3985fcc67cb856,Sing Blackbird Vintage,vintage,want to go,
Berlin,52.53337719999999,13.428092300000001,https://www.google.com/maps/place/Soeur/data=!4m2!3m1!1s0x47a84e058f051bb7:0x4bf04cc207a3c6a9,Soeur,vintage,want to go,
Berlin,52.4925587,13.425971800000001,https://www.google.com/maps/place/spatz+vintage/data=!4m2!3m1!1s0x47a84faf8d98bf05:0xef24e1e4093d8034,spatz vintage,vintage,want to go,
Berlin,52.546530399999995,13.412697099999999,https://www.google.com/maps/place/Vintage+revivals/data=!4m2!3m1!1s0x47a85205d570d929:0x437abfc3536f0cc6,Vintage revivals,vintage,want to go,
Berlin,52.4920817,13.4234098,https://www.google.com/maps/place/wsiura/data=!4m2!3m1!1s0x47a84fb5c3900001:0x367f2382b3a06edf,wsiura,vintage,want to go,
Berlin,52.4999433,13.4390612,https://www.google.com/maps/place/Wsiura+Lite/data=!4m2!3m1!1s0x47a84faf0c22a9cf:0x470409bba1dec12e,Wsiura Lite,vintage,want to go,
Berlin,52.4563054,13.3204488,https://www.google.com/maps/place/zik+Zeit+ist+knapp+%2F+Zentrum+f%C3%BCr+internationale+K%C3%BCnste/data=!4m2!3m1!1s0x47a85b007a0b16bd:0x3ea9ed52dcbaacfa,zik Zeit ist knapp / Zentrum für internationale Künste,experience,favorite,
Berlin,52.5257485,13.4040458,https://www.google.com/maps/place/LOBB+BERLIN+at+Casa+Camper/data=!4m2!3m1!1s0x47a8519db389f8c9:0xd52baed685f77956,LOBB BERLIN at Casa Camper,bar,favorite,true
Berlin,52.494974,13.425871599999997,https://www.google.com/maps/place/BLUME%26RAUM/data=!4m2!3m1!1s0x47a84fb57a78cab5:0x5a5e2934d085cd60,BLUME&RAUM,shop,favorite,
Berlin,52.472492800000005,13.419453800000001,https://www.google.com/maps/place/treppe/data=!4m2!3m1!1s0x47a84fa652f38c0f:0xc72510f7268b8464,treppe,bar,want to go,
Berlin-Bezirk Pankow,52.5304326,13.4320458,https://www.google.com/maps/place/K%C3%A4the-Niederkirchner-Stra%C3%9Fe/data=!4m2!3m1!1s0x47a84e0e4a3ee1c3:0x88d22939192caf60,Käthe-Niederkirchner-Straße,experience,favorite,
LA,34.0717488,-118.4015124,https://www.google.com/maps/place/Funke/data=!4m2!3m1!1s0x80c2bd64887d6695:0xe0f4f252be3032f6,Funke,restaurant,want to go,
LA,34.06764679999999,-118.39757179999998,https://www.google.com/maps/place/Spago/data=!4m2!3m1!1s0x80c2bbfed96ef75b:0x6595937c3757fbed,Spago,restaurant,want to go,
LA,34.06881990000001,-118.4032967,https://www.google.com/maps/place/What+Goes+Around+Comes+Around/data=!4m2!3m1!1s0x80c2bbf80b1d18ed:0xc15b7da07b6108e4,What Goes Around Comes Around,vintage,want to go,
Amsterdam,52.366010700000004,4.8951546,https://www.google.com/maps/place/Eetsalon+Van+Dobben/data=!4m2!3m1!1s0x47c609955aa4b797:0xf068778667caac7a,Eetsalon Van Dobben,cafe,want to go,
Amsterdam,52.383648300000004,4.8789792,https://www.google.com/maps/place/Queen+of+Sheba/data=!4m2!3m1!1s0x47c609d3e15fb9fd:0xb5a83b4a1b37e3dc,Queen of Sheba,restaurant,want to go,
Biddeford,43.4926861,-70.4547333,https://www.google.com/maps/place/Palace+Diner/data=!4m2!3m1!1s0x4cb2a4f8c7f4f035:0x9f9edba350216e1b,Palace Diner,other,want to go,
Biddeford,43.4924769,-70.4560571,https://www.google.com/maps/place/Sacred+Profane+Brewery+and+Tankpub/data=!4m2!3m1!1s0x4cb2a510e567faa1:0x14288664df4ccb24,Sacred Profane Brewery and Tankpub,restaurant,want to go,
Bielefeld,52.015338899999996,8.521309800000001,https://www.google.com/maps/place/Dr.+Oetker+World/data=!4m2!3m1!1s0x47ba3d21fc8e845d:0x295aaae58589803,Dr. Oetker World,experience,favorite,
Biesenthal,52.7742233,13.628489499999999,https://www.google.com/maps/place/Wehrmuehle+Museum/data=!4m2!3m1!1s0x47a9b10e5befe71f:0x61ed2d0b7eac537b,Wehrmuehle Museum,experience,favorite,
Biloxi,30.398482200000004,-88.9342027,https://www.google.com/maps/place/The+Project+Lounge/data=!4m2!3m1!1s0x889c0e25a081a1b3:0x38ebe699d2a27911,The Project Lounge,bar,want to go,
Biscay,43.2709134,-2.9449426,https://www.google.com/maps/place/Waman+Restaurante/data=!4m2!3m1!1s0xd4e51906bad40f9:0x2de4a780e8126afe,Waman Restaurante,restaurant,want to go,
Bizkaia,43.115872100000004,-2.5984691,https://www.google.com/maps/place/Asador+Etxebarri/data=!4m2!3m1!1s0xd4fd2f2e829037f:0x2a92df5d5d965416,Asador Etxebarri,bar,want to go,
Den Haag,52.076868999999995,4.312640200000001,https://www.google.com/maps/place/Starbucks/data=!4m2!3m1!1s0x47c5b7246c687b45:0xd037e07fdde5f018,Starbucks,cafe,want to go,
Amsterdam,52.3675558,4.8673570999999995,https://www.google.com/maps/place/The+Breakfast+Club/data=!4m2!3m1!1s0x47c5e20aac24d573:0xf84e86a91cd61a81,The Breakfast Club,club,favorite,
Blankenfelde-Mahlow,52.354400399999996,13.394165099999999,https://www.google.com/maps/place/Waldplatz/data=!4m2!3m1!1s0x47a843be3d9e4bc7:0x2da8ff0387fca157,Waldplatz,park,favorite,
Amsterdam,52.3660971,4.8924873,https://www.google.com/maps/place/The+Shirt+Shop/data=!4m2!3m1!1s0x47c609ea97643695:0x62fd29fbff907c74,The Shirt Shop,shop,favorite,
Amsterdam,52.356299,4.897117000000001,https://www.google.com/maps/place/De+Japanner/data=!4m2!3m1!1s0x47c6099270f43d37:0x8de008332cd7016f,De Japanner,restaurant,want to go,
Bolton,34.31710820000001,-78.2431434,https://www.google.com/maps/place/Grahamland+Amusements+LLC/data=!4m2!3m1!1s0x89aa3fc73b10dc45:0xce99aa7c98c4d1ca,Grahamland Amusements LLC,experience,want to go,
Boppstraße,52.490735,13.4220296,https://www.google.com/maps/place/Vingot/data=!4m2!3m1!1s0x47a84f66328833a7:0x837986bbcba369c4,Vingot,bakery,favorite,
Bordeaux,44.8411773,-0.5717228999999998,https://www.google.com/maps/place/GRUPPOMIMO+-+Bordeaux/data=!4m2!3m1!1s0xd55274bf3e4dd09:0x58b2398357cce513,GRUPPOMIMO - Bordeaux,restaurant,want to go,
Bordeaux,44.8306287,-0.5812009999999999,https://www.google.com/maps/place/L'+Am%C3%A9d%C3%A9e/data=!4m2!3m1!1s0xd55275236f6cfa3:0x76f1ecdc3f23aec5,L' Amédée,restaurant,want to go,
Bordeaux,44.8328695,-0.562018,https://www.google.com/maps/place/La+Tupina/data=!4m2!3m1!1s0xd552634e2527975:0xcf0bfdc08c242c6e,La Tupina,restaurant,want to go,
Bordeaux,44.8384514,-0.5785410999999999,https://www.google.com/maps/place/Le+Boulanger+de+l'H%C3%B4tel+de+Ville/data=!4m2!3m1!1s0xd5527c369b0cc69:0xb99918a5c06daed1,Le Boulanger de l'Hôtel de Ville,bakery,want to go,
Bordeaux,44.8302692,-0.5678287,https://www.google.com/maps/place/March%C3%A9+des+Capucins/data=!4m2!3m1!1s0xd5527fccb8bb105:0xff44fd49ac01b659,Marché des Capucins,flea market,want to go,
Born auf dem Darß,54.429999499999994,12.532499999999999,https://www.google.com/maps/place/Dar%C3%9F/data=!4m2!3m1!1s0x47aceb3b41901c2d:0xfa5fe4f0a218705f,Darß,other,want to go,
Borough Market,51.50578669999999,-0.09043069999999999,https://www.google.com/maps/place/Bread+Ahead/data=!4m2!3m1!1s0x487603570f8d0007:0xf57270d04805e5d2,Bread Ahead,bakery,want to go,
Borough Market,51.505587399999996,-0.09117589999999999,https://www.google.com/maps/place/The+Ginger+Pig/data=!4m2!3m1!1s0x487604a873ad51bb:0x7aa6af8fe1fea33c,The Ginger Pig,shop,want to go,
Boston,42.363233,-71.0547494,https://www.google.com/maps/place/Modern+Pastry+Shop/data=!4m2!3m1!1s0x89e37088d98bab4f:0x1b96a137a5152e40,Modern Pastry Shop,shop,want to go,
Bottrop,51.62088,6.972452,https://www.google.com/maps/place/Movie+Park+Germany/data=!4m2!3m1!1s0x47b8ee6c8e10b0df:0x8c497b69575062ae,Movie Park Germany,park,favorite,
Bow,51.529184799999996,-0.04067499999999999,https://www.google.com/maps/place/The+Palm+Tree/data=!4m2!3m1!1s0x48761d8e0cd83337:0x3bc113c5064ea93b,The Palm Tree,bar,favorite,
Bowman,33.411237899999996,-80.6685564,https://www.google.com/maps/place/Lion's+Den/data=!4m2!3m1!1s0x88fed7b1d1367489:0x9180855b8cfd008,Lion's Den,shop,favorite,
Amsterdam,52.35222340000001,4.8566914,https://www.google.com/maps/place/Ron+Gastrobar/data=!4m2!3m1!1s0x47c5e20389e1bee3:0xb954db43059cc178,Ron Gastrobar,bar,want to go,
Bray,51.509047200000005,-0.6996249999999999,https://www.google.com/maps/place/The+Waterside+Inn/data=!4m2!3m1!1s0x48767cd3cc79459f:0x3dc901d153480326,The Waterside Inn,restaurant,want to go,
Brazil,-22.9140547,-43.181759899999996,https://www.google.com/maps/place/Botequim+Os+Ximenes/data=!4m2!3m1!1s0x997fe1669bd70d:0x68fdceed09a5ed6b,Botequim Os Ximenes,restaurant,want to go,
Brazil,-23.566322399999994,-46.667572199999995,https://www.google.com/maps/place/D.O.M./data=!4m2!3m1!1s0x94ce59d6e56707fd:0x269955670d659e58,D.O.M.,restaurant,want to go,
Brazil,-23.5662429,-46.679553,https://www.google.com/maps/place/Man%C3%AD/data=!4m2!3m1!1s0x94ce575aaccf6f9f:0x633ab78c6d0057f8,Maní,restaurant,want to go,
Brione (Verzasca),46.291049699999995,8.7953761,https://www.google.com/maps/place/BoBosco+Trail/data=!4m2!3m1!1s0x4785b11b7006a9a7:0xd190ade1eded3caa,BoBosco Trail,nature,favorite,
Bristol,51.4519175,-2.5923206999999997,https://www.google.com/maps/place/The+Apple/data=!4m2!3m1!1s0x48718e79b6078c51:0x51bf1e2b842473c8,The Apple,bar,want to go,
Bronx,40.8542278,-73.8882528,https://www.google.com/maps/place/Mikes+Deli/data=!4m2!3m1!1s0x89c2f487597d8a2d:0x43fe4cd2074cac0b,Mikes Deli,restaurant,want to go,
NYC,40.713904899999996,-73.95589389999999,https://www.google.com/maps/place/The+Commodore/data=!4m2!3m1!1s0x89c2595f033406a7:0xa82efcbc554a73dd,The Commodore,art,favorite,
NYC,40.688041899999995,-73.99298689999999,https://www.google.com/maps/place/Court+Street+Bagels/data=!4m2!3m1!1s0x89c25a4fc36c8dbd:0x68af5dd319514c97,Court Street Bagels,bakery,favorite,
NYC,40.6866784,-73.954747,https://www.google.com/maps/place/Dynaco/data=!4m2!3m1!1s0x89c25b96a11581d7:0x33ff4cdb1a2c1b4a,Dynaco,bakery,favorite,
NYC,40.6874314,-73.9904201,https://www.google.com/maps/place/One+Girl+Cookies/data=!4m2!3m1!1s0x89c25a4e1871e773:0xf69d8679081ff009,One Girl Cookies,bakery,favorite,
NYC,40.712072,-73.95106299999999,https://www.google.com/maps/place/Barcade/data=!4m2!3m1!1s0x89c259588c401609:0x89f00a1fbd04a7bf,Barcade,bar,favorite,
NYC,40.6774528,-73.9639894,https://www.google.com/maps/place/Bearded+Lady/data=!4m2!3m1!1s0x89c25ba169da2f09:0x17d8ebd3d5f3ca59,Bearded Lady,bar,favorite,
NYC,40.691259699999996,-73.997225,https://www.google.com/maps/place/Goose+Barnacle/data=!4m2!3m1!1s0x89c25a45b1a02037:0x5fd5bb541ead51cc,Goose Barnacle,bar,favorite,
NYC,40.70490699999999,-73.92885369999999,https://www.google.com/maps/place/K%C3%A1v%C3%A9+Espresso+Bar/data=!4m2!3m1!1s0x89c25c03b6a01409:0xa436cae469e770e4,Kávé Espresso Bar,bar,favorite,true
NYC,40.7112189,-73.95003439999999,https://www.google.com/maps/place/Le+Barricou/data=!4m2!3m1!1s0x89c2595879f5b0a5:0x5846e948f549a868,Le Barricou,bar,favorite,true
NYC,40.711528699999995,-73.95924579999999,https://www.google.com/maps/place/Passenger+Bar/data=!4m2!3m1!1s0x89c25be00810235d:0x3c0075eb7f5c6af5,Passenger Bar,bar,favorite,true
NYC,40.7169982,-73.9610211,https://www.google.com/maps/place/Blue+Bottle+Coffee/data=!4m2!3m1!1s0x89c25960cd99f0ef:0xd588485c73adbeed,Blue Bottle Coffee,cafe,favorite,true
NYC,40.719748300000006,-73.9576144,https://www.google.com/maps/place/Cafe+Colette/data=!4m2!3m1!1s0x89c2595d0ed5a905:0xbf674a5af4c2cd39,Cafe Colette,cafe,favorite,
NYC,40.6640698,-73.9841508,https://www.google.com/maps/place/Cafe+Steinhof/data=!4m2!3m1!1s0x89c25ae28b84a0e1:0x5f4c372efac6a790,Cafe Steinhof,cafe,favorite,true
NYC,40.717964200000004,-73.9574124,https://www.google.com/maps/place/Ella+Cafe/data=!4m2!3m1!1s0x89c2595dc7b027df:0x186b007a8e903eec,Ella Cafe,cafe,favorite,true
NYC,40.718010699999994,-73.9591725,https://www.google.com/maps/place/Partners+Coffee/data=!4m2!3m1!1s0x89c2595df71a30d3:0x3b2bf8cb53885942,Partners Coffee,cafe,favorite,
NYC,40.697943900000006,-73.9279219,https://www.google.com/maps/place/Bossa+Nova+Civic+Club/data=!4m2!3m1!1s0x89c25c0588687369:0x4063b78411fa75f3,Bossa Nova Civic Club,club,favorite,
NYC,40.6809813,-73.994128,https://www.google.com/maps/place/Gowanus+Yacht+Club/data=!4m2!3m1!1s0x89c25a5766705be3:0x9899f6479abf74cd,Gowanus Yacht Club,club,favorite,
NYC,40.6871375,-73.99087879999999,https://www.google.com/maps/place/61+Local/data=!4m2!3m1!1s0x89c25a4e27835eb9:0xf5363cbf2f84b91c,61 Local,bar,favorite,true
NYC,40.7183194,-73.9597222,https://www.google.com/maps/place/A%26G+Merch/data=!4m2!3m1!1s0x89c25967607a6c79:0xb898cdf37e181fb4,A&G Merch,shop,favorite,true
NYC,40.710127799999995,-73.9634861,https://www.google.com/maps/place/Baby's+All+Right/data=!4m2!3m1!1s0x89c25bdee3c329d5:0x50ecd0ad32f9d8bb,Baby's All Right,music venue,favorite,
NYC,40.720022699999994,-73.9601227,https://www.google.com/maps/place/Bakeri/data=!4m2!3m1!1s0x89c25967849c1961:0x939b32bbc2eb3149,Bakeri,bakery,favorite,
NYC,40.6767732,-73.9799942,https://www.google.com/maps/place/Bierkraft/data=!4m2!3m1!1s0x89c25baa8aa612a1:0xab25a34b60a47423,Bierkraft,shop,favorite,true
NYC,40.710494499999996,-73.9541674,https://www.google.com/maps/place/Black+Flamingo/data=!4m2!3m1!1s0x89c25be1f3c57e3f:0xbb08234c348d0fc9,Black Flamingo,bar,favorite,
NYC,40.6697122,-73.9895536,https://www.google.com/maps/place/Borisal+Liquor+%26+Wine/data=!4m2!3m1!1s0x89c25afb82cebb21:0x4c405130f77bc04,Borisal Liquor & Wine,shop,favorite,true
NYC,40.72292229999999,-73.9582149,https://www.google.com/maps/place/Brooklyn+Flea+%2B+Smorgasburg+Winter+Market/data=!4m2!3m1!1s0x89c259c4301e3291:0xe1982cbba0af0f2e,Brooklyn Flea + Smorgasburg Winter Market,flea market,favorite,true
NYC,40.7231845,-73.9597003,https://www.google.com/maps/place/Brooklyn+Flea+-+Williamsburg/data=!4m2!3m1!1s0x89c2596653ad31c3:0x828d8557615c7a93,Brooklyn Flea - Williamsburg,flea market,favorite,true
NYC,40.7120367,-73.948848,https://www.google.com/maps/place/Campbell+%26+Co.+Brooklyn/data=!4m2!3m1!1s0x89c259583dc2a657:0xe4115f3bf546a851,Campbell & Co. Brooklyn,shop,favorite,
NYC,40.7084401,-73.9409005,https://www.google.com/maps/place/Champs+Diner/data=!4m2!3m1!1s0x89c2595780ce7183:0x78708c4fd2e5970a,Champs Diner,restaurant,favorite,true
NYC,40.7107326,-73.9656117,https://www.google.com/maps/place/Diner/data=!4m2!3m1!1s0x89c25bd92a2636bf:0x339ce4674aba271f,Diner,restaurant,favorite,
NYC,40.7074134,-73.9402643,https://www.google.com/maps/place/Dun-Well+Doughnuts/data=!4m2!3m1!1s0x89c25bfe5d0e9659:0x79853a3e07bdf60,Dun-Well Doughnuts,shop,favorite,
NYC,40.7140175,-73.95633939999999,https://www.google.com/maps/place/Fette+Sau/data=!4m2!3m1!1s0x89c2595f0064ede7:0x9f203ffd6fec2fc7,Fette Sau,bar,favorite,
NYC,40.678974499999995,-73.866416,https://www.google.com/maps/place/Foot+Locker/data=!4m2!3m1!1s0x89c25dbff43cc6ed:0x17bfb76b72ef3a27,Foot Locker,shop,favorite,
NYC,40.719007999999995,-73.95938799999999,https://www.google.com/maps/place/Franklyn/data=!4m2!3m1!1s0x89c259612c8828f3:0xc3dd36ee17490094,Franklyn,other,favorite,
NYC,40.687334899999996,-73.97495479999999,https://www.google.com/maps/place/French+Garment+Cleaners/data=!4m2!3m1!1s0x89c25bb108637a19:0x5610ea8244719bab,French Garment Cleaners,shop,favorite,true
NYC,40.72693759999999,-73.95291209999999,https://www.google.com/maps/place/Good+Room/data=!4m2!3m1!1s0x89c25946b09ba761:0x90af8ca50b67a075,Good Room,club,favorite,
NYC,40.71671969999999,-73.9653106,https://www.google.com/maps/place/Grand+Ferry+Tavern/data=!4m2!3m1!1s0x89c259616068c719:0xd684ee78aee9723b,Grand Ferry Tavern,bar,favorite,
NYC,40.705423800000005,-73.925868,https://www.google.com/maps/place/Heaven/data=!4m2!3m1!1s0x89c25d6fa6d24c17:0xcf90ea1dfd391b22,Heaven,bar,favorite,true
NYC,40.705606,-73.92164799999999,https://www.google.com/maps/place/Heavy+Woods/data=!4m2!3m1!1s0x89c25c1d74bf0ba7:0x1d0e99d5abd5fe07,Heavy Woods,bar,favorite,
NYC,40.710803000000006,-73.96419709999999,https://www.google.com/maps/place/Hickoree's/data=!4m2!3m1!1s0x89c25bdf23f924c9:0xd2ec295369b78efa,Hickoree's,shop,favorite,
NYC,40.7189753,-73.9607899,https://www.google.com/maps/place/House+of+Small+Wonder/data=!4m2!3m1!1s0x89c2595977326913:0xc6fb56e099850512,House of Small Wonder,cafe,favorite,true
NYC,40.7217203,-73.95823639999999,https://www.google.com/maps/place/Kinfolk+90/data=!4m2!3m1!1s0x89c2595d4b90e947:0x7a1661124a4c274f,Kinfolk 90,bar,favorite,true
NYC,40.7162146,-73.96274369999999,https://www.google.com/maps/place/L'isola/data=!4m2!3m1!1s0x89c259611efeaa63:0xb29ea1500fef0a00,L'isola,restaurant,favorite,
NYC,40.7125621,-73.9567204,https://www.google.com/maps/place/Lodge/data=!4m2!3m1!1s0x89c2595f77ca3027:0xf9f21372c36afcf1,Lodge,restaurant,favorite,true
NYC,40.725291299999995,-73.9464828,https://www.google.com/maps/place/Lucky+Luna/data=!4m2!3m1!1s0x89c25948b4b1fa77:0xad1d3c8b2fded37b,Lucky Luna,restaurant,favorite,true
NYC,40.7142687,-73.96166459999999,https://www.google.com/maps/place/Maison+Premiere/data=!4m2!3m1!1s0x89c259604f86f55b:0xcb55e54de2d99b36,Maison Premiere,bar,favorite,
NYC,40.710685999999995,-73.965671,https://www.google.com/maps/place/Marlow+%26+Sons/data=!4m2!3m1!1s0x89c25bd8d6076d17:0xe775ab96931986a4,Marlow & Sons,restaurant,favorite,
NYC,40.6776956,-73.96353119999999,https://www.google.com/maps/place/MeMe's+Diner/data=!4m2!3m1!1s0x89c25ba165d6307d:0x725da55a61e148e7,MeMe's Diner,other,favorite,true
NYC,40.702923299999995,-73.98677459999999,https://www.google.com/maps/place/Modern+Anthology/data=!4m2!3m1!1s0x89c25a33bac35885:0x7965862d4d6690cd,Modern Anthology,shop,favorite,true
NYC,40.707934099999996,-73.9216335,https://www.google.com/maps/place/Montana's+Trail+House/data=!4m2!3m1!1s0x89c25ea7a0760ce9:0x52fac6d7fb1cdf19,Montana's Trail House,restaurant,favorite,true
NYC,40.7075459,-73.9501949,https://www.google.com/maps/place/Mountain+Province/data=!4m2!3m1!1s0x89c25be30e9be8ab:0x325c8f1f7585c4fe,Mountain Province,cafe,favorite,true
NYC,40.6728956,-73.9936742,https://www.google.com/maps/place/Mutiny/data=!4m2!3m1!1s0x89c25b786dd132ff:0xc61ad268b4a5c382,Mutiny,other,favorite,
NYC,40.69049009999999,-73.98753889999999,https://www.google.com/maps/place/New+Apollo+Diner/data=!4m2!3m1!1s0x89c25a4c142abf1f:0x7016a3d7f21ecfb3,New Apollo Diner,other,favorite,
NYC,40.72229170000001,-73.9578222,https://www.google.com/maps/place/Output/data=!4m2!3m1!1s0x89c25942c97aa1ed:0xf3f544c180838fa2,Output,club,favorite,true
NYC,40.719076099999995,-73.96151449999999,https://www.google.com/maps/place/Public+Assembly/data=!4m2!3m1!1s0x89c2596710b58c15:0xc6e90bc50160a96b,Public Assembly,bar,favorite,
NYC,40.6695906,-73.9955277,https://www.google.com/maps/place/Quantum+Brooklyn/data=!4m2!3m1!1s0x89c25af06fd2db11:0xb07f28e0abc7ac27,Quantum Brooklyn,club,favorite,true
NYC,40.71429440000001,-73.9574296,https://www.google.com/maps/place/Roebling+Tea+Room/data=!4m2!3m1!1s0x89c2595fb1fd7c67:0xb2f839b09a1536bd,Roebling Tea Room,cafe,favorite,true
NYC,40.709173299999996,-73.9557774,https://www.google.com/maps/place/Shalom+Japan/data=!4m2!3m1!1s0x89c25be107f8ebf5:0xe2e78fd273ea3487,Shalom Japan,restaurant,favorite,
NYC,40.7028639,-73.9291501,https://www.google.com/maps/place/Sincerely+Burger/data=!4m2!3m1!1s0x89c25c0409b35ddb:0xfef0ca21323801c8,Sincerely Burger,restaurant,favorite,true
NYC,40.71590829999999,-73.9621222,https://www.google.com/maps/place/Skinny+Dennis/data=!4m2!3m1!1s0x89c25960e3ec2ab3:0x7f94542a2069e06,Skinny Dennis,bar,favorite,
NYC,40.7232892,-73.9527058,https://www.google.com/maps/place/Spritzenhaus33/data=!4m2!3m1!1s0x89c259448f9fe1fd:0xdb8de662ae8f43ca,Spritzenhaus33,bar,favorite,
NYC,40.673971099999996,-73.9502631,https://www.google.com/maps/place/Super+Power/data=!4m2!3m1!1s0x89c25b9cfe645b47:0x1ad3442801f30ebc,Super Power,bar,favorite,
NYC,40.724965499999996,-73.9512232,https://www.google.com/maps/place/Sweetie's+K-Chicken/data=!4m2!3m1!1s0x89c2599f67c5304f:0x3d32d10ad2bc9bed,Sweetie's K-Chicken,restaurant,favorite,
NYC,40.7024142,-73.92662949999999,https://www.google.com/maps/place/Tandem/data=!4m2!3m1!1s0x89c25c04826c09d5:0xd137397d17184585,Tandem,bar,favorite,true
NYC,40.7296209,-73.9583138,https://www.google.com/maps/place/Tender+Trap/data=!4m2!3m1!1s0x89c25940345d1999:0xefe4bd00c8ee344a,Tender Trap,bar,favorite,true
NYC,40.7174408,-73.9561748,https://www.google.com/maps/place/The+Abbey/data=!4m2!3m1!1s0x89c2595c317803fb:0x6960a56fee48862a,The Abbey,bar,favorite,true
NYC,40.7091381,-73.93731009999999,https://www.google.com/maps/place/The+Anchored+Inn/data=!4m2!3m1!1s0x89c259555eb590a7:0x728d98e979e48bfb,The Anchored Inn,bar,favorite,
NYC,40.71636850000001,-73.96163299999999,https://www.google.com/maps/place/The+Levee/data=!4m2!3m1!1s0x89c25960c2c4eb37:0x2fa482e03e65bde7,The Levee,bar,favorite,
NYC,40.7227919,-73.9540738,https://www.google.com/maps/place/The+Lot+Radio/data=!4m2!3m1!1s0x89c2594360dafe47:0xaab922eed9730ece,The Lot Radio,bar,favorite,
NYC,40.7118111,-73.9514389,https://www.google.com/maps/place/The+West+Brooklyn/data=!4m2!3m1!1s0x89c259588f99a659:0xccede04b2447536a,The West Brooklyn,bar,favorite,
NYC,40.7084644,-73.9382131,https://www.google.com/maps/place/The+Wick+Brooklyn/data=!4m2!3m1!1s0x89c25bffc523d72f:0xe4de22a3f5669da4,The Wick Brooklyn,music venue,favorite,true
NYC,40.7128556,-73.9663528,https://www.google.com/maps/place/The+Woods/data=!4m2!3m1!1s0x89c25bd8a3aaa635:0x84c9140fd41efd85,The Woods,bar,favorite,
NYC,40.6929823,-73.9911264,https://www.google.com/maps/place/This+Also/data=!4m2!3m1!1s0x89c2598f1f713593:0xbf96e5d0ba9d9a83,This Also,other,favorite,
NYC,40.70820399999999,-73.940074,https://www.google.com/maps/place/Tradesman/data=!4m2!3m1!1s0x89c25bfe47361ac3:0xc65156ef6294d7ac,Tradesman,bar,favorite,
NYC,40.72341399999999,-73.9507986,https://www.google.com/maps/place/T%C3%B8rst/data=!4m2!3m1!1s0x89c259444d63a195:0x493839cd577ac3be,Tørst,bar,favorite,
NYC,40.7220935,-73.9590596,https://www.google.com/maps/place/Verboten/data=!4m2!3m1!1s0x89c25942ace55ad3:0x278d4833b1206578,Verboten,club,favorite,true
NYC,40.687791999999995,-74.0011473,https://www.google.com/maps/place/Whiskey+Soda+Lounge+NY/data=!4m2!3m1!1s0x89c25a5caf8016bd:0x8b7ab755605ebeaa,Whiskey Soda Lounge NY,restaurant,favorite,
NYC,40.708129,-73.9508808,https://www.google.com/maps/place/Williamsburg+Pizza/data=!4m2!3m1!1s0x89c25be3a9da8645:0xa3d585252a5eec18,Williamsburg Pizza,restaurant,favorite,
NYC,40.7104193,-73.95847789999999,https://www.google.com/maps/place/Xixa/data=!4m2!3m1!1s0x89c25be06ee5390b:0x9a06ea5583901118,Xixa,restaurant,favorite,
NYC,40.718977599999995,-73.96083519999999,https://www.google.com/maps/place/Zenkichi/data=!4m2!3m1!1s0x89c259676c9ef3bb:0x52b78add7d7d62bb,Zenkichi,restaurant,favorite,true
NYC,40.713938,-73.9495697,https://www.google.com/maps/place/Zona+Rosa/data=!4m2!3m1!1s0x89c25959b7584edd:0xe2c7553b6f17cbd7,Zona Rosa,restaurant,favorite,
NYC,40.71972279999999,-73.9580217,https://www.google.com/maps/place/Hotel+Delmano/data=!4m2!3m1!1s0x89c2595d7360eb85:0x6a26f9fec589ec6d,Hotel Delmano,hotel,favorite,
NYC,40.720919599999995,-73.9556735,https://www.google.com/maps/place/McCarren+Hotel+%26+Pool/data=!4m2!3m1!1s0x89c2595cc8bd0d6b:0xd4661690a857d064,McCarren Hotel & Pool,hotel,favorite,true
NYC,40.7149712,-73.9514538,https://www.google.com/maps/place/Union+Pool/data=!4m2!3m1!1s0x89c259596cfc174d:0x86b6b9e123c6dd36,Union Pool,park,favorite,
NYC,40.70508099999999,-73.9335834,https://www.google.com/maps/place/Roberta's/data=!4m2!3m1!1s0x89c25d0d3ab223cd:0x16b11fd586b90f7d,Roberta's,restaurant,favorite,
NYC,40.7189865,-73.9598883,https://www.google.com/maps/place/Catbird+Jewelry+Williamsburg/data=!4m2!3m1!1s0x89c2595e1b35fec3:0x1d1e3f060cfbfad,Catbird Jewelry Williamsburg,shop,favorite,
NYC,40.704718,-73.9290613,https://www.google.com/maps/place/Le+Point+Value+Thrift/data=!4m2!3m1!1s0x89c25c03c7b5ba29:0xfbce9e4ff805eeb9,Le Point Value Thrift,shop,favorite,
NYC,40.714219799999995,-73.95068049999999,https://www.google.com/maps/place/M+Noodle+Shop/data=!4m2!3m1!1s0x89c25959082a0e45:0x3b53c06a3c0cc6a4,M Noodle Shop,shop,favorite,
NYC,40.705625999999995,-73.92162499999999,https://www.google.com/maps/place/Tchoup+Shop/data=!4m2!3m1!1s0x89c2595d886ff72b:0xde568d208a2b6345,Tchoup Shop,shop,favorite,
NYC,40.71820519999999,-73.95748499999999,https://www.google.com/maps/place/The+Meatball+Shop+-+Williamsburg/data=!4m2!3m1!1s0x89c2595db8d9b53b:0xc098601154bebc04,The Meatball Shop - Williamsburg,shop,favorite,true
NYC,40.7050026,-73.929718,https://www.google.com/maps/place/Urban+Jungle/data=!4m2!3m1!1s0x89c25c03d0200731:0xc716b18c26c0cda0,Urban Jungle,vintage,favorite,
NYC,40.7119835,-73.9235261,https://www.google.com/maps/place/SAA/data=!4m2!3m1!1s0x89c25f3b75dccec3:0xa875b7da5b756cf,SAA,art,want to go,
NYC,40.6600615,-73.9532596,https://www.google.com/maps/place/PLG+Coffee+House+and+Tavern/data=!4m2!3m1!1s0x89c25b6e70a4c14f:0x17977c4460172d6f,PLG Coffee House and Tavern,bakery,want to go,
NYC,40.7053167,-73.9324176,https://www.google.com/maps/place/SEY+Coffee/data=!4m2!3m1!1s0x89c25c0105373fb7:0x783a86971e7d46ad,SEY Coffee,bakery,want to go,
NYC,40.6861001,-73.9726785,https://www.google.com/maps/place/Thea/data=!4m2!3m1!1s0x89c25b8313f0a60f:0x286417257db73663,Thea,bakery,want to go,
NYC,40.6905697,-73.9918162,https://www.google.com/maps/place/ViVi+Bubble+Tea/data=!4m2!3m1!1s0x89c25a4f1e0edb4d:0x3341a06bf0a83ffd,ViVi Bubble Tea,bakery,want to go,
NYC,40.707242699999995,-73.94296589999999,https://www.google.com/maps/place/Win+Son+Bakery/data=!4m2!3m1!1s0x89c25b9f9a844559:0x874264acd136a40f,Win Son Bakery,bakery,want to go,
NYC,40.731477399999996,-73.95771789999999,https://www.google.com/maps/place/Bar+Americano/data=!4m2!3m1!1s0x89c25966dcad44b7:0x5cb022a289de6b19,Bar Americano,bar,want to go,
NYC,40.68584659999999,-73.9885413,https://www.google.com/maps/place/Brooklyn+Inn/data=!4m2!3m1!1s0x89c25a521c30e7ef:0xbfa05bb4ea1cd61,Brooklyn Inn,bar,want to go,
NYC,40.6902667,-73.9953639,https://www.google.com/maps/place/Elsa/data=!4m2!3m1!1s0x89c2597888b617b5:0x68ba68f46cbe1623,Elsa,bar,want to go,
NYC,40.675225,-73.96691109999999,https://www.google.com/maps/place/Gold+Star+Beer+Counter/data=!4m2!3m1!1s0x89c25ba73e0e55a3:0x124f329dd4d73583,Gold Star Beer Counter,bar,want to go,
NYC,40.6975169,-73.93161649999999,https://www.google.com/maps/place/Happyfun+Hideaway/data=!4m2!3m1!1s0x89c25c089616855d:0x46417ea123c7ac18,Happyfun Hideaway,bar,want to go,
NYC,40.7111111,-73.9483333,https://www.google.com/maps/place/Huckleberry+Bar/data=!4m2!3m1!1s0x89c259580680aaef:0x9188adec281a732c,Huckleberry Bar,bar,want to go,
NYC,40.7089243,-73.9354772,https://www.google.com/maps/place/Wandering+Barman/data=!4m2!3m1!1s0x89c25fe0a6a883fb:0x52519bea4a27d34b,Wandering Barman,bar,want to go,
NYC,40.679889,-73.96780849999999,https://www.google.com/maps/place/Weather+Up/data=!4m2!3m1!1s0x89c25ba43706ef35:0xd8e771c5d98df9d2,Weather Up,bar,want to go,
NYC,40.690689400000004,-73.93645099999999,https://www.google.com/maps/place/Botani+Cafe/data=!4m2!3m1!1s0x89c25bf9a3dd30b9:0xc05347b5f1c551fe,Botani Cafe,cafe,want to go,
NYC,40.7197416,-73.9599664,https://www.google.com/maps/place/Cafe+Mogador+Williamsburg/data=!4m2!3m1!1s0x89c2596781ff9537:0x53272e68936b4f72,Cafe Mogador Williamsburg,cafe,want to go,
NYC,40.7071673,-73.9212512,https://www.google.com/maps/place/Pearl's+Social+%26+Billy+Club/data=!4m2!3m1!1s0x89c25ea7789f0ded:0xc7730e3b8fd10337,Pearl's Social & Billy Club,club,want to go,
NYC,40.7144459,-73.9535337,https://www.google.com/maps/place/10+ft+Single+by+Stella+Dallas/data=!4m2!3m1!1s0x89c259592d23653d:0xd8ce47d312cb3b61,10 ft Single by Stella Dallas,vintage,want to go,
NYC,40.708441900000004,-73.93820319999999,https://www.google.com/maps/place/3+Dollar+Bill/data=!4m2!3m1!1s0x89c25b721fba39ef:0x77e96b33c1b5e8de,3 Dollar Bill,club,want to go,
NYC,40.67428789999999,-73.9526714,https://www.google.com/maps/place/99+Rogers/data=!4m2!3m1!1s0x89c25b9c32e462cf:0xb39077bed58417ec,99 Rogers,restaurant,want to go,
NYC,40.7196948,-73.95601710000001,https://www.google.com/maps/place/Allswell/data=!4m2!3m1!1s0x89c2595cfb71b06b:0x7637a927d71f0b2c,Allswell,restaurant,want to go,
NYC,40.6648237,-73.9504497,https://www.google.com/maps/place/Associated+Supermarket/data=!4m2!3m1!1s0x89c25b70e499f621:0x1c4916e8cecfcb9f,Associated Supermarket,shop,want to go,
NYC,40.715902400000004,-73.96646559999999,https://www.google.com/maps/place/BEAM/data=!4m2!3m1!1s0x89c259615f790817:0xa3ce1e73f210f73e,BEAM,shop,want to go,
NYC,40.721925000000006,-73.950593,https://www.google.com/maps/place/Bernie%E2%80%99s/data=!4m2!3m1!1s0x89c259f637dd3ee5:0x5cf68ecbb55b9c28,Bernie’s,restaurant,want to go,
NYC,40.73038659999999,-73.9574593,https://www.google.com/maps/place/Big+Night/data=!4m2!3m1!1s0x89c259809df104eb:0xa9583205f11a77a8,Big Night,shop,want to go,
NYC,40.7142781,-73.9525014,https://www.google.com/maps/place/Birria-Landia/data=!4m2!3m1!1s0x89c2597862c1b3a7:0xd7e7c84bcac872d,Birria-Landia,restaurant,want to go,
NYC,40.7178057,-73.9464373,https://www.google.com/maps/place/Bonnie's/data=!4m2!3m1!1s0x89c25916003d076d:0xec624e10bba0230,Bonnie's,restaurant,want to go,
NYC,40.6886905,-73.9856367,https://www.google.com/maps/place/Brooklyn+Fare/data=!4m2!3m1!1s0x89c25a4d1d4eca73:0xe212fdd237957c2,Brooklyn Fare,shop,want to go,
NYC,40.6840105,-73.9993109,https://www.google.com/maps/place/Brooklyn+Farmacy+%26+Soda+Fountain/data=!4m2!3m1!1s0x89c25a5be83cf411:0xb8a383ea7216912f,Brooklyn Farmacy & Soda Fountain,shop,want to go,
NYC,40.6804656,-73.99448459999999,https://www.google.com/maps/place/Brooklyn+Social/data=!4m2!3m1!1s0x89c25a577ea9ef3d:0x891d02c048b77366,Brooklyn Social,bar,want to go,
NYC,40.7118314,-73.95726770000002,https://www.google.com/maps/place/Cerveceria+Havemeyer/data=!4m2!3m1!1s0x89c25be0262be66b:0xfdddc7e0c7ffd688,Cerveceria Havemeyer,restaurant,want to go,
NYC,40.7269159,-73.9576034,https://www.google.com/maps/place/Chez+Ma+Tante/data=!4m2!3m1!1s0x89c259418915de7b:0xd21521e340dc9d4c,Chez Ma Tante,other,want to go,
NYC,40.713969399999996,-73.9555902,https://www.google.com/maps/place/Court+Street+Grocers/data=!4m2!3m1!1s0x89c25982029bcd65:0x1011b7f830524091,Court Street Grocers,shop,want to go,
NYC,40.676205599999996,-73.9986694,https://www.google.com/maps/place/Court+Street+Grocers/data=!4m2!3m1!1s0x89c25af65a59ad43:0x4b2798ade8854a58,Court Street Grocers,shop,want to go,
NYC,40.709263400000005,-73.9541443,https://www.google.com/maps/place/Dough+Vale/data=!4m2!3m1!1s0x89c25b30cb82d8c5:0x301e94babd42147f,Dough Vale,restaurant,want to go,
NYC,40.716822199999996,-73.9616611,https://www.google.com/maps/place/Egg/data=!4m2!3m1!1s0x89c2595e013c5817:0xe8bd54b46cbb896,Egg,restaurant,want to go,
NYC,40.72648409999999,-73.957893,https://www.google.com/maps/place/forecast/data=!4m2!3m1!1s0x89c259aaa785a1f3:0x9c93802a66f3df60,forecast,shop,want to go,
NYC,40.6773861,-73.99815000000001,https://www.google.com/maps/place/Frankies+457+Spuntino/data=!4m2!3m1!1s0x89c25af631afbb9b:0x66cd2d2a44171d35,Frankies 457 Spuntino,restaurant,want to go,
NYC,40.7336131,-73.95512459999999,https://www.google.com/maps/place/Getaway/data=!4m2!3m1!1s0x89c2596b73cd0c1d:0x88f8012d8ba0f8fa,Getaway,cafe,want to go,
NYC,40.7155365,-73.9619548,https://www.google.com/maps/place/haricot+vert/data=!4m2!3m1!1s0x89c259ec2d97831b:0xd2fa85a1316a5cd0,haricot vert,shop,want to go,
NYC,40.7068,-73.9236,https://www.google.com/maps/place/House+of+Yes/data=!4m2!3m1!1s0x0:0x1ff34649b0a304c9,House of Yes,other,want to go,
NYC,40.7170111,-73.95906939999999,https://www.google.com/maps/place/Juliette/data=!4m2!3m1!1s0x89c2595e0728369b:0xf93399bc8f043b3a,Juliette,restaurant,want to go,
NYC,40.6762051,-73.94946039999999,https://www.google.com/maps/place/King+Tai/data=!4m2!3m1!1s0x89c25b9b61e0adbd:0x25479cd01ff5b384,King Tai,bar,want to go,
NYC,40.7116053,-73.9578691,https://www.google.com/maps/place/L'Industrie+Pizzeria/data=!4m2!3m1!1s0x89c25be02249e843:0x95c3f90fbb6a4745,L'Industrie Pizzeria,restaurant,want to go,
NYC,40.71356899999999,-73.9636203,https://www.google.com/maps/place/La+Superior/data=!4m2!3m1!1s0x89c25961c3275223:0x81de092cc7f37ef9,La Superior,restaurant,want to go,
NYC,40.7208328,-73.95879359999999,https://www.google.com/maps/place/Laser+Wolf+Brooklyn/data=!4m2!3m1!1s0x89c2598475b9242f:0x3b8ea2d783344096,Laser Wolf Brooklyn,restaurant,want to go,
NYC,40.711701600000005,-73.9628766,https://www.google.com/maps/place/LilliStar/data=!4m2!3m1!1s0x89c25b956b429741:0x8b5072f070431e8e,LilliStar,bar,want to go,
NYC,40.681826,-74.0003184,https://www.google.com/maps/place/Lucali/data=!4m2!3m1!1s0x89c25a593142dedf:0xf29a33ff1f0b6ab7,Lucali,restaurant,want to go,
NYC,40.683400299999995,-73.93468779999999,https://www.google.com/maps/place/Lun%C3%80tico/data=!4m2!3m1!1s0x89c25c760d792111:0xf63153fb88862757,LunÀtico,bar,want to go,
NYC,40.7243815,-73.948461,https://www.google.com/maps/place/Moe's+Doughs/data=!4m2!3m1!1s0x89c25945f283d28b:0x8f2d4a8beebeaa24,Moe's Doughs,shop,want to go,
NYC,40.6978453,-73.92699999999999,https://www.google.com/maps/place/Mood+Ring/data=!4m2!3m1!1s0x89c25c057e2393a7:0xfaded5b981d0313,Mood Ring,bar,want to go,
NYC,40.717016799999996,-73.94998129999999,https://www.google.com/maps/place/Night+of+Joy/data=!4m2!3m1!1s0x89c2595a38472f15:0x5626c56a6c74aade,Night of Joy,bar,want to go,
NYC,40.7125269,-73.9487831,https://www.google.com/maps/place/OKONOMI+%2F%2F+YUJI+Ramen/data=!4m2!3m1!1s0x89c2595831328cd9:0xfad5f1be4ddd8e13,OKONOMI // YUJI Ramen,restaurant,want to go,
NYC,40.7298214,-73.95547599999999,https://www.google.com/maps/place/Oxomoco/data=!4m2!3m1!1s0x89c25940eeb3ffff:0xb204737f07ea317b,Oxomoco,restaurant,want to go,
NYC,40.696106799999995,-73.9340684,https://www.google.com/maps/place/Paragon/data=!4m2!3m1!1s0x89c25ddf44c3eae1:0x8fe51ab94b6c02c5,Paragon,bar,want to go,
NYC,40.6833818,-73.9437578,https://www.google.com/maps/place/Peaches+HotHouse/data=!4m2!3m1!1s0x89c25b8ee5931ba3:0xc2ad304bb80d15e0,Peaches HotHouse,restaurant,want to go,
NYC,40.7376766,-73.95516289999999,https://www.google.com/maps/place/PEEPS+KITCHEN/data=!4m2!3m1!1s0x89c2594ff229408b:0xc7fa108ccca2b324,PEEPS KITCHEN,restaurant,want to go,
NYC,40.709877399999996,-73.9625052,https://www.google.com/maps/place/Peter+Luger+Steak+House/data=!4m2!3m1!1s0x89c25bdedbcaf647:0x469a1d01423a03f2,Peter Luger Steak House,other,want to go,
NYC,40.71117840000001,-73.9613777,https://www.google.com/maps/place/Pies+'n'+Thighs/data=!4m2!3m1!1s0x89c25bd88fe227db:0x151104dc82a74ba2,Pies 'n' Thighs,restaurant,want to go,
NYC,40.682267499999995,-73.98639829999999,https://www.google.com/maps/place/Public+Records/data=!4m2!3m1!1s0x89c25ba1b892bd29:0xfb7fedf54f42e4c8,Public Records,restaurant,want to go,
NYC,40.7123041,-73.9628864,https://www.google.com/maps/place/Rabbithole/data=!4m2!3m1!1s0x89c25bdf7ba0b719:0xe5c4f14aab33b7ca,Rabbithole,restaurant,want to go,
NYC,40.716796699999996,-73.94878349999999,https://www.google.com/maps/place/Salotto/data=!4m2!3m1!1s0x89c259a962c07513:0xfd0ffdee51ef1c99,Salotto,experience,want to go,
NYC,40.683731099999996,-73.93538749999999,https://www.google.com/maps/place/Saraghina+Pizzeria/data=!4m2!3m1!1s0x89c25c7605bca637:0xf4c6cfbd4d02904e,Saraghina Pizzeria,restaurant,want to go,
NYC,40.7210981,-73.9625824,https://www.google.com/maps/place/Smorgasburg/data=!4m2!3m1!1s0x89c25967b1b8e0f7:0x927a439e1c9c3b8c,Smorgasburg,other,want to go,
NYC,40.69159500000001,-73.95159459999999,https://www.google.com/maps/place/Sugar+Hill/data=!4m2!3m1!1s0x89c25becccb30615:0x8919501fef961a42,Sugar Hill,restaurant,want to go,
NYC,40.7216465,-73.94220539999999,https://www.google.com/maps/place/Sunset+Diner/data=!4m2!3m1!1s0x89c2594e798116a1:0xa48f2083d968bb5d,Sunset Diner,other,want to go,
NYC,40.72787290000001,-73.9569589,https://www.google.com/maps/place/Taqueria+Ramirez/data=!4m2!3m1!1s0x89c2598a60020f0f:0xad4c6da40d90f29b,Taqueria Ramirez,restaurant,want to go,
NYC,40.710677,-73.92635039999999,https://www.google.com/maps/place/The+Brooklyn+Mirage/data=!4m2!3m1!1s0x89c25ea8ee3b5b81:0x40bd3a1e00a4f623,The Brooklyn Mirage,experience,want to go,
NYC,40.7226667,-73.955375,https://www.google.com/maps/place/The+Gutter/data=!4m2!3m1!1s0x89c259433e189c85:0x6ac76a024af4bae5,The Gutter,bar,want to go,
NYC,40.707976,-73.9204821,https://www.google.com/maps/place/Tong/data=!4m2!3m1!1s0x89c25f1279cdfe0b:0xaa2d5913527d2eb3,Tong,restaurant,want to go,
NYC,40.71057229999999,-73.958997,https://www.google.com/maps/place/Traif/data=!4m2!3m1!1s0x89c25be07176e0bd:0xa3a2f1ee09160e96,Traif,restaurant,want to go,
NYC,40.6779619,-73.99609869999999,https://www.google.com/maps/place/Ugly+Baby/data=!4m2!3m1!1s0x89c25a580a8714ed:0x1fbdbfdcf0296ffa,Ugly Baby,restaurant,want to go,
NYC,40.722297,-73.9565396,https://www.google.com/maps/place/Westlight/data=!4m2!3m1!1s0x89c25942d18e435b:0x499f2c9ebc580a69,Westlight,bar,want to go,
NYC,40.7074661,-73.9434952,https://www.google.com/maps/place/Win+Son/data=!4m2!3m1!1s0x89c25bfc4ad8e6e3:0x4a3873012de5123e,Win Son,restaurant,want to go,
NYC,40.7218996,-73.9580678,https://www.google.com/maps/place/Wythe+Hotel/data=!4m2!3m1!1s0x89c25942cbc8c6b9:0xcd1ccdd9e6160abe,Wythe Hotel,hotel,want to go,
NYC,40.6867553,-73.9750998,https://www.google.com/maps/place/Black+Forest+Brooklyn+-+Fort+Greene/data=!4m2!3m1!1s0x89c25bb1a50f6af1:0x6e4218d307a63a23,Black Forest Brooklyn - Fort Greene,restaurant,want to go,
NYC,40.6807775,-73.96745349999999,https://www.google.com/maps/place/Chuko/data=!4m2!3m1!1s0x89c25ba43578c677:0x8bd9396266f525c1,Chuko,restaurant,want to go,
NYC,40.6586321,-73.9821995,https://www.google.com/maps/place/Dog+Day+Afternoon/data=!4m2!3m1!1s0x89c25bc04abaf22d:0x7e68b76e555d9d9f,Dog Day Afternoon,restaurant,want to go,
NYC,40.656103,-74.0064373,https://www.google.com/maps/place/Japan+Village/data=!4m2!3m1!1s0x89c25abf14eaaaab:0x78530e98b3cc75f2,Japan Village,restaurant,want to go,
NYC,40.60006879999999,-73.9336055,https://www.google.com/maps/place/Knapp+Street+Pizza/data=!4m2!3m1!1s0x89c24362cc22d299:0x8441b78f5b23842a,Knapp Street Pizza,restaurant,want to go,
NYC,40.59322399999999,-73.9481093,https://www.google.com/maps/place/Lucia+Pizza+Of+Avenue+X/data=!4m2!3m1!1s0x89c245542e35b71f:0xcc5979cb98e418b5,Lucia Pizza Of Avenue X,restaurant,want to go,
NYC,40.661714499999995,-73.9934596,https://www.google.com/maps/place/Luigi's+Pizza/data=!4m2!3m1!1s0x89c25ae614c7ff57:0xc2db102b7c600406,Luigi's Pizza,restaurant,want to go,
NYC,40.67710659999999,-73.9687309,https://www.google.com/maps/place/Olmsted/data=!4m2!3m1!1s0x89c25ba650aadafd:0xb90c80f36ae5500,Olmsted,restaurant,want to go,
NYC,40.6796443,-73.97457729999999,https://www.google.com/maps/place/Pecking+House+Prospect+Heights/data=!4m2!3m1!1s0x89c25baf87d37147:0x246c6d6339b75c56,Pecking House Prospect Heights,restaurant,want to go,
NYC,40.677860599999995,-74.0120649,https://www.google.com/maps/place/Red+Hook+Tavern/data=!4m2!3m1!1s0x89c25b9495de42bf:0xdfa3fb7f5aea4bad,Red Hook Tavern,restaurant,want to go,
NYC,40.68938309999999,-73.9703111,https://www.google.com/maps/place/Sailor/data=!4m2!3m1!1s0x89c25b017d0017db:0x14012f4ba7421048,Sailor,restaurant,want to go,
NYC,40.7070593,-73.9543408,https://www.google.com/maps/place/Savoury+Inc/data=!4m2!3m1!1s0x89c25bfa6d9d3fe3:0x20467596daf25b3,Savoury Inc,restaurant,want to go,
NYC,40.6985551,-73.9712029,https://www.google.com/maps/place/The+Food+Sermon/data=!4m2!3m1!1s0x89c25b717dc77715:0x6b9c4b92df1b0ba4,The Food Sermon,restaurant,want to go,
NYC,40.713880700000004,-73.9525756,https://www.google.com/maps/place/Flyrite+Tattoo/data=!4m2!3m1!1s0x89c25959272f8b71:0x1fdd44fd875b231,Flyrite Tattoo,tattoo,want to go,
NYC,40.715182,-73.96487669999999,https://www.google.com/maps/place/Chickee's+Vintage/data=!4m2!3m1!1s0x89c2597e9072bd7b:0x7beba7f841a6da5d,Chickee's Vintage,vintage,want to go,
NYC,40.6992822,-73.9243915,https://www.google.com/maps/place/L+Train+Vintage/data=!4m2!3m1!1s0x89c25c052dcba4c5:0xab86536660f4241d,L Train Vintage,vintage,want to go,
Brotterode-Trusetal,50.8438486,10.4797651,https://www.google.com/maps/place/Inselsberg+Funpark/data=!4m2!3m1!1s0x47a37e5c9adb3557:0xf7716a6b077e6c4c,Inselsberg Funpark,park,favorite,
Brunnenstraße,52.541891,13.393547599999998,https://www.google.com/maps/place/Niko+Izakaya/data=!4m2!3m1!1s0x47a8512d61a9c451:0x35c21054d432de11,Niko Izakaya,restaurant,want to go,
Brussel,50.8552914,4.351879099999999,https://www.google.com/maps/place/Bar+Bik/data=!4m2!3m1!1s0x47c3c3845d6bfdc9:0xb9203ae60b43cc23,Bar Bik,bar,favorite,true
Bruxelles,50.8948787,4.3415547000000005,https://www.google.com/maps/place/Atomium/data=!4m2!3m1!1s0x47c3c3ac00000001:0x5293071d68a63709,Atomium,experience,want to go,
Bruxelles,50.8486437,4.350754000000001,https://www.google.com/maps/place/Bia+Mara/data=!4m2!3m1!1s0x47c3c38767d7fd29:0x44b900888d63df6a,Bia Mara,restaurant,want to go,
Bruxelles,50.8357261,4.366640299999999,https://www.google.com/maps/place/Certo/data=!4m2!3m1!1s0x47c3c57e92578d11:0xb393e464a609eaef,Certo,restaurant,want to go,
Bruxelles,50.837497899999995,4.3457131,https://www.google.com/maps/place/CHAFF/data=!4m2!3m1!1s0x47c3c4654b995d1b:0xf5df1fbeb995ae1c,CHAFF,restaurant,want to go,
Bruxelles,50.84891270000001,4.347099099999999,https://www.google.com/maps/place/Fin+de+Si%C3%A8cle/data=!4m2!3m1!1s0x47c3c387efb8839d:0x2ea70798a4083b6e,Fin de Siècle,restaurant,want to go,
Bruxelles,50.831516199999996,4.3605236,https://www.google.com/maps/place/Gazzetta/data=!4m2!3m1!1s0x47c3c48bdc8ad69b:0x982a9cec723ee4ca,Gazzetta,restaurant,want to go,
Bruxelles,50.824139599999995,4.3555171,https://www.google.com/maps/place/Horta+Museum/data=!4m2!3m1!1s0x47c3c4f582f859cf:0xcf3c4ccc2034f4d9,Horta Museum,art,want to go,
Bruxelles,50.84312,4.346063,https://www.google.com/maps/place/HOUTSIPLOU/data=!4m2!3m1!1s0x47c3c479f22057c5:0xa32cc4b80b8874ec,HOUTSIPLOU,restaurant,want to go,
Bruxelles,50.8527176,4.3459202999999995,https://www.google.com/maps/place/Le+Selecto/data=!4m2!3m1!1s0x47c3c388b07585d1:0x37412d9dbd08040,Le Selecto,restaurant,want to go,
Bruxelles,50.841266000000005,4.3503582,https://www.google.com/maps/place/Les+Brigittines/data=!4m2!3m1!1s0x47c3c47b924b8f17:0x39d4b9f807b3726e,Les Brigittines,other,want to go,
Bruxelles,50.8507521,4.360191599999999,https://www.google.com/maps/place/Meyboom/data=!4m2!3m1!1s0x47c3c37f7183ee77:0x1c805feb25674567,Meyboom,restaurant,want to go,
Bruxelles,50.8940497,4.3389622,https://www.google.com/maps/place/Mini-Europe/data=!4m2!3m1!1s0x47c3c235b8a07371:0x570cb43d0bf3e5f9,Mini-Europe,park,want to go,
Bruxelles,50.84240570000001,4.3586407000000005,https://www.google.com/maps/place/Mus%C3%A9e+Magritte+Museum/data=!4m2!3m1!1s0x47c3c4874b60893d:0x24d2e9ab20bdf686,Musée Magritte Museum,art,want to go,
Bruxelles,50.8458556,4.3498444,https://www.google.com/maps/place/N%C3%BCetnigenough/data=!4m2!3m1!1s0x47c3c4792805beb5:0xcbd4e95aef93e661,Nüetnigenough,restaurant,want to go,
Brühl,50.79895769999999,6.879350499999999,https://www.google.com/maps/place/Phantasialand/data=!4m2!3m1!1s0x47bf18127c90d325:0xbb5eddf05d0565f,Phantasialand,park,favorite,
Buena Park,33.8443038,-118.00022650000001,https://www.google.com/maps/place/Knott's+Berry+Farm/data=!4m2!3m1!1s0x80dd295ff57f78a3:0xae8e394e901e3055,Knott's Berry Farm,park,want to go,
Bulevardi Epidamn,41.3114907,19.446581700000003,https://www.google.com/maps/place/Hotel+Epidamn+Boutique+%26+Spa/data=!4m2!3m1!1s0x134fdb7ff88c466f:0xf2890e4182d181a9,Hotel Epidamn Boutique & Spa,hotel,favorite,
Sofia,42.622707,23.3718038,https://www.google.com/maps/place/%D0%91%D1%80%D0%B0%D1%82%D1%8F+%D0%A5%D0%BB%D0%B5%D0%B1%D0%B0%D1%80%D0%B8+%2F+Baker+Brothers/data=!4m2!3m1!1s0x40aa8564f464d4e1:0x1ff6568078b41648,Братя Хлебари / Baker Brothers,bakery,favorite,true
Sofia,42.704439400000005,23.3240661,https://www.google.com/maps/place/Cafe+1920/data=!4m2!3m1!1s0x40aa856168410179:0x6133f40ec4696e3e,Cafe 1920,cafe,want to go,
Sofia,42.6934469,23.320182199999998,https://www.google.com/maps/place/Social+Cafe+Bar+%26+Kitchen+restaurant/data=!4m2!3m1!1s0x40aa856ce4ecaf7f:0xf77ccd52ca94e7c5,Social Cafe Bar & Kitchen restaurant,cafe,want to go,
Sofia,42.69175909999999,23.321073699999996,https://www.google.com/maps/place/Boho/data=!4m2!3m1!1s0x40aa8538d10c28a5:0xa89527acfe893cbd,Boho,restaurant,want to go,
Sofia,42.6831822,23.342848999999994,https://www.google.com/maps/place/Maymunarnika/data=!4m2!3m1!1s0x40aa85a34779b017:0x18502968816b6d98,Maymunarnika,bar,want to go,
Sofia,42.692033699999996,23.319666799999997,https://www.google.com/maps/place/Ribs+Brothers/data=!4m2!3m1!1s0x40aa856d2a74c817:0x1143a06d827e23bc,Ribs Brothers,bar,want to go,
Sofia,42.691503499999996,23.3297921,https://www.google.com/maps/place/Skapto+-+Shishman+20/data=!4m2!3m1!1s0x40aa857482b6ef87:0x3a3a0ae3655e6d24,Skapto - Shishman 20,restaurant,want to go,
Sofia,42.7027517,23.319691499999998,https://www.google.com/maps/place/Women's+Market/data=!4m2!3m1!1s0x40aa856796555555:0x2d2490a249d0abce,Women's Market,flea market,want to go,
Sofia,42.6947414,23.319001999999998,https://www.google.com/maps/place/Cosmos+Restaurant+%2F+%D0%9A%D0%BE%D1%81%D0%BC%D0%BE%D1%81/data=!4m2!3m1!1s0x40aa856c7b70c4fd:0x64f062f7c26c1c8,Cosmos Restaurant / Космос,restaurant,want to go,
Burg Hohenzollern,48.3235588,8.9674035,https://www.google.com/maps/place/Hohenzollern+Castle/data=!4m2!3m1!1s0x479a03b15d7d9ef5:0x22ce7030d9455a2f,Hohenzollern Castle,other,want to go,
Amsterdam,52.356305199999994,4.898083400000001,https://www.google.com/maps/place/Arles/data=!4m2!3m1!1s0x47c609920c0bf5a3:0x87235be7b84d998d,Arles,restaurant,want to go,
Bến Nghé,10.7734875,106.70271129999999,https://www.google.com/maps/place/LIDER/data=!4m2!3m1!1s0x31752f47212de7c1:0x90a548ade4b0fb08,LIDER,shop,want to go,
Bến Nghé,10.776349500000002,106.70236430000001,https://www.google.com/maps/place/Rue+Miche+L'%C3%A9dition/data=!4m2!3m1!1s0x31752f8c7f228ec3:0x73ec3c0311588720,Rue Miche L'édition,shop,want to go,
Bến Nghé,10.7782185,106.701092,https://www.google.com/maps/place/The+New+Playground/data=!4m2!3m1!1s0x31752f480a0fb8c1:0xcadd1acca8a7c0af,The New Playground,shop,want to go,
C. Coronel Latherta González Hierro,28.679321699999996,-13.9411813,https://www.google.com/maps/place/La+Paneteca/data=!4m2!3m1!1s0xc47ca62db6d9647:0x38d607c4b80921ab,La Paneteca,bakery,want to go,
Calgary,51.0349168,-114.0713453,https://www.google.com/maps/place/Shokunin/data=!4m2!3m1!1s0x537170196dcede77:0x3a5692fb7071565b,Shokunin,restaurant,want to go,
Calvi,42.567222099999995,8.7575111,https://www.google.com/maps/place/A+piazzetta/data=!4m2!3m1!1s0x12d0eb786e17dab3:0x99866bda96e48e7,A piazzetta,restaurant,want to go,
Calvi,42.5669514,8.7491607,https://www.google.com/maps/place/Restaurant+U+Fanale/data=!4m2!3m1!1s0x12d0eb7f3687cd59:0x9b8fc0d6971e790d,Restaurant U Fanale,restaurant,want to go,
Cambridge,42.3626891,-71.0840609,https://www.google.com/maps/place/Shy+Bird/data=!4m2!3m1!1s0x89e371a5bb1bd829:0x1418a373bde5f111,Shy Bird,restaurant,want to go,
Cantabria,43.397664400000004,-3.3742271999999995,https://www.google.com/maps/place/Liendo/data=!4m2!3m1!1s0xd4eea6da7ab1a85:0xa647b92a693aeaa1,Liendo,art,want to go,
Cape Elizabeth,43.624021,-70.2111453,https://www.google.com/maps/place/Bite+into+Maine/data=!4m2!3m1!1s0x4cb29e0f9b72e259:0x1509109212fa3bf2,Bite into Maine,shop,want to go,
Cardiff,51.480534,-3.181416,https://www.google.com/maps/place/Clwb+Ifor+Bach/data=!4m2!3m1!1s0x486e1cb03219e47f:0xfac5249511f90b4,Clwb Ifor Bach,music venue,want to go,
"Cardonal, Hgo.",20.6422905,-98.9918161,https://www.google.com/maps/place/Grutas+Tolantongo/data=!4m2!3m1!1s0x85d1453fcff59b4f:0x3bc7395b21669620,Grutas Tolantongo,experience,want to go,
Carnaby,51.5127213,-0.13892030000000002,https://www.google.com/maps/place/ALTA+Kingly+Court/data=!4m2!3m1!1s0x4876058964e6f669:0xa14924086c309faa,ALTA Kingly Court,restaurant,want to go,
Carnaby,51.5121149,-0.13829470000000002,https://www.google.com/maps/place/Soho+Grind/data=!4m2!3m1!1s0x487604d5abea4b19:0x353bf76432e388a2,Soho Grind,cafe,want to go,
Carnaby,51.5126674,-0.13902789999999995,https://www.google.com/maps/place/Wright+Brothers+Soho/data=!4m2!3m1!1s0x487604d50bf3acd7:0xd1cf494ac2d16355,Wright Brothers Soho,restaurant,want to go,
Cavertitz,51.40651395,13.104681000000001,https://www.google.com/maps/place/Olganitz/data=!4m2!3m1!1s0x47a7a278b06343bb:0xbb9f2f7cd8afb624,Olganitz,other,favorite,
CDMX,19.417879600000003,-99.16070789999999,https://www.google.com/maps/place/Tacos+del+Valle+(Roma+Norte)/data=!4m2!3m1!1s0x85d1ff0038236413:0x95ae6d6cb0ac8681,Tacos del Valle (Roma Norte),restaurant,want to go,
Celbridge,53.30030779999999,-6.555937899999999,https://www.google.com/maps/place/Aimsir+Restaurant/data=!4m2!3m1!1s0x4867712934e8909f:0xc05ad38825ea62b8,Aimsir Restaurant,restaurant,want to go,
Center,37.9398585,23.692113799999998,https://www.google.com/maps/place/Stavros+Niarchos+Foundation+Cultural+Center/data=!4m2!3m1!1s0x14a1bc1564d96443:0xc513f42f8456eb6d,Stavros Niarchos Foundation Cultural Center,park,want to go,
Riga,56.9594205,24.108713599999998,https://www.google.com/maps/place/Art+Nouveau+building/data=!4m2!3m1!1s0x46eecfc5ae488137:0x55936b70a23adcf5,Art Nouveau building,art,favorite,
Riga,56.955828999999994,24.113075300000002,https://www.google.com/maps/place/Latvian+National+Museum+of+Art/data=!4m2!3m1!1s0x46eecfcfc8bb3df3:0xc447c1df0dcf5c67,Latvian National Museum of Art,art,favorite,
Riga,56.95865439999999,24.1225912,https://www.google.com/maps/place/Martinelli+Riga/data=!4m2!3m1!1s0x46eecfcb5abb37af:0x3baf040ff70c6f16,Martinelli Riga,art,favorite,
Riga,56.9464759,24.1119751,https://www.google.com/maps/place/Distillers+Republic+:Local+Craft+Distillerie+%26+Bar/data=!4m2!3m1!1s0x46eecff398b293c9:0x9e701cf821d4036a,Distillers Republic :Local Craft Distillerie & Bar,bar,favorite,
Riga,56.9535445,24.1262888,https://www.google.com/maps/place/Gan+bei+-+Barona/data=!4m2!3m1!1s0x46eecf547d7a241f:0xe856b86016971deb,Gan bei - Barona,bar,favorite,
Riga,56.954982699999995,24.117929399999998,https://www.google.com/maps/place/Skyline+bar/data=!4m2!3m1!1s0x46eecfce08a4f14f:0xd7b3b26988aad881,Skyline bar,bar,favorite,
Riga,56.9461898,24.1113453,https://www.google.com/maps/place/The+Armoury+Bar/data=!4m2!3m1!1s0x46eecfd42d04567d:0xc741c7b90353e6ac,The Armoury Bar,bar,favorite,
Riga,56.94608170000001,24.107812,https://www.google.com/maps/place/%22Folkklubs+ALA+Pagrabs%22+(Folk+club+ALA+cellar)/data=!4m2!3m1!1s0x46eecfd667ba54e3:0xe5e397862dae45e9,"""Folkklubs ALA Pagrabs"" (Folk club ALA cellar)",club,favorite,
Riga,56.958841899999996,24.111963499999998,https://www.google.com/maps/place/Blend/data=!4m2!3m1!1s0x46eecf930256b199:0x14f47cd6afc44aaf,Blend,restaurant,favorite,
Riga,56.955155899999994,24.126457799999994,https://www.google.com/maps/place/Cadets+de+Gascogne/data=!4m2!3m1!1s0x46eecfcce099d97d:0xc1fec4113a9c20a7,Cadets de Gascogne,cafe,favorite,
Riga,56.9624798,24.1022215,https://www.google.com/maps/place/FERMA/data=!4m2!3m1!1s0x46eecfc3ddd8c139:0x51980b3b2f416105,FERMA,restaurant,favorite,
Riga,56.95405549999999,24.1267125,https://www.google.com/maps/place/Galerija+Istaba/data=!4m2!3m1!1s0x46eecfcd3bca80c7:0xe9c8549019636529,Galerija Istaba,art,favorite,
Riga,56.9510041,24.106546899999998,https://www.google.com/maps/place/Garage/data=!4m2!3m1!1s0x46eecfd0b9114267:0x71ce3cc9ba788e53,Garage,restaurant,favorite,true
Riga,56.9654552,24.130690800000004,https://www.google.com/maps/place/Labietis/data=!4m2!3m1!1s0x46eecfb5c59934cb:0x7702ab9be7368bf8,Labietis,other,favorite,
Riga,56.956558099999995,24.118859699999998,https://www.google.com/maps/place/Maz%C4%81+Terapija/data=!4m2!3m1!1s0x46eecf864e8e381d:0x865721ccd98f76d8,Mazā Terapija,restaurant,favorite,
Riga,56.95845149999999,24.123395399999996,https://www.google.com/maps/place/Ma%C3%B1ana/data=!4m2!3m1!1s0x46eecfde1e8bbdf5:0x86f0e4e1391c0427,Mañana,restaurant,favorite,
Riga,56.946023000000004,24.109674000000002,https://www.google.com/maps/place/Milda/data=!4m2!3m1!1s0x46eece2d24e201a3:0x96bcced184b9ea,Milda,restaurant,favorite,
Riga,56.9512206,24.1102317,https://www.google.com/maps/place/Molberts+sald%C4%93jums/data=!4m2!3m1!1s0x46eecf9ba3b7c09b:0x20799ef4b32e5ad6,Molberts saldējums,shop,favorite,
Riga,56.9563755,24.127913,https://www.google.com/maps/place/MUNCH+BBQ/data=!4m2!3m1!1s0x46eecf7dab57d84f:0x4be97aa72f4e6276,MUNCH BBQ,bar,favorite,
Riga,56.956829500000005,24.1233512,https://www.google.com/maps/place/Nisha+Craft+Riga/data=!4m2!3m1!1s0x46eecf1b7b50caa7:0x3b451d084a61778e,Nisha Craft Riga,bar,favorite,
Riga,56.9524195,24.122106100000003,https://www.google.com/maps/place/O'Sole+Mio/data=!4m2!3m1!1s0x46eecfcf9665c4d5:0x35cfd93ce5f05994,O'Sole Mio,restaurant,favorite,
Riga,56.965160999999995,24.130078299999994,https://www.google.com/maps/place/ONE+ONE/data=!4m2!3m1!1s0x46eecfb5db54eee1:0x58f06585e1679a03,ONE ONE,club,favorite,
Riga,56.949914899999996,24.1040261,https://www.google.com/maps/place/PEPPO's/data=!4m2!3m1!1s0x46eecffd1466ea39:0x184899911d84d2db,PEPPO's,restaurant,favorite,
Riga,56.9460791,24.112212200000002,https://www.google.com/maps/place/RigaShootingRange.com/data=!4m2!3m1!1s0x46eecf9b58ce575f:0x2fec12f04b2745fc,RigaShootingRange.com,other,favorite,
Riga,56.9638499,24.131791999999997,https://www.google.com/maps/place/Rocket+Bean+Roastery/data=!4m2!3m1!1s0x46eecfb59a301d55:0xaa6874c5e157fe90,Rocket Bean Roastery,cafe,favorite,
Riga,56.962199899999995,24.100441699999998,https://www.google.com/maps/place/Sh%C5%8Dyu/data=!4m2!3m1!1s0x46eecf3a22391929:0x9fc85092f2572f85,Shōyu,restaurant,favorite,
Riga,56.953249799999995,24.0991999,https://www.google.com/maps/place/Stargorod+Riga+-+Czech+brewery/data=!4m2!3m1!1s0x46eecfdbbec48999:0xa67d1b92abe13569,Stargorod Riga - Czech brewery,bar,favorite,
Riga,56.9585041,24.112784099999995,https://www.google.com/maps/place/The+Catch/data=!4m2!3m1!1s0x46eecfcf656950f7:0x9f6025829b20d70e,The Catch,restaurant,favorite,
Riga,56.9640705,24.133691300000002,https://www.google.com/maps/place/ZAKUSKA/data=!4m2!3m1!1s0x46eecf465433509f:0x8332374a3615a6f8,ZAKUSKA,bar,favorite,
Riga,56.957499999999996,24.1161111,https://www.google.com/maps/place/Ze+Donats/data=!4m2!3m1!1s0x46eecfcefdeb29ab:0x965c957a916b7c47,Ze Donats,shop,favorite,
Riga,56.957827900000005,24.114787200000006,https://www.google.com/maps/place/Zivju+lete/data=!4m2!3m1!1s0x46eecfd286b263eb:0xed292be3cf54e691,Zivju lete,restaurant,favorite,
Riga,56.9511298,24.1229901,https://www.google.com/maps/place/%C4%8C%C4%93/data=!4m2!3m1!1s0x46eecfd2cfbb5b93:0xb162cf77cc2be2c4,Čē,bar,favorite,
Riga,56.9577827,24.120875599999998,https://www.google.com/maps/place/%E4%B8%9C%E4%BA%9A%E9%95%BF%E5%9F%8E%E9%A5%AD%E5%BA%97+Lielais+%C4%B6%C4%ABnas+m%C5%ABris/data=!4m2!3m1!1s0x46eecfcfa519a447:0x76a5140765280624,东亚长城饭店 Lielais Ķīnas mūris,restaurant,favorite,
Riga,56.9486211,24.109421899999997,https://www.google.com/maps/place/Restaurant+3/data=!4m2!3m1!1s0x46eecfd6c8be54ab:0x50239d2db4ae88fe,Restaurant 3,restaurant,favorite,
Riga,56.950677899999995,24.1207245,https://www.google.com/maps/place/Bubble+tea+Riga+-+Barona/data=!4m2!3m1!1s0x46eecf9c9e8d0a43:0xf082dbafede4fd20,Bubble tea Riga - Barona,bar,want to go,
Riga,56.9468531,24.110609200000003,https://www.google.com/maps/place/Reiterna+nams/data=!4m2!3m1!1s0x46eecfd428188ce5:0xb212ba4381473440,Reiterna nams,bar,want to go,
Riga,56.953643199999995,24.1213348,https://www.google.com/maps/place/Hooligaan+Bubble+Tea+%26+Coffee/data=!4m2!3m1!1s0x46eecf76903d2127:0x122528c4d9929847,Hooligaan Bubble Tea & Coffee,cafe,want to go,
Riga,56.9487631,24.111241999999997,https://www.google.com/maps/place/And+Bubble+Tea%E5%B1%BF%E8%8C%B6/data=!4m2!3m1!1s0x46eecfff8d7a1f45:0x7f2bba59048ed8ab,And Bubble Tea屿茶,shop,want to go,
Riga,56.954481599999994,24.1232899,https://www.google.com/maps/place/Bubble+Tea+Riga+-+Burbu%C4%BCt%C4%93jas+%26+Kafijas+dz%C4%93rieni/data=!4m2!3m1!1s0x46eecfcda72bf87f:0x3eb08ff2bf8a9417,Bubble Tea Riga - Burbuļtējas & Kafijas dzērieni,shop,want to go,
Riga,56.9565864,24.136470799999998,https://www.google.com/maps/place/Escapist+Gastropub/data=!4m2!3m1!1s0x46eecfff774f918b:0xd33048da5f98d23a,Escapist Gastropub,bar,want to go,
Cernobbio CO,45.84849759999999,9.0798841,https://www.google.com/maps/place/Il+Gatto+Nero/data=!4m2!3m1!1s0x4784277df0c898dd:0xde7726a2424f6e57,Il Gatto Nero,restaurant,want to go,
Amsterdam,52.364590799999995,4.896579600000001,https://www.google.com/maps/place/Spectrum/data=!4m2!3m1!1s0x47c6099510812d47:0x693a839cbcf26a5a,Spectrum,restaurant,want to go,
Chakkrawat,13.741845999999999,100.502961,https://www.google.com/maps/place/The+Originals+Mae+On's+Curry+Over+Rice+at+Saphan+Han/data=!4m2!3m1!1s0x30e299194c48e4c5:0xdcb25816610d34e1,The Originals Mae On's Curry Over Rice at Saphan Han,restaurant,favorite,
Chalk Farm,51.5425045,-0.1480046,https://www.google.com/maps/place/The+Cheese+Bar/data=!4m2!3m1!1s0x48761ae413282723:0xee7de31efed32091,The Cheese Bar,bar,want to go,
Chang Wat Prachuap Khiri Khan,12.5659002,99.9601316,"https://www.google.com/maps/place/The+Standard,+Hua+Hin/data=!4m2!3m1!1s0x30fdabcf11a65395:0x5823fcea5bafd60","The Standard, Hua Hin",hotel,favorite,
Charleston,32.7926929,-79.9416856,https://www.google.com/maps/place/Artisan+Meat+Share/data=!4m2!3m1!1s0x88fe7a4209fb3429:0x48c0e94f1b5840b1,Artisan Meat Share,art,favorite,true
Charleston,32.7919883,-79.9314771,https://www.google.com/maps/place/Bay+Street+Biergarten/data=!4m2!3m1!1s0x88fe7a6e16ed8241:0xe8ceccc13883160b,Bay Street Biergarten,art,favorite,
Charleston,32.7765379,-79.9749428,https://www.google.com/maps/place/Earth+Fare/data=!4m2!3m1!1s0x88fe7bd03d127c85:0x468ebd28e9cdd62e,Earth Fare,art,favorite,
Charleston,32.776529,-79.9321544,https://www.google.com/maps/place/Gaulart+%26+Maliclet+Fast+and+French+Inc./data=!4m2!3m1!1s0x88fe7a1049458fbf:0xbcc85dcf524fe049,Gaulart & Maliclet Fast and French Inc.,art,favorite,
Charleston,32.79198329999999,-79.9424252,https://www.google.com/maps/place/Brown's+Court+Bakery/data=!4m2!3m1!1s0x88fe7a421db8e26b:0x3e0a2bef22fe18db,Brown's Court Bakery,bakery,favorite,
Charleston,32.789073599999995,-79.9386727,https://www.google.com/maps/place/A+C's+Bar+%26+Grill/data=!4m2!3m1!1s0x88fe7a6badd2a993:0xa0e4467535a2d213,A C's Bar & Grill,bar,favorite,
Charleston,32.7994017,-79.94150189999999,https://www.google.com/maps/place/Bar+Rollins/data=!4m2!3m1!1s0x88fe7bcbc6fbee3b:0xf24fcfa7f98da9e4,Bar Rollins,bar,favorite,
Charleston,32.786110099999995,-79.93501359999999,https://www.google.com/maps/place/Big+Gun+Burger+Shop+%26+Bar/data=!4m2!3m1!1s0x88fe7a6cb72e4e23:0xecdefc51d5bafed4,Big Gun Burger Shop & Bar,bar,favorite,
Charleston,32.784599299999996,-79.9353485,https://www.google.com/maps/place/CO+-+banh+mi+-+noodles+-+bar/data=!4m2!3m1!1s0x88fe7a135b444197:0x71607e7fc5cfa345,CO - banh mi - noodles - bar,bar,favorite,
Charleston,32.7928256,-79.9451248,https://www.google.com/maps/place/Elliotborough+Mini+Bar/data=!4m2!3m1!1s0x88fe7a43cf0568af:0xcb970883388af31b,Elliotborough Mini Bar,bar,favorite,
Charleston,32.7893641,-79.94671470000002,https://www.google.com/maps/place/Lana+Restaurant+%26+Bar/data=!4m2!3m1!1s0x88fe7a41284cf401:0x5a61f0fbdf90cd28,Lana Restaurant & Bar,bar,favorite,true
Charleston,32.788555099999996,-79.9382562,https://www.google.com/maps/place/Monza+Pizza+Bar/data=!4m2!3m1!1s0x88fe7a6ba810be93:0x63ed2605f6b11c0c,Monza Pizza Bar,bar,favorite,true
Charleston,32.79036409999999,-79.9395679,https://www.google.com/maps/place/The+Darling+Oyster+Bar/data=!4m2!3m1!1s0x88fe7a6a39dd6f45:0x523aa8af2a7f2bce,The Darling Oyster Bar,bar,favorite,
Charleston,32.78248370000001,-79.9869758,https://www.google.com/maps/place/Triangle+Char+%26+Bar/data=!4m2!3m1!1s0x88fe7be9dcf1e125:0x241c7a157e6b2bac,Triangle Char & Bar,bar,favorite,
Charleston,32.782483299999996,-79.98596669999999,https://www.google.com/maps/place/Voodoo+Tiki+Bar+%26+Lounge/data=!4m2!3m1!1s0x88fe7bc27474d1df:0x7973481160763f56,Voodoo Tiki Bar & Lounge,bar,favorite,true
Charleston,32.7798825,-79.9376738,https://www.google.com/maps/place/Black+Tap+Coffee/data=!4m2!3m1!1s0x88fe7a169ec52d29:0x450cae14bbf6cc01,Black Tap Coffee,cafe,favorite,
Charleston,32.7804525,-79.9326837,https://www.google.com/maps/place/City+Lights+Coffee/data=!4m2!3m1!1s0x88fe7a1231bdea83:0xf6857ef77b6e0f87,City Lights Coffee,cafe,favorite,
Charleston,32.7911734,-79.9450711,"https://www.google.com/maps/place/Counter+Culture+Coffee+Charleston,+SC+Training+Center/data=!4m2!3m1!1s0x88fe7a46e1cdd023:0xe7a30a407fefa0cd","Counter Culture Coffee Charleston, SC Training Center",cafe,favorite,
Charleston,32.7838342,-79.9355887,https://www.google.com/maps/place/Jack's+Cafe/data=!4m2!3m1!1s0x88fe7a1367ea1c35:0xb6d7f57fcbd9a5c,Jack's Cafe,cafe,favorite,true
Charleston,32.8030459,-79.9532158,https://www.google.com/maps/place/The+Park+Cafe/data=!4m2!3m1!1s0x88fe7b3209c9af97:0xa211de61c91ab21,The Park Cafe,cafe,favorite,
Charleston,32.789888499999996,-79.9375138,https://www.google.com/maps/place/Club+Pantheon/data=!4m2!3m1!1s0x88fe7a6bbfee4c6b:0xf4d6da8675f5ba2c,Club Pantheon,club,favorite,true
Charleston,32.78940439999999,-79.9388906,https://www.google.com/maps/place/The+Cocktail+Club/data=!4m2!3m1!1s0x88fe7a6bb2dd69ad:0x51ed03f91321ff7c,The Cocktail Club,club,favorite,
Charleston,32.7879028,-79.93666030000001,https://www.google.com/maps/place/Victor+Social+Club/data=!4m2!3m1!1s0x88fe7a6b70eeee9b:0xda1b9b9f20c92ba8,Victor Social Club,club,favorite,
Charleston,32.7794563,-79.93332690000001,https://www.google.com/maps/place/167+Raw/data=!4m2!3m1!1s0x88fe7a0d37952fab:0x49f72a2a91ea91f,167 Raw,restaurant,favorite,
Charleston,32.747388900000004,-79.9151667,https://www.google.com/maps/place/32%C2%B044'50.6%22N+79%C2%B054'54.6%22W/data=!4m2!3m1!1s0x88fe77590d02ffff:0x35dfe447aac6d15e,"32°44'50.6""N 79°54'54.6""W",other,favorite,
Charleston,32.79775000000001,-79.94525,https://www.google.com/maps/place/32%C2%B047'51.9%22N+79%C2%B056'42.9%22W/data=!4m2!3m1!1s0x88fe7a5ccd0a1ac1:0xb1cffb560cdcbe2c,"32°47'51.9""N 79°56'42.9""W",other,favorite,true
Charleston,32.7883087,-79.93710159999999,https://www.google.com/maps/place/39+Rue+De+Jean/data=!4m2!3m1!1s0x88fe7a6b70eeee9b:0x5f0439bd49d43bdc,39 Rue De Jean,restaurant,favorite,
Charleston,32.789470699999995,-79.9384918,https://www.google.com/maps/place/Basil/data=!4m2!3m1!1s0x88fe7a6bb14a4567:0xdb2d68e66bcee388,Basil,restaurant,favorite,true
Charleston,32.777922499999995,-79.9328379,https://www.google.com/maps/place/Bin+152/data=!4m2!3m1!1s0x88fe7a11a4ed44a1:0x92bc4da305f0b36f,Bin 152,bar,favorite,
Charleston,32.78895560000001,-80.0238839,https://www.google.com/maps/place/Boxcar+Betty's/data=!4m2!3m1!1s0x88fe7c13bc6990bd:0x81e06362cf8c3c25,Boxcar Betty's,restaurant,favorite,
Charleston,32.7766838,-79.9325437,https://www.google.com/maps/place/Bull+Street+Gourmet+%26+Market/data=!4m2!3m1!1s0x88fe7a105326eebf:0x66761cd31fee9df5,Bull Street Gourmet & Market,restaurant,favorite,true
Charleston,32.8101033,-79.9477112,https://www.google.com/maps/place/Butcher+%26+Bee/data=!4m2!3m1!1s0x88fe7a42dd146443:0x50db28e750cfc95,Butcher & Bee,other,favorite,
Charleston,32.7781841,-79.9593788,https://www.google.com/maps/place/California+Dreaming/data=!4m2!3m1!1s0x88fe7a328830eba5:0x5b4382a490dd704e,California Dreaming,restaurant,favorite,
Charleston,32.7900254,-79.9388518,https://www.google.com/maps/place/Callie's+Hot+Little+Biscuit/data=!4m2!3m1!1s0x88fe7a6a4aad04cf:0xa28ae9aac96fada1,Callie's Hot Little Biscuit,restaurant,favorite,
Charleston,32.782378699999995,-79.9338664,https://www.google.com/maps/place/Candlefish/data=!4m2!3m1!1s0x88fe7a13a988d341:0x9f093243ef105c51,Candlefish,shop,favorite,
Charleston,32.78370919999999,-79.9359917,"https://www.google.com/maps/place/Caviar+%26+Bananas+George+Street,+LLC/data=!4m2!3m1!1s0x88fe7a13622561dd:0x6cba78220b97d7e2","Caviar & Bananas George Street, LLC",cafe,favorite,
Charleston,32.7917572,-79.94321959999999,https://www.google.com/maps/place/Chez+Nous/data=!4m2!3m1!1s0x88fe7a418a87c91b:0x3f9d952cc056dc69,Chez Nous,restaurant,favorite,
Charleston,32.7885543,-79.93844050000001,https://www.google.com/maps/place/Closed+for+Business/data=!4m2!3m1!1s0x88fe7a6ba8155ed3:0x1b8678ab1a5d9ff8,Closed for Business,bar,favorite,true
Charleston,32.79190459999999,-79.9435463,https://www.google.com/maps/place/Coming+Street+Grocery/data=!4m2!3m1!1s0x88fe7a42274ece4f:0x9b513c9d9b637920,Coming Street Grocery,shop,favorite,
Charleston,32.7787819,-79.9272732,https://www.google.com/maps/place/Cypress/data=!4m2!3m1!1s0x88fe7a0e866d8125:0xc21f7ab6824c7748,Cypress,restaurant,favorite,
Charleston,32.7934548,-79.9434761,https://www.google.com/maps/place/D'Allesandro's+Pizza/data=!4m2!3m1!1s0x88fe7a4246c30339:0x23dcdb1ea74ba08,D'Allesandro's Pizza,restaurant,favorite,
Charleston,32.7895914,-79.942256,https://www.google.com/maps/place/Dave's+Carry-Out/data=!4m2!3m1!1s0x88fe7a41d0231b67:0x44b1c243c1172b62,Dave's Carry-Out,restaurant,favorite,
Charleston,32.799443600000004,-80.0112798,https://www.google.com/maps/place/Dellz+Uptown/data=!4m2!3m1!1s0x88fe7a443e63a2e3:0x6184a8f34c706754,Dellz Uptown,restaurant,favorite,
Charleston,32.7895786,-79.9383118,https://www.google.com/maps/place/Dudley's/data=!4m2!3m1!1s0x88fe7a6bbbd3f001:0xba38a4a88797bf23,Dudley's,bar,favorite,
Charleston,32.7873119,-80.0140141,https://www.google.com/maps/place/Early+Bird+Diner/data=!4m2!3m1!1s0x88fe7c0bf6b2a6a1:0x2f5b08a364be2a99,Early Bird Diner,restaurant,favorite,
Charleston,32.7879441,-79.928759,https://www.google.com/maps/place/East+Bay+Deli-+Downtown/data=!4m2!3m1!1s0x88fe7a728a8a81c3:0xe4e58a4e4b5e8aa6,East Bay Deli- Downtown,other,favorite,
Charleston,32.815205899999995,-79.9517577,https://www.google.com/maps/place/East+Bay+True+Value+Hardware/data=!4m2!3m1!1s0x88fe7a72ca46b889:0x12d5e9fd57f2eaca,East Bay True Value Hardware,shop,favorite,
Charleston,32.8099183,-79.9473679,https://www.google.com/maps/place/Edmund's+Oast/data=!4m2!3m1!1s0x88fe7af60e2cc607:0xf972d98ac9a9dfd2,Edmund's Oast,restaurant,favorite,
Charleston,32.7990883,-79.9502876,https://www.google.com/maps/place/Faculty+Lounge/data=!4m2!3m1!1s0x88fe7a5adede51ed:0xc161f7462fbd1232,Faculty Lounge,bar,favorite,
Charleston,32.7823426,-79.93157529999999,https://www.google.com/maps/place/FIG/data=!4m2!3m1!1s0x88fe7a1260439367:0x9ef5eacc6d3f3d58,FIG,restaurant,favorite,
Charleston,32.78928870000001,-79.94717829999999,https://www.google.com/maps/place/Fuel+Charleston/data=!4m2!3m1!1s0x88fe7a40d5575b7b:0x1cf64b6d97692d6c,Fuel Charleston,restaurant,favorite,
Charleston,32.7848838,-79.9308023,https://www.google.com/maps/place/Fuzzco/data=!4m2!3m1!1s0x88fe7a41207e5341:0x9a36d43e7c95651a,Fuzzco,other,favorite,
Charleston,32.784978699999996,-79.93580899999999,https://www.google.com/maps/place/Gilroy's+Pizza+Pub/data=!4m2!3m1!1s0x88fe7a13570d094b:0xc00358ab56c48602,Gilroy's Pizza Pub,restaurant,favorite,
Charleston,32.78948990000001,-79.9389468,https://www.google.com/maps/place/Glazed+Gourmet+Doughnuts/data=!4m2!3m1!1s0x88fe7a6a4d9f6a3d:0xcafdfa71c89fc8a5,Glazed Gourmet Doughnuts,shop,favorite,
Charleston,32.8110594,-79.94945299999999,"https://www.google.com/maps/place/goat.sheep.cow.,north./data=!4m2!3m1!1s0x88fe7af64fc0a0ed:0xff8a781c89d4f8f7","goat.sheep.cow.,north.",shop,favorite,
Charleston,32.787846,-79.9345627,https://www.google.com/maps/place/Henrietta's+at+The+Dewberry/data=!4m2!3m1!1s0x88fe7a6cf3167f0f:0xe33c0ce240f22e72,Henrietta's at The Dewberry,experience,favorite,true
Charleston,32.7888477,-79.9468369,https://www.google.com/maps/place/Hominy+Grill/data=!4m2!3m1!1s0x88fe7a40d13d2fbb:0x8eed75cd8bc0847b,Hominy Grill,restaurant,favorite,true
Charleston,32.8043948,-79.94521739999999,https://www.google.com/maps/place//data=!4m2!3m1!1s0x88fe7a5e8d883ab7:0x65d227167e3f226d,Local 616,bar,favorite,
Charleston,32.777999099999995,-79.93212299999999,https://www.google.com/maps/place/Husk/data=!4m2!3m1!1s0x88fe7a11bef45acd:0x579764701194eba4,Husk,restaurant,favorite,
Charleston,32.791579999999996,-79.939881,https://www.google.com/maps/place/Indaco/data=!4m2!3m1!1s0x88fe7a6989a48b65:0xbc17851dcc6db195,Indaco,restaurant,favorite,
Charleston,32.7896777,-79.9454262,https://www.google.com/maps/place/Indigo+%26+Cotton/data=!4m2!3m1!1s0x88fe7a411bc7b409:0x7f7fe06847860a2a,Indigo & Cotton,shop,favorite,true
Charleston,32.7900943,-79.9393374,https://www.google.com/maps/place/Jeni's+Splendid+Ice+Creams/data=!4m2!3m1!1s0x88fe7a6a480c4509:0x1e01433b7a9e9533,Jeni's Splendid Ice Creams,shop,favorite,
Charleston,32.78834320000001,-79.9382,https://www.google.com/maps/place/Juanita+Greenberg's+Nacho+Royale/data=!4m2!3m1!1s0x88fe7a6b08839857:0x5a577b9b7f3310b4,Juanita Greenberg's Nacho Royale,restaurant,favorite,
Charleston,32.7844683,-79.9356892,https://www.google.com/maps/place/Kickin'+Chicken/data=!4m2!3m1!1s0x88fe7a135b8415a7:0xcf091ac707df7f69,Kickin' Chicken,bar,favorite,
Charleston,32.78726029999999,-79.9376977,https://www.google.com/maps/place/Kudu/data=!4m2!3m1!1s0x88fe7a6b155bf445:0x2d03b2598c9dfe2,Kudu,cafe,favorite,
Charleston,32.79521,-79.9396029,https://www.google.com/maps/place/Last+Saint/data=!4m2!3m1!1s0x88fe7b7cd0024089:0x3051013b42578747,Last Saint,bar,favorite,
Charleston,32.7983697,-79.9459226,https://www.google.com/maps/place/Leon's/data=!4m2!3m1!1s0x88fe7a5cb82dcdd7:0x84818008c4a3b62e,Leon's,bar,favorite,
Charleston,32.79177140000001,-79.9498351,https://www.google.com/maps/place/Luke's+Craft+Pizza/data=!4m2!3m1!1s0x88fe7a46864fa1df:0xe2096242e407a0a5,Luke's Craft Pizza,restaurant,favorite,true
Charleston,32.7793212,-79.9273719,https://www.google.com/maps/place/Magnolias/data=!4m2!3m1!1s0x88fe7a0c282d93b3:0xd8b4706d71627322,Magnolias,restaurant,favorite,
Charleston,32.778252099999996,-79.9272182,https://www.google.com/maps/place/McCrady's/data=!4m2!3m1!1s0x88fe7a0e8bbcfc87:0x2f9d0f0bc420126c,McCrady's,restaurant,favorite,true
Charleston,32.7825896,-79.9860971,https://www.google.com/maps/place/Mellow+Mushroom/data=!4m2!3m1!1s0x88fe7bc274f5a7d7:0x8546344e5d3047e0,Mellow Mushroom,restaurant,favorite,
Charleston,32.783651,-79.934946,https://www.google.com/maps/place/Mellow+Mushroom/data=!4m2!3m1!1s0x88fe7a136c25db1d:0x2532a89effdfb2c0,Mellow Mushroom,restaurant,favorite,
Charleston,32.78388760000001,-79.93562179999999,https://www.google.com/maps/place/Menkoi+Ramen+House+-+Charleston/data=!4m2!3m1!1s0x88fe7a1366987815:0x461eb369c44cb7ba,Menkoi Ramen House - Charleston,restaurant,favorite,true
Charleston,32.797232699999995,-79.93437589999999,https://www.google.com/maps/place/Mercantile+and+Mash/data=!4m2!3m1!1s0x88fe7a65eb86d889:0xc7deff14dc109e9e,Mercantile and Mash,cafe,favorite,
Charleston,32.7766583,-79.93259719999999,https://www.google.com/maps/place/Millers+All+Day/data=!4m2!3m1!1s0x88fe7a104df458a7:0x9d8c2443a3a9cb2d,Millers All Day,restaurant,favorite,
Charleston,32.8022428,-79.9529594,https://www.google.com/maps/place/Moe's+Crosstown+Tavern/data=!4m2!3m1!1s0x88fe7a5a7567c1d1:0xd20f5d384d839b5f,Moe's Crosstown Tavern,bar,favorite,
Charleston,32.7890017,-79.93863739999999,https://www.google.com/maps/place/O-Ku/data=!4m2!3m1!1s0x88fe7a6baca0e175:0xb5caabd377ec2d2,O-Ku,restaurant,favorite,
Charleston,32.7899476,-79.9474522,https://www.google.com/maps/place/Octobachi/data=!4m2!3m1!1s0x88fe7a46cd211b4f:0x3123cd6b2292a98a,Octobachi,restaurant,favorite,true
Charleston,32.7879409,-79.937297,https://www.google.com/maps/place/Osteria+la+Bottiglia/data=!4m2!3m1!1s0x88fe7a6b12b5f96b:0xa68959619279a0e0,Osteria la Bottiglia,restaurant,favorite,
Charleston,32.7876859,-79.9385453,https://www.google.com/maps/place/Pane+E+Vino/data=!4m2!3m1!1s0x88fe7bafa302caf1:0x94a2d60aee793afb,Pane E Vino,restaurant,favorite,
Charleston,32.7932779,-79.94165989999999,https://www.google.com/maps/place/Pink+Bellies/data=!4m2!3m1!1s0x88fe7bf6d7aaf2e1:0x2b7ead9fdc3577fc,Pink Bellies,restaurant,favorite,
Charleston,32.7781314,-79.931969,https://www.google.com/maps/place/Poogan's+Porch/data=!4m2!3m1!1s0x88fe7a11bf411b05:0x362753fbdad39b67,Poogan's Porch,restaurant,favorite,
Charleston,32.7773378,-79.9361201,https://www.google.com/maps/place/Queen+Street+Grocery/data=!4m2!3m1!1s0x88fe7a16d522f763:0x6f1d319fe31fcb61,Queen Street Grocery,cafe,favorite,
Charleston,32.796558399999995,-79.94461439999999,https://www.google.com/maps/place/Recovery+Room+Tavern/data=!4m2!3m1!1s0x88fe7a42d92e42a1:0x6c6abfe9a0f8cc12,Recovery Room Tavern,bar,favorite,
Charleston,32.8070752,-79.9450189,https://www.google.com/maps/place/Revelry+Brewing+Co/data=!4m2!3m1!1s0x88fe7a5f0db0332d:0xb9330523816a8e5c,Revelry Brewing Co,bar,favorite,
Charleston,32.80672889999999,-79.9420031,https://www.google.com/maps/place/Royal+American/data=!4m2!3m1!1s0x88fe7a5fddaae245:0x7464d73f5b5b4f9f,Royal American,bar,favorite,
Charleston,32.81274,-79.95452,https://www.google.com/maps/place/Rutledge+Cab+Company/data=!4m2!3m1!1s0x88fe7af9b6e9b2f7:0xe2138e8aab83ad76,Rutledge Cab Company,restaurant,favorite,
Charleston,32.785556,-79.936662,https://www.google.com/maps/place/Sabatinos+Authentic+New+York+City+Pizza/data=!4m2!3m1!1s0x88fe7a14ad07d7ad:0xc9db4b95f2ddc4fd,Sabatinos Authentic New York City Pizza,restaurant,favorite,
Charleston,32.8129333,-79.9502246,https://www.google.com/maps/place/Santi's/data=!4m2!3m1!1s0x88fe7b11f4dad96b:0x9e07e422d54fd40c,Santi's,restaurant,favorite,
Charleston,32.7899667,-79.9393228,https://www.google.com/maps/place/Stars+Rooftop+%26+Grill+Room/data=!4m2!3m1!1s0x88fe7a6a48581927:0x482ee13828fcf2c9,Stars Rooftop & Grill Room,experience,favorite,
Charleston,32.80311820000001,-79.9413659,https://www.google.com/maps/place/Taco+Boy/data=!4m2!3m1!1s0x88fe7a60abd3634f:0xb54693a1b585b522,Taco Boy,restaurant,favorite,
Charleston,32.7850499,-79.93534,https://www.google.com/maps/place/Tasty+Thai+%26+Sushi/data=!4m2!3m1!1s0x88fe7a135a4318ed:0x150893e749bcfb52,Tasty Thai & Sushi,restaurant,favorite,true
Charleston,32.787759,-79.92912299999999,https://www.google.com/maps/place/Ted's+Butcherblock/data=!4m2!3m1!1s0x88fe7a728a8a81c3:0x3924a7e5756e4b4f,Ted's Butcherblock,shop,favorite,
Charleston,32.7940687,-79.94086589999999,https://www.google.com/maps/place/The+Alley/data=!4m2!3m1!1s0x88fe7a69ce69abab:0x6e9b70b62349b91f,The Alley,other,favorite,
Charleston,32.790268,-79.939527,https://www.google.com/maps/place/The+Belmont/data=!4m2!3m1!1s0x88fe7a6a498c8b05:0x521ad0b2937003d4,The Belmont,bar,favorite,
Charleston,32.7961643,-79.94371679999999,https://www.google.com/maps/place/The+Daily/data=!4m2!3m1!1s0x88fe7a42c3b0d40d:0xb65174539bfcf8be,The Daily,cafe,favorite,
Charleston,32.78783670000001,-79.9345914,https://www.google.com/maps/place/The+Dewberry+Charleston/data=!4m2!3m1!1s0x88fe7a6cf6581a73:0x1ebb314161f28d2f,The Dewberry Charleston,hotel,favorite,
Charleston,32.779498,-79.926729,https://www.google.com/maps/place/The+Gin+Joint/data=!4m2!3m1!1s0x88fe7a0c26e456bb:0xf32de704ac4fdfd1,The Gin Joint,bar,favorite,
Charleston,32.7838671,-79.99811059999999,https://www.google.com/maps/place/The+Glass+Onion/data=!4m2!3m1!1s0x88fe7bf1e7a3e479:0xaa5103b5c97263cb,The Glass Onion,restaurant,favorite,
Charleston,32.7919976,-79.9410485,https://www.google.com/maps/place/The+Grocery/data=!4m2!3m1!1s0x88fe7a46cc4d74db:0xa556622293d6e0c7,The Grocery,restaurant,favorite,
Charleston,32.7894167,-79.9388774,https://www.google.com/maps/place/The+Macintosh/data=!4m2!3m1!1s0x88fe7a6bb2dd69ad:0xf9ae0fb39f1c071b,The Macintosh,restaurant,favorite,true
Charleston,32.79222,-79.9404072,https://www.google.com/maps/place/The+Ordinary/data=!4m2!3m1!1s0x88fe7a69f285aaa3:0x26db92a260795fe4,The Ordinary,restaurant,favorite,
Charleston,32.789919999999995,-79.9388699,https://www.google.com/maps/place/The+Rarebit/data=!4m2!3m1!1s0x88fe7a6a4ae65e5b:0xa1271e724504c8bf,The Rarebit,restaurant,favorite,
Charleston,32.78764299999999,-79.93912999999999,https://www.google.com/maps/place/The+Warren+Room+at+The+Westendorff/data=!4m2!3m1!1s0x88fe7a6ae190051b:0xa3e0fee84ccb6488,The Warren Room at The Westendorff,experience,favorite,
Charleston,32.796679,-79.9970058,https://www.google.com/maps/place/Tin+Roof/data=!4m2!3m1!1s0x88fe7b91fa8001bf:0xb72b4006fbb99613,Tin Roof,bar,favorite,
Charleston,32.793545099999996,-79.93854820000001,https://www.google.com/maps/place/Tu/data=!4m2!3m1!1s0x88fe7a6908a81ec5:0xc7dba1a310e56282,Tu,restaurant,favorite,true
Charleston,32.789722,-79.942292,https://www.google.com/maps/place/Two+Boroughs+Larder/data=!4m2!3m1!1s0x88fe7a41c4e21dab:0x652e333a63393049,Two Boroughs Larder,restaurant,favorite,true
Charleston,32.78499999999999,-79.9358333,https://www.google.com/maps/place/Upper+Deck+Tavern/data=!4m2!3m1!1s0x88fe7a13583e920f:0x9178cfab8c4f8bd2,Upper Deck Tavern,bar,favorite,true
Charleston,32.7923336,-79.9456888,https://www.google.com/maps/place/Vern's/data=!4m2!3m1!1s0x88fe7b7e42190d71:0x406fc782037fa007,Vern's,restaurant,favorite,
Charleston,32.7807858,-79.966239,https://www.google.com/maps/place/Waffle+House/data=!4m2!3m1!1s0x88fe7bccf300f225:0x75b242963cea7a41,Waffle House,restaurant,favorite,
Charleston,32.79242609999999,-79.9424121,https://www.google.com/maps/place/Warehouse/data=!4m2!3m1!1s0x88fe7a42100a4c6b:0xaf8922d9cba3166b,Warehouse,restaurant,favorite,
Charleston,32.7914537,-79.94441239999999,https://www.google.com/maps/place/WildFlour+Pastry/data=!4m2!3m1!1s0x88fe7a41832997c5:0x92d613c053f2e28b,WildFlour Pastry,bakery,favorite,true
Charleston,32.7905046,-79.9471539,https://www.google.com/maps/place/Xiao+Bao+Biscuit/data=!4m2!3m1!1s0x88fe7a4134e87a2f:0x72fee76aa46b6cb8,Xiao Bao Biscuit,restaurant,favorite,
Charleston,32.7799925,-79.9728921,https://www.google.com/maps/place/Ye+Ole+Fashioned+Ice+Cream/data=!4m2!3m1!1s0x88fe7bcfa9106b69:0x265e652160639b8c,Ye Ole Fashioned Ice Cream,shop,favorite,
Charleston,32.798837299999995,-79.946314,https://www.google.com/maps/place/Zappo's+Pizza/data=!4m2!3m1!1s0x88fe7a5cbc3bf221:0x6f29910dcc535f5a,Zappo's Pizza,other,favorite,
Charleston,32.798111299999995,-79.9421892,https://www.google.com/maps/place/Palace+Hotel/data=!4m2!3m1!1s0x88fe7a68ebcf2b77:0xdfffc80e18c5c1eb,Palace Hotel,hotel,favorite,true
Charleston,32.790528,-79.9613184,https://www.google.com/maps/place/Riley+Park/data=!4m2!3m1!1s0x88fe7a4babcb99ab:0x74275daa8f7514ab,Riley Park,park,favorite,
Charleston,32.7913777,-79.9403325,https://www.google.com/maps/place/peking+gourmet+chinese+restaurant/data=!4m2!3m1!1s0x88fe7a6a1ebbd4fb:0xe7d8063059b8de55,peking gourmet chinese restaurant,restaurant,favorite,
Charleston,32.77882069999999,-79.95024889999999,https://www.google.com/maps/place/The+Marina+Variety+Store+Restaurant/data=!4m2!3m1!1s0x88fe7a3a7367e857:0x93d80bb140d35393,The Marina Variety Store Restaurant,restaurant,favorite,
Charleston,32.7901842,-79.9442501,https://www.google.com/maps/place/Sugar+Bakeshop/data=!4m2!3m1!1s0x88fe7a41a1300e71:0x4a019a579ec0d9be,Sugar Bakeshop,shop,favorite,
Charleston,32.79889970000001,-79.94633,https://www.google.com/maps/place/Maison/data=!4m2!3m1!1s0x88fe7b9ebefff919:0x15d613a270cc7b97,Maison,art,want to go,
Charleston,32.7632087,-79.9859838,https://www.google.com/maps/place/Bar+George/data=!4m2!3m1!1s0x88fe79f6cb506869:0x1249d1b1be8575fd,Bar George,bar,want to go,
Charleston,32.808760899999996,-79.94655999999999,https://www.google.com/maps/place/Lewis+Barbecue/data=!4m2!3m1!1s0x88fe7a5f57f65a4b:0x9a600c858a0df971,Lewis Barbecue,bar,want to go,
Charleston,32.7827306,-79.98635829999999,https://www.google.com/maps/place/Highfalutin+Coffee+Roasters/data=!4m2!3m1!1s0x88fe7bc20ab07115:0xd658fb0b71a6fbff,Highfalutin Coffee Roasters,cafe,want to go,
Charleston,32.7877197,-79.93456259999999,https://www.google.com/maps/place/Citrus+Club/data=!4m2!3m1!1s0x88fe7bdb6a4b108d:0x7ae31764ab536ef0,Citrus Club,club,want to go,
Charleston,32.775461899999996,-79.9436032,https://www.google.com/maps/place/Alcove+Market/data=!4m2!3m1!1s0x88fe7b6a96ae48a7:0x5bfcca12de36b08e,Alcove Market,restaurant,want to go,
Charleston,32.7916281,-79.94127240000002,https://www.google.com/maps/place/babas+on+cannon/data=!4m2!3m1!1s0x88fe7bae1f473a19:0x61384f54e5260f5d,babas on cannon,cafe,want to go,
Charleston,32.7768528,-79.92864879999999,https://www.google.com/maps/place/Blind+Tiger+Pub/data=!4m2!3m1!1s0x88fe7a0e4bed2b49:0xdde50b37b5956ec6,Blind Tiger Pub,bar,want to go,
Charleston,32.7929554,-79.9410913,https://www.google.com/maps/place/Bourbon+N'+Bubbles/data=!4m2!3m1!1s0x88fe7b892162eb65:0x6ab8a559dd085952,Bourbon N' Bubbles,restaurant,want to go,
Charleston,32.776716,-79.92719699999999,https://www.google.com/maps/place/Brasserie+La+Banque/data=!4m2!3m1!1s0x88fe7a0efdceaaab:0x626db68cf1d52eb3,Brasserie La Banque,restaurant,want to go,
Charleston,32.7931696,-79.9442552,https://www.google.com/maps/place/Chubby+Fish/data=!4m2!3m1!1s0x88fe7bd17de0dec9:0x32f411a2b3145e44,Chubby Fish,restaurant,want to go,
Charleston,32.8157819,-79.9547541,https://www.google.com/maps/place/Cooper+River+Brewing+Company/data=!4m2!3m1!1s0x88fe7afa3af2831b:0xef70e2300e63799a,Cooper River Brewing Company,bar,want to go,
Charleston,32.81680089999999,-79.9534182,https://www.google.com/maps/place/Edmund's+Oast+Brewing+Co./data=!4m2!3m1!1s0x88fe7af08a454e19:0xd432aae2eda969ce,Edmund's Oast Brewing Co.,bar,want to go,
Charleston,32.79014529999999,-79.947977,https://www.google.com/maps/place/Estadio/data=!4m2!3m1!1s0x88fe7b8b3c8c101d:0xce567a6e98fbd42b,Estadio,restaurant,want to go,
Charleston,32.81644860000001,-79.95065129999999,https://www.google.com/maps/place/Fatty's+Beer+Works/data=!4m2!3m1!1s0x88fe7af0e44a195d:0xaf5531c9ff4df80d,Fatty's Beer Works,other,want to go,
Charleston,32.781874099999996,-79.9858895,https://www.google.com/maps/place/Gene's+Haufbrau/data=!4m2!3m1!1s0x88fe7bc27a61e799:0xc53cb6457f54ba5f,Gene's Haufbrau,bar,want to go,
Charleston,32.7407228,-79.9671494,https://www.google.com/maps/place/Gullah+Gourmet/data=!4m2!3m1!1s0x88fe7bc20a319999:0x200a5e405b8bd36,Gullah Gourmet,shop,want to go,
Charleston,32.795504199999996,-79.9543489,https://www.google.com/maps/place/Harold's+Cabin/data=!4m2!3m1!1s0x88fe7a4f0abb3a4d:0x5e9471e0721e0af0,Harold's Cabin,restaurant,want to go,
Charleston,32.8032739,-79.9540998,https://www.google.com/maps/place/Herd+Provisions/data=!4m2!3m1!1s0x88fe7bd0a03b7af7:0x2ff8abcf3afadd2a,Herd Provisions,restaurant,want to go,
Charleston,32.7969521,-79.9976498,https://www.google.com/maps/place/Home+Team+BBQ/data=!4m2!3m1!1s0x88fe7b8e1d6fcc97:0x8b166c7fcbf8e915,Home Team BBQ,bar,want to go,
Charleston,32.7930457,-79.9432558,https://www.google.com/maps/place/Island+Provisions+-+Downtown+Charleston/data=!4m2!3m1!1s0x88fe7b71ac48894f:0x71ae3363212d433,Island Provisions - Downtown Charleston,cafe,want to go,
Charleston,32.7769636,-79.9294795,https://www.google.com/maps/place/Le+Chambertin/data=!4m2!3m1!1s0x88fe7bb05c4b77f5:0x7f17511c7105ac5c,Le Chambertin,bakery,want to go,
Charleston,32.7927748,-79.9417002,"https://www.google.com/maps/place/Malag%C3%B3n,+Mercado+y+Taper%C3%ADa/data=!4m2!3m1!1s0x88fe7b403735517b:0x6bf659b247dd808b","Malagón, Mercado y Tapería",restaurant,want to go,
Charleston,32.7810854,-79.9308698,https://www.google.com/maps/place/Market+Street+Sweets/data=!4m2!3m1!1s0x88fe7a120c99f96b:0x2557851abc618af,Market Street Sweets,shop,want to go,
Charleston,32.792823,-79.9410177,https://www.google.com/maps/place/MESU/data=!4m2!3m1!1s0x88fe7b39c61a3695:0x971dde8e790f24af,MESU,restaurant,want to go,
Charleston,32.8180384,-79.9509893,https://www.google.com/maps/place/Munkle+Brewing+co./data=!4m2!3m1!1s0x88fe7af05c82ee25:0x899fd30bb55ca862,Munkle Brewing co.,bar,want to go,
Charleston,32.7795795,-79.9269638,https://www.google.com/maps/place/Poogan's+Smokehouse/data=!4m2!3m1!1s0x88fe7a42dca65311:0x83ee7f95bc618901,Poogan's Smokehouse,bar,want to go,
Charleston,32.7927874,-79.94097479999999,https://www.google.com/maps/place/Pour+Taproom:+Charleston/data=!4m2!3m1!1s0x88fe7a69e8d51247:0x383ba6772f5b8847,Pour Taproom: Charleston,bar,want to go,
Charleston,32.7994813,-79.95016079999999,https://www.google.com/maps/place/Renzo/data=!4m2!3m1!1s0x88fe7a5ae04f3e6d:0x4fded71beaafac33,Renzo,restaurant,want to go,
Charleston,32.8034471,-79.9512073,https://www.google.com/maps/place/Rodney+Scott's+BBQ+-+Charleston/data=!4m2!3m1!1s0x88fe7a5a21e429f9:0x65e6676ca46c72fe,Rodney Scott's BBQ - Charleston,bar,want to go,
Charleston,32.779021,-79.92618399999999,https://www.google.com/maps/place/The+Griffon/data=!4m2!3m1!1s0x88fe7a0ea1c79ff5:0x6591bbe39e272790,The Griffon,restaurant,want to go,
Charleston,32.8218475,-79.9525651,https://www.google.com/maps/place/Tradesman+Brewing+Company/data=!4m2!3m1!1s0x88fe797b69b35783:0x66cab566b9b3734b,Tradesman Brewing Company,bar,want to go,
Charleston,32.7770593,-79.9744855,https://www.google.com/maps/place/YoBo+Cantina+Fresca/data=!4m2!3m1!1s0x88fe7bd01a86bf13:0xb43ac41a4a7129ec,YoBo Cantina Fresca,restaurant,want to go,
Charleston,32.7907583,-79.9400821,https://www.google.com/maps/place/The+Nickel+Hotel/data=!4m2!3m1!1s0x88fe7b2745096b3b:0x18fd448ac483aa5c,The Nickel Hotel,hotel,want to go,
Charleston,32.781706,-79.9288842,https://www.google.com/maps/place/Anson+Restaurant/data=!4m2!3m1!1s0x88fe7a0da3a87d5f:0xf24ab1774ec23f46,Anson Restaurant,restaurant,want to go,
Charleston,32.79770189999999,-79.94530499999999,https://www.google.com/maps/place/Welton's+Tiny+Bakeshop/data=!4m2!3m1!1s0x88fe7b009cbee835:0x9d90cb77a19a589f,Welton's Tiny Bakeshop,shop,want to go,
Charleston,32.816678,-79.9530807,https://www.google.com/maps/place/Workshop/data=!4m2!3m1!1s0x88fe7af0eb411685:0x17061e336b595bfc,Workshop,shop,want to go,
Charleston,32.794682099999996,-80.0234503,https://www.google.com/maps/place/Broken+Lantern+Tattoo/data=!4m2!3m1!1s0x88fe7c6d84e6363d:0x3e9ddceae7377c0e,Broken Lantern Tattoo,tattoo,want to go,
Charlotte,35.220188799999995,-80.81281,https://www.google.com/maps/place/CLTCH/data=!4m2!3m1!1s0x8856a000e212a6eb:0xa407fe0537fffc6b,CLTCH,shop,favorite,true
Charlotte,35.176345100000006,-80.8804579,https://www.google.com/maps/place/Just+For+Pleasure/data=!4m2!3m1!1s0x88569edf0b789077:0x11a41192cf1376da,Just For Pleasure,shop,favorite,
Charlotte,35.209035199999995,-80.86094489999999,https://www.google.com/maps/place/Living+Kitchen/data=!4m2!3m1!1s0x88569f709713cb45:0xe8e238f1c5e6b6dc,Living Kitchen,restaurant,favorite,true
Charlotte,35.1975634,-80.8529258,https://www.google.com/maps/place/Ru+San's/data=!4m2!3m1!1s0x88569fa020d25233:0x75be65f01459c060,Ru San's,restaurant,favorite,
Charlotte,35.0788563,-80.8179279,https://www.google.com/maps/place/Trader+Joe's/data=!4m2!3m1!1s0x88569d7bb2299081:0xe462f280e4183b86,Trader Joe's,shop,favorite,
Charlotte,35.2093298,-80.8608421,https://www.google.com/maps/place/Not+Just+Coffee/data=!4m2!3m1!1s0x88569f7099b49cd5:0x50a69c6409e3223f,Not Just Coffee,cafe,want to go,
Charlotte,35.2464282,-80.8334412,https://www.google.com/maps/place/Camp+North+End/data=!4m2!3m1!1s0x8856a04214349fcd:0xf8eedd297ee5001c,Camp North End,shop,want to go,
Charlotte,35.1741736,-80.8468692,https://www.google.com/maps/place/Dot+Dot+Dot/data=!4m2!3m1!1s0x88569e5343c8f343:0xdebbc4e317631a68,Dot Dot Dot,bar,want to go,
Charlotte,35.2466027,-80.806223,https://www.google.com/maps/place/Haberdish/data=!4m2!3m1!1s0x88541fd9a3011cad:0xc6c0c57920184672,Haberdish,restaurant,want to go,
Charlotte,35.2483475,-80.8063243,https://www.google.com/maps/place/Idlewild/data=!4m2!3m1!1s0x88541f3228f8a2f5:0xbe0b54d28d2135be,Idlewild,bar,want to go,
Charlotte,35.247307899999996,-80.8053892,https://www.google.com/maps/place/JackBeagle's+Noda/data=!4m2!3m1!1s0x88541fd9ecdd8ec3:0xacc56c7f696575f5,JackBeagle's Noda,bar,want to go,
Charlotte,35.24572630000001,-80.83391689999999,https://www.google.com/maps/place/Leah+%26+Louise/data=!4m2!3m1!1s0x8856a145c4af1f01:0xc82ad2e6a948e0e7,Leah & Louise,restaurant,want to go,
Charlotte,35.1939361,-80.7822736,https://www.google.com/maps/place/Mane+Vibe+Collective/data=!4m2!3m1!1s0x8854211fe24afb65:0x3b0f2018156c2a69,Mane Vibe Collective,other,want to go,
Charlotte,35.1748275,-80.8776877,https://www.google.com/maps/place/Micro+Center/data=!4m2!3m1!1s0x88569f7243265305:0x6aab698324ab441a,Micro Center,shop,want to go,
Charlotte,35.2342197,-80.8276035,https://www.google.com/maps/place/Optimist+Hall/data=!4m2!3m1!1s0x8856a188cb966c2f:0x2cec44bfc5a5c609,Optimist Hall,other,want to go,
Charlotte,35.2291253,-80.8674676,https://www.google.com/maps/place/Pinky's+Westside+Grill/data=!4m2!3m1!1s0x8856a1daf730e2f1:0xcbd18963bca12a84,Pinky's Westside Grill,restaurant,want to go,
Charlotte,35.1728137,-80.84688229999999,https://www.google.com/maps/place/ROCKSALT/data=!4m2!3m1!1s0x88569e5308223c5d:0x5d1832646212301a,ROCKSALT,restaurant,want to go,
Charlotte,35.2275712,-80.84109959999999,https://www.google.com/maps/place/Sea+Level+NC/data=!4m2!3m1!1s0x8856a02511c53fdf:0xa1f29c17714963f5,Sea Level NC,restaurant,want to go,
Charlotte,35.2189693,-80.8105058,https://www.google.com/maps/place/Supperland/data=!4m2!3m1!1s0x8856a184baadf015:0x2358e5001476239c,Supperland,restaurant,want to go,
Charlotte,35.226008,-80.846744,https://www.google.com/maps/place/The+Cotton+Room+at+Belfast+Mill/data=!4m2!3m1!1s0x8856a02ee7dd99b9:0x3c57fff1bfbcf57d,The Cotton Room at Belfast Mill,bar,want to go,
Charlotte,35.212595,-80.8179459,https://www.google.com/maps/place/The+Crunkleton/data=!4m2!3m1!1s0x88569f0788d50c19:0xb6f32001406bcb8c,The Crunkleton,bar,want to go,
Charlotte,35.2385921,-80.81608659999999,https://www.google.com/maps/place/The+Hobbyist/data=!4m2!3m1!1s0x8856a1f06b1f9883:0xe7f16500fa094235,The Hobbyist,cafe,want to go,
Charlotte,35.2483475,-80.8063243,https://www.google.com/maps/place/The+Ugly/data=!4m2!3m1!1s0x88541f51e8a70d03:0x24067631c9c361f5,The Ugly,bar,want to go,
Charlotte,35.2157175,-80.85324589999999,https://www.google.com/maps/place/The+Union/data=!4m2!3m1!1s0x88569f81c10db373:0x40bad66ae28b1796,The Union,bar,want to go,
Charlotte,35.2213198,-80.81729899999999,https://www.google.com/maps/place/Thirsty+Beaver+Saloon/data=!4m2!3m1!1s0x8856a00393f050a5:0xdb02cf732e06a2b0,Thirsty Beaver Saloon,bar,want to go,
Charlotte,35.2875467,-80.7702764,https://www.google.com/maps/place/Topgolf/data=!4m2!3m1!1s0x88541f9539966589:0xcf0363f0b970f545,Topgolf,restaurant,want to go,
Charlotte,35.224383599999996,-80.8169599,https://www.google.com/maps/place/Two+Buck+Saloon/data=!4m2!3m1!1s0x8856a00447f868df:0x4b280dce5400a58f,Two Buck Saloon,bar,want to go,
Chatuchak,13.7986229,100.5480905,https://www.google.com/maps/place/DD+Mall/data=!4m2!3m1!1s0x30e29c1443c28043:0xf2a01ffc2ca9f9ba,DD Mall,shop,favorite,
Chertsey,51.4051002,-0.5123911999999999,https://www.google.com/maps/place/Thorpe+Park/data=!4m2!3m1!1s0x48767778e8450561:0x72f8e255f2176e29,Thorpe Park,park,favorite,
Cheyenne,41.1596817,-104.8026031,https://www.google.com/maps/place/Peppermill+Bar+and+Liquors/data=!4m2!3m1!1s0x876f3a55b3d7a693:0x917456d92207b157,Peppermill Bar and Liquors,bar,want to go,
Cheyenne,41.1718676,-104.8180709,https://www.google.com/maps/place/Two+Bar+Bowl/data=!4m2!3m1!1s0x876f3a4115b3619b:0x7d834b7bff377118,Two Bar Bowl,bar,want to go,
Cheyenne,41.1385795,-104.7663472,https://www.google.com/maps/place/Shari's+Cafe+%26+Pies/data=!4m2!3m1!1s0x876f3b43174be2bd:0x75ac5bd0615cb01c,Shari's Cafe & Pies,cafe,want to go,
Cheyenne,41.131904,-104.81409599999999,https://www.google.com/maps/place/Accomplice+Beer+Company/data=!4m2!3m1!1s0x876f3ac384cfcc9b:0xfb3bba6189d379af,Accomplice Beer Company,other,want to go,
Cheyenne,41.158708,-104.8049277,https://www.google.com/maps/place/L'Osteria+Mondello/data=!4m2!3m1!1s0x876f3a55d04526c3:0xa3f97da5cdcd7356,L'Osteria Mondello,restaurant,want to go,
Cheyenne,41.1826669,-104.835521,https://www.google.com/maps/place/MrJims.Pizza/data=!4m2!3m1!1s0x876f3a0564a8e591:0x2640d00d45eb62b1,MrJims.Pizza,other,want to go,
Cheyenne,41.159127,-104.799054,https://www.google.com/maps/place/Old+Chicago/data=!4m2!3m1!1s0x876f3a554bacf2c7:0x7f35c36ac2189b80,Old Chicago,restaurant,want to go,
Cheyenne,41.159096999999996,-104.802612,https://www.google.com/maps/place/Penny's+Diner/data=!4m2!3m1!1s0x876f3a55a12355b7:0x6a72d8092f43ae92,Penny's Diner,other,want to go,
Cheyenne,41.1745788,-104.82791600000002,"https://www.google.com/maps/place/Uncle+Charlie's+Package+Liquor,+Grill+%26+Tavern/data=!4m2!3m1!1s0x876f3a14a7ce2c47:0x6685966798568d40","Uncle Charlie's Package Liquor, Grill & Tavern",bar,want to go,
Chicago,41.940213799999995,-87.6426718,https://www.google.com/maps/place/Belmont+Tower+Apartments/data=!4m2!3m1!1s0x880fd3a3fcb76be3:0xd57a54980f94afd6,Belmont Tower Apartments,art,favorite,
Chicago,41.973117099999996,-87.6588621,https://www.google.com/maps/place/Chiu+Quon+Bakery/data=!4m2!3m1!1s0x880fd22ada5674d3:0xbc99c8f0eed77c42,Chiu Quon Bakery,bakery,favorite,
Chicago,41.9376968,-87.6444973,https://www.google.com/maps/place/Dram+Shop/data=!4m2!3m1!1s0x880fd3a6df8bcaa7:0x4116267cef8a040d,Dram Shop,bar,favorite,
Chicago,41.884636,-87.6492348,https://www.google.com/maps/place/Grange+Hall+Burger+Bar/data=!4m2!3m1!1s0x880e2cdabf3b9f6f:0xe28e9cb4cf562cda,Grange Hall Burger Bar,bar,favorite,true
Chicago,41.975817,-87.6685797,https://www.google.com/maps/place/Hopleaf/data=!4m2!3m1!1s0x880fd1881b07be2f:0x183fa797e81c0b64,Hopleaf,bar,favorite,
Chicago,41.925148300000004,-87.6881745,https://www.google.com/maps/place/Logan+Arcade/data=!4m2!3m1!1s0x880fd29aa28c433d:0x70e42de27f7ec47f,Logan Arcade,bar,favorite,
Chicago,41.9544231,-87.6696958,https://www.google.com/maps/place/Long+Room+Chicago/data=!4m2!3m1!1s0x880fd2479719db69:0x23a8dbcf77a2eaab,Long Room Chicago,bar,favorite,
Chicago,41.8837509,-87.6487277,https://www.google.com/maps/place/Maude's+Liquor+Bar/data=!4m2!3m1!1s0x880e2cdab91fb18f:0x351e00893fe73598,Maude's Liquor Bar,bar,favorite,
Chicago,41.9172977,-87.7072039,https://www.google.com/maps/place/Scofflaw/data=!4m2!3m1!1s0x880fcd67e349c561:0x945f1660bae150ae,Scofflaw,bar,favorite,
Chicago,41.9355571,-87.7052853,https://www.google.com/maps/place/Small+Bar/data=!4m2!3m1!1s0x880fcd78667926c9:0x621fa3d9db6425b1,Small Bar,bar,favorite,
Chicago,41.8901494,-87.6550042,https://www.google.com/maps/place/The+Aberdeen+Tap/data=!4m2!3m1!1s0x880e2cd6906e76c3:0xbd079b1074f91827,The Aberdeen Tap,bar,favorite,
Chicago,41.9004139,-87.6867377,https://www.google.com/maps/place/The+Empty+Bottle/data=!4m2!3m1!1s0x880fd2b2124ce047:0x4a5c70717b774515,The Empty Bottle,bar,favorite,
Chicago,41.9272389,-87.70406109999999,https://www.google.com/maps/place/The+Owl/data=!4m2!3m1!1s0x880fcd7b3a701d07:0x244e8748e6f52f69,The Owl,bar,favorite,
Chicago,41.925377,-87.701037,https://www.google.com/maps/place/The+Whistler/data=!4m2!3m1!1s0x880fcd633e9dd16d:0x32fb26f9697a2914,The Whistler,bar,favorite,
Chicago,41.8957142,-87.67677300000001,https://www.google.com/maps/place/Atomix+Cafe/data=!4m2!3m1!1s0x880e2d3549a969cf:0x4d3537f0ae8fa001,Atomix Cafe,cafe,favorite,
Chicago,41.9245667,-87.69979149999999,https://www.google.com/maps/place/Gaslight+Coffee+Roasters/data=!4m2!3m1!1s0x880fcd62fcc09c0b:0x4b446755eaaec633,Gaslight Coffee Roasters,cafe,favorite,
Chicago,41.890970499999995,-87.6564453,https://www.google.com/maps/place/Gaudi+Cafe/data=!4m2!3m1!1s0x880fd2db47ad6e85:0xce4860364e894416,Gaudi Cafe,cafe,favorite,true
Chicago,41.927936100000004,-87.70532779999999,https://www.google.com/maps/place/New+Wave+Coffee/data=!4m2!3m1!1s0x880fcd7ae0dfde29:0x16086033ccd96c68,New Wave Coffee,cafe,favorite,
Chicago,41.9712284,-87.668092,https://www.google.com/maps/place/Pick+Me+Up+Cafe/data=!4m2!3m1!1s0x880fd3adc484630b:0x842667843867fd16,Pick Me Up Cafe,cafe,favorite,
Chicago,41.9084133,-87.6746028,https://www.google.com/maps/place/The+Wormhole+Coffee/data=!4m2!3m1!1s0x880fd2c659f78e63:0xdbccde2384438e52,The Wormhole Coffee,cafe,favorite,
Chicago,41.9027654,-87.6774691,https://www.google.com/maps/place/Rainbo+Club/data=!4m2!3m1!1s0x880fd2c9db9def9d:0x4416c46ff6b9ae79,Rainbo Club,club,favorite,
Chicago,41.898989900000004,-87.6872016,https://www.google.com/maps/place/Sportsman's+Club/data=!4m2!3m1!1s0x880fd2b27d408529:0xbe6609eaa46e7e34,Sportsman's Club,club,favorite,
Chicago,41.97392699999999,-87.66834999999999,https://www.google.com/maps/place/Chicago+Magic+Lounge/data=!4m2!3m1!1s0x880fd22d2836f0a7:0x5652164aa381d18d,Chicago Magic Lounge,experience,favorite,
Chicago,41.8843773,-87.6626888,https://www.google.com/maps/place/bellyQ/data=!4m2!3m1!1s0x880e2d266e27b42f:0x1ee95f781d33b5ce,bellyQ,restaurant,favorite,true
Chicago,41.9400139,-87.6536833,https://www.google.com/maps/place/Berlin/data=!4m2!3m1!1s0x880fd3abfa2cffe7:0x730858a00eceea28,Berlin,club,favorite,true
Chicago,41.8904381,-87.6307909,https://www.google.com/maps/place/Bottlefork/data=!4m2!3m1!1s0x880e2cb22ab130bd:0x844d69c0d07c9558,Bottlefork,bar,favorite,true
Chicago,41.9034633,-87.67059669999999,https://www.google.com/maps/place/Buck's/data=!4m2!3m1!1s0x880fd2cf002c5bc1:0x74659200eb52f85e,Buck's,restaurant,favorite,true
Chicago,41.8863126,-87.66672340000001,https://www.google.com/maps/place/Cobra+Lounge/data=!4m2!3m1!1s0x880e2d2ff5106427:0x6a5613be43eeca44,Cobra Lounge,bar,favorite,
Chicago,41.9321564,-87.707207,https://www.google.com/maps/place/Common+Decency/data=!4m2!3m1!1s0x880fcdd545a71f1d:0xa525c6bb246eb9b9,Common Decency,bar,favorite,
Chicago,41.9320889,-87.7156646,https://www.google.com/maps/place/Consignment+Lounge/data=!4m2!3m1!1s0x880fcd405285e2e5:0x83eed1bedfbe98b7,Consignment Lounge,bar,favorite,
Chicago,41.886578199999995,-87.6558773,https://www.google.com/maps/place/Designkitchen/data=!4m2!3m1!1s0x880e2cd79d854e4f:0x8ef2f7757129d79b,Designkitchen,restaurant,favorite,true
Chicago,41.857800000000005,-87.6574472,https://www.google.com/maps/place/Dusek's+Tavern/data=!4m2!3m1!1s0x880e2cffdb10a45b:0xdb065b7311a782e3,Dusek's Tavern,restaurant,favorite,true
Chicago,41.9105032,-87.6609761,https://www.google.com/maps/place/Exit/data=!4m2!3m1!1s0x880fd2d92c54d5f1:0xc0af88637bb37311,Exit,bar,favorite,true
Chicago,41.8812515,-87.66490220000001,https://www.google.com/maps/place/Harold's+Chicken+Shack+West+Loop/data=!4m2!3m1!1s0x880e2cc4d7c9a243:0xdcd8c62fa7bed7a6,Harold's Chicken Shack West Loop,restaurant,favorite,
Chicago,41.94262620000001,-87.7027478,https://www.google.com/maps/place/Honey+Butter+Fried+Chicken/data=!4m2!3m1!1s0x880fcd841f988f8d:0x17bc173396bd3c7a,Honey Butter Fried Chicken,restaurant,favorite,
Chicago,41.886443099999994,-87.6562683,https://www.google.com/maps/place/Jupiter+Outpost/data=!4m2!3m1!1s0x880e2cd79add5147:0xfb6518bef2e2b780,Jupiter Outpost,cafe,favorite,true
Chicago,41.930085299999995,-87.7071462,https://www.google.com/maps/place/Longman+%26+Eagle/data=!4m2!3m1!1s0x880fcd7a744c6fcf:0x5a6d19e5debc9ae6,Longman & Eagle,restaurant,favorite,
Chicago,41.891308300000006,-87.6471248,https://www.google.com/maps/place/Orange+On+Grand/data=!4m2!3m1!1s0x880e2ccde8775fdb:0xed6bb2b42dddc461,Orange On Grand,restaurant,favorite,true
Chicago,41.9176144,-87.7013261,https://www.google.com/maps/place/Parson's+Chicken+%26+Fish/data=!4m2!3m1!1s0x880fcd60be6f0931:0x5a39529752594fcd,Parson's Chicken & Fish,restaurant,favorite,
Chicago,41.8577778,-87.6575,https://www.google.com/maps/place/Punch+House/data=!4m2!3m1!1s0x880e2cffc4bb9827:0xdfedbce481397464,Punch House,bar,favorite,
Chicago,41.9236634,-87.6980619,https://www.google.com/maps/place/Revolution+Brewing+-+Brewpub/data=!4m2!3m1!1s0x880fcd62652c1ab3:0xb8b89b5279dbbb1f,Revolution Brewing - Brewpub,bar,favorite,true
Chicago,41.858238899999996,-87.65105059999999,https://www.google.com/maps/place/Simone's/data=!4m2!3m1!1s0x880e2cf8f9586635:0x14d929f2b6402c66,Simone's,bar,favorite,
Chicago,41.8902778,-87.6319206,https://www.google.com/maps/place/Slurping+Turtle/data=!4m2!3m1!1s0x880e2cb16189c1cb:0xeddc059220be2c4a,Slurping Turtle,restaurant,favorite,true
Chicago,41.893924,-87.62459729999999,https://www.google.com/maps/place/Starbucks+Reserve+Roastery/data=!4m2!3m1!1s0x880e2d35347bc2d7:0xc65e03cf5d97331e,Starbucks Reserve Roastery,cafe,favorite,
Chicago,41.937674,-87.644542,https://www.google.com/maps/place/Taco+%26+Burrito+House/data=!4m2!3m1!1s0x880fd3a71fe1bf49:0xa265deec0c2714fd,Taco & Burrito House,restaurant,favorite,
Chicago,41.932164500000006,-87.7071704,https://www.google.com/maps/place/Thank+You/data=!4m2!3m1!1s0x880fcd79fb584889:0xcf239bbfa38055c0,Thank You,restaurant,favorite,true
Chicago,41.9388084,-87.6939603,https://www.google.com/maps/place/The+Alley+Chicago/data=!4m2!3m1!1s0x880fd3aecde61549:0xdf231ffd7012e2eb,The Alley Chicago,shop,favorite,
Chicago,41.9034746,-87.66806009999999,https://www.google.com/maps/place/The+Bedford/data=!4m2!3m1!1s0x880fd2ce2af178cd:0xec1434052561715f,The Bedford,restaurant,favorite,true
Chicago,41.922080199999996,-87.6975106,https://www.google.com/maps/place/The+Boiler+Room/data=!4m2!3m1!1s0x880fcd62086f7b99:0x6c0500e1c4676f7d,The Boiler Room,restaurant,favorite,true
Chicago,41.9330919,-87.71350939999999,https://www.google.com/maps/place/The+Brewed/data=!4m2!3m1!1s0x880fcd50545a699b:0x576c581191c23383,The Brewed,cafe,favorite,
Chicago,41.882342,-87.640508,https://www.google.com/maps/place/The+Eastman+Egg+Company/data=!4m2!3m1!1s0x880e2cbab1c3fb73:0xa4fb0868a635b19c,The Eastman Egg Company,shop,favorite,true
Chicago,41.8866349,-87.6488498,https://www.google.com/maps/place/The+Publican/data=!4m2!3m1!1s0x880e2cd014413b8d:0x195c50e4d3e200f1,The Publican,restaurant,favorite,
Chicago,41.9090947,-87.6775758,https://www.google.com/maps/place/The+Violet+Hour/data=!4m2!3m1!1s0x880fd2c77b913b6b:0x38233fc388c1e225,The Violet Hour,bar,favorite,true
Chicago,41.8912694,-87.6585722,https://www.google.com/maps/place/Twisted+Spoke/data=!4m2!3m1!1s0x880e2d2a04f7d1d1:0x82c9bf6155fe89f1,Twisted Spoke,bar,favorite,true
Chicago,41.922940999999994,-87.69762539999999,https://www.google.com/maps/place/Vas+Foremost+Liquors/data=!4m2!3m1!1s0x880fcd6271b61ae9:0xd06abac681b2ec36,Vas Foremost Liquors,shop,favorite,
Chicago,41.933594,-87.70718699999999,https://www.google.com/maps/place/Yusho/data=!4m2!3m1!1s0x880fcd79d630d8e5:0x783a773a20ac0c88,Yusho,restaurant,favorite,true
Chicago,41.9321564,-87.707207,https://www.google.com/maps/place/Lost+Lake/data=!4m2!3m1!1s0x880fcd79fcd999db:0x87ba62e518b6fbb6,Lost Lake,park,favorite,true
Chicago,41.909372499999996,-87.6772728,https://www.google.com/maps/place/Big+Star+Wicker+Park/data=!4m2!3m1!1s0x880fd2c76fc30bc3:0x50a58e733b2a9e6f,Big Star Wicker Park,restaurant,favorite,
Chicago,41.9085194,-87.6748528,https://www.google.com/maps/place/Bongo+Room/data=!4m2!3m1!1s0x880fd2c657e37923:0x481c7792c726a2d9,Bongo Room,restaurant,favorite,
Chicago,41.892311899999996,-87.6232079,https://www.google.com/maps/place/Ed+Debevic's/data=!4m2!3m1!1s0x880e2de756230de3:0x99621bcec30a3d22,Ed Debevic's,restaurant,favorite,
Chicago,41.93229329999999,-87.68832619999999,https://www.google.com/maps/place/Golden+Nugget+Pancake+House/data=!4m2!3m1!1s0x880fd286176e5e4d:0x325d9ad690d5c89c,Golden Nugget Pancake House,restaurant,favorite,
Chicago,41.930258099999996,-87.7096675,https://www.google.com/maps/place/Mr.+E's/data=!4m2!3m1!1s0x880fcddaffa953dd:0x5ec1b8fb50ee1a94,Mr. E's,restaurant,favorite,
Chicago,41.9440107,-87.6491327,https://www.google.com/maps/place/The+Chicago+Diner+-+Lakeview/data=!4m2!3m1!1s0x880fd3af9525822f:0x3fa01736e19c8180,The Chicago Diner - Lakeview,restaurant,favorite,
Chicago,41.930819199999995,-87.7094769,https://www.google.com/maps/place/Lost+Girls+Vintage/data=!4m2!3m1!1s0x880fcde7df36a3fd:0xac4d2274301a6a31,Lost Girls Vintage,shop,favorite,
Chicago,41.930756599999995,-87.7095605,https://www.google.com/maps/place/Luvsick+Plus/data=!4m2!3m1!1s0x880fcd876c9d5cf5:0x3b931d27a3ac51b0,Luvsick Plus,shop,favorite,
Chicago,41.98012899999999,-87.668463,https://www.google.com/maps/place/The+Brown+Elephant+-+Andersonville/data=!4m2!3m1!1s0x880fd188adb2c69f:0x3accc77b86355ff,The Brown Elephant - Andersonville,shop,favorite,
Chicago,41.93275469999999,-87.7140867,https://www.google.com/maps/place/Vintage+Frills/data=!4m2!3m1!1s0x880fcd66b58e3293:0x6fb19ebf1fa440f2,Vintage Frills,shop,favorite,
Chicago,41.8513689,-87.63168449999999,https://www.google.com/maps/place/Chiu+Quon+Bakery+%26+Dim+Sum/data=!4m2!3m1!1s0x880e2c63eb4d0e4d:0x14507aeaaed593c9,Chiu Quon Bakery & Dim Sum,bakery,want to go,
Chicago,41.9110653,-87.67807909999999,https://www.google.com/maps/place/Mindy%E2%80%99s+Bakery/data=!4m2!3m1!1s0x880fd2c07db953b7:0xd5c218147b8b77cc,Mindy’s Bakery,bakery,want to go,
Chicago,41.9319436,-87.702094,https://www.google.com/maps/place/The+Bakery+at+Fat+Rice/data=!4m2!3m1!1s0x880fcd7eae60cedd:0xe2ae44779c1bf325,The Bakery at Fat Rice,bakery,want to go,
Chicago,41.91017050000001,-87.68529699999999,https://www.google.com/maps/place/Handlebar/data=!4m2!3m1!1s0x880fd2bb7593386f:0x8b1005c2772062aa,Handlebar,bar,want to go,
Chicago,41.922605499999996,-87.69751579999999,https://www.google.com/maps/place/Logan+11+Bar+%26+Kitchen/data=!4m2!3m1!1s0x880fd29df515485d:0xc2446fb4bdf75c2d,Logan 11 Bar & Kitchen,bar,want to go,
Chicago,41.890967599999996,-87.6469631,https://www.google.com/maps/place/Richard's+Bar/data=!4m2!3m1!1s0x880e2ccdde7f43b3:0xf899c44f281c3020,Richard's Bar,bar,want to go,
Chicago,41.9498373,-87.6589377,https://www.google.com/maps/place/Smartbar/data=!4m2!3m1!1s0x880fd24ca540cef7:0x11aff21463129dbb,Smartbar,bar,want to go,
Chicago,41.8894411,-87.6342875,https://www.google.com/maps/place/Bow+Truss+Coffee+Roasters/data=!4m2!3m1!1s0x880e2cb6b98754f3:0x8bcd91c41a9bc776,Bow Truss Coffee Roasters,cafe,want to go,
Chicago,41.9322796,-87.7034855,https://www.google.com/maps/place/Four+Letter+Word+Coffee/data=!4m2!3m1!1s0x880fcd72160f9f83:0x2aab093da61c3b42,Four Letter Word Coffee,cafe,want to go,
Chicago,41.927658300000004,-87.7067917,https://www.google.com/maps/place/Lula+Cafe/data=!4m2!3m1!1s0x880fcd7aa8f9bafb:0xd9e40b3189296282,Lula Cafe,cafe,want to go,
Chicago,41.86795610000001,-87.6419647,https://www.google.com/maps/place/Manny's+Cafeteria+%26+Delicatessen/data=!4m2!3m1!1s0x880e2cedb630481d:0x2dd3bc65b46edd5,Manny's Cafeteria & Delicatessen,cafe,want to go,
Chicago,41.94087999999999,-87.669641,https://www.google.com/maps/place/Northdown+Cafe+and+Taproom/data=!4m2!3m1!1s0x880fd25a2703bfc3:0x7a1d452f987cc2,Northdown Cafe and Taproom,cafe,want to go,
Chicago,41.8691917,-87.660709,https://www.google.com/maps/place/Sweet+Maple+Cafe/data=!4m2!3m1!1s0x880e2d1c4d9cb853:0x674851c712db59cb,Sweet Maple Cafe,cafe,want to go,
Chicago,41.884720900000005,-87.6228606,https://www.google.com/maps/place/Wildberry+Pancakes+%26+Cafe/data=!4m2!3m1!1s0x880e2ca61afe006f:0x952fc2ea4e453f15,Wildberry Pancakes & Cafe,cafe,want to go,
Chicago,41.895714999999996,-87.6670189,https://www.google.com/maps/place/Pep+Club+Vintage/data=!4m2!3m1!1s0x880e2d7170ee508d:0xcd0cab51ea1aa48a,Pep Club Vintage,club,want to go,
Chicago,41.9343552,-87.7173945,https://www.google.com/maps/place/Podlasie+Club/data=!4m2!3m1!1s0x880fcd0ad4569c83:0x8b478c881624b9d5,Podlasie Club,club,want to go,
Chicago,41.8887712,-87.6284826,https://www.google.com/maps/place/Tortoise+Supper+Club/data=!4m2!3m1!1s0x880e2cae2a379393:0x965b841a3de1d890,Tortoise Supper Club,club,want to go,
Chicago,41.885271499999995,-87.6583823,https://www.google.com/maps/place/Tribe+Supper+Club/data=!4m2!3m1!1s0x880e2d13d882c633:0x200474bf872295e7,Tribe Supper Club,club,want to go,
Chicago,41.9416879,-87.72847809999999,https://www.google.com/maps/place/3+Little+Pigs+Chi/data=!4m2!3m1!1s0x880fcdc59c9fb3bd:0xc7c2eb1045f966bd,3 Little Pigs Chi,restaurant,want to go,
Chicago,41.89225340000001,-87.63431729999999,https://www.google.com/maps/place/Al's+%231+Italian+Beef/data=!4m2!3m1!1s0x880e2cb4866e9067:0x7e16917b67662874,Al's #1 Italian Beef,shop,want to go,
Chicago,41.8846303,-87.64758719999999,https://www.google.com/maps/place/Au+Cheval/data=!4m2!3m1!1s0x880e2cc54672c3ef:0xceb6eb8362b20ae8,Au Cheval,restaurant,want to go,
Chicago,41.8938571,-87.6329428,https://www.google.com/maps/place/avec+River+North/data=!4m2!3m1!1s0x880e2d6639da3bd5:0x32fc717dbc2fe25b,avec River North,restaurant,want to go,
Chicago,41.937575599999995,-87.7217282,https://www.google.com/maps/place/Avondale+Bowl/data=!4m2!3m1!1s0x880fcda0b056848f:0x740ef65e88682a7b,Avondale Bowl,bar,want to go,
Chicago,41.895337999999995,-87.624932,https://www.google.com/maps/place/BALENCIAGA/data=!4m2!3m1!1s0x880fd3d8fea53811:0xa77ac37109e91a98,BALENCIAGA,shop,want to go,
Chicago,41.9527447,-87.73116019999999,https://www.google.com/maps/place/Banana+Nail+Supply/data=!4m2!3m1!1s0x880fcd442f4a7509:0x47fc49a074c4544b,Banana Nail Supply,nail salon,want to go,
Chicago,41.9278184,-87.7065093,https://www.google.com/maps/place/Billy+Sunday/data=!4m2!3m1!1s0x880fcd7abd88646b:0xcd7a48c83082faac,Billy Sunday,bar,want to go,
Chicago,41.85810089999999,-87.65979,https://www.google.com/maps/place/Birreria+Reyes+de+Ocotlan/data=!4m2!3m1!1s0x880e2d00457228dd:0x358c626807e0a761,Birreria Reyes de Ocotlan,restaurant,want to go,
Chicago,41.9086887,-87.6750461,https://www.google.com/maps/place/Buffalo+Exchange/data=!4m2!3m1!1s0x880fd2c6ff32ee85:0x877dfc3ee2eec94e,Buffalo Exchange,shop,want to go,
Chicago,41.9543205,-87.6552548,https://www.google.com/maps/place/Byron's+Hot+Dogs/data=!4m2!3m1!1s0x880fd3b59b8dd875:0x12e6bceb1deb0be1,Byron's Hot Dogs,restaurant,want to go,
Chicago,41.722645899999996,-87.54397399999999,https://www.google.com/maps/place/Calumet+Fisheries/data=!4m2!3m1!1s0x880e27f730308571:0x24a360a3958339a3,Calumet Fisheries,restaurant,want to go,
Chicago,41.884638200000005,-87.6422109,https://www.google.com/maps/place/CH+Distillery/data=!4m2!3m1!1s0x880e2cc66cf05f93:0xb18cbde7fd20db7a,CH Distillery,restaurant,want to go,
Chicago,41.881763,-87.6248395,https://www.google.com/maps/place/Cindy's+Rooftop/data=!4m2!3m1!1s0x880e2ca438da8679:0xf13603c820e09a7c,Cindy's Rooftop,restaurant,want to go,
Chicago,41.885457099999996,-87.634119,https://www.google.com/maps/place/Cleo%E2%80%99s+Southern+Cuisine/data=!4m2!3m1!1s0x880e2db8056e445f:0x790ca6bbab0c4ed,Cleo’s Southern Cuisine,restaurant,want to go,
Chicago,41.9106105,-87.6781632,https://www.google.com/maps/place/Clever+Coyote/data=!4m2!3m1!1s0x880fd34991b1c4f3:0xf8a0fdd822a4db79,Clever Coyote,bar,want to go,
Chicago,41.8845909,-87.6628581,https://www.google.com/maps/place/Coquette/data=!4m2!3m1!1s0x880e2d273d781f49:0x2c06aa6f5bc07f26,Coquette,restaurant,want to go,
Chicago,41.8853556,-87.65200829999999,https://www.google.com/maps/place/Do-Rite+Donuts+%26+Chicken/data=!4m2!3m1!1s0x880e2cda0dbcac5f:0xee51c823c53d4d92,Do-Rite Donuts & Chicken,shop,want to go,
Chicago,41.884467199999996,-87.6609002,https://www.google.com/maps/place/Elske/data=!4m2!3m1!1s0x880e2d264bef6449:0x90c1cff06b1fee13,Elske,restaurant,want to go,
Chicago,41.92569909999999,-87.7021929,https://www.google.com/maps/place/Estereo/data=!4m2!3m1!1s0x880fcd6359634d65:0x72b181ed65560d71,Estereo,bar,want to go,
Chicago,41.8959556,-87.6842456,https://www.google.com/maps/place/Fatso's+Last+Stand/data=!4m2!3m1!1s0x880e2d4cc8ae6fc5:0xefa34734451b0b97,Fatso's Last Stand,restaurant,want to go,
Chicago,41.9173097,-87.6587103,https://www.google.com/maps/place/Fatso's+Last+Stand/data=!4m2!3m1!1s0x880fd393e42763f7:0xb80281efe0877903,Fatso's Last Stand,other,want to go,
Chicago,41.890149,-87.6306219,https://www.google.com/maps/place/Firecakes+Donuts/data=!4m2!3m1!1s0x880e2cb1811d398b:0x67d5576b0e5633fb,Firecakes Donuts,shop,want to go,
Chicago,41.915033199999996,-87.6549124,https://www.google.com/maps/place/Franks+%E2%80%98N'+Dawgs/data=!4m2!3m1!1s0x880fd321c55ef96d:0xd74e66bb1de3eecc,Franks ‘N' Dawgs,restaurant,want to go,
Chicago,41.8961742,-87.6534255,https://www.google.com/maps/place/Gangnam+Market/data=!4m2!3m1!1s0x880fd32cb53fc5b7:0x3b40ae24bbdcbb99,Gangnam Market,shop,want to go,
Chicago,41.9172078,-87.7075821,https://www.google.com/maps/place/Giant/data=!4m2!3m1!1s0x880fcd6807b90f0d:0x3403561a8058f4f1,Giant,bar,want to go,
Chicago,41.9360044,-87.6632145,https://www.google.com/maps/place/Golden+Apple+Grill+%26+Breakfast+House/data=!4m2!3m1!1s0x880fd2560684138f:0xe2b4ab2a38773e06,Golden Apple Grill & Breakfast House,restaurant,want to go,
Chicago,41.8862684,-87.6502086,https://www.google.com/maps/place/Good+Ambler/data=!4m2!3m1!1s0x880e2dd2d043f10d:0x3fd0f4cf91a8895a,Good Ambler,cafe,want to go,
Chicago,41.889655,-87.6312732,https://www.google.com/maps/place/Havana+Grill/data=!4m2!3m1!1s0x880e2cb1708fc40d:0xd656771dafba193c,Havana Grill,restaurant,want to go,
Chicago,41.8578007,-87.65681769999999,https://www.google.com/maps/place/Honky+Tonk+BBQ+%2F+The+Tonk/data=!4m2!3m1!1s0x880e2cffc79eef4d:0x551f39151c31c16f,Honky Tonk BBQ / The Tonk,bar,want to go,
Chicago,41.9323607,-87.6981892,https://www.google.com/maps/place/IHOP/data=!4m2!3m1!1s0x880fcd7e16a687d3:0x148b2180bca4fd27,IHOP,restaurant,want to go,
Chicago,41.931942299999996,-87.6869081,https://www.google.com/maps/place/Jim's+Original/data=!4m2!3m1!1s0x880fd3632e40274b:0xf496910b9fb38986,Jim's Original,other,want to go,
Chicago,41.865691999999996,-87.645223,https://www.google.com/maps/place/Jim's+Original/data=!4m2!3m1!1s0x880e2cf1d7f17e1d:0xe44859df3e9f5311,Jim's Original,other,want to go,
Chicago,41.9174716,-87.68662049999999,https://www.google.com/maps/place/Jr%E2%80%99s+Red+Hots/data=!4m2!3m1!1s0x880fcd52e720b3eb:0xc764096cab0362cd,Jr’s Red Hots,other,want to go,
Chicago,41.939564399999995,-87.70044209999999,https://www.google.com/maps/place/Kuma's+Corner/data=!4m2!3m1!1s0x880fcd811b28e52f:0xca826c065b30e071,Kuma's Corner,bar,want to go,
Chicago,41.9243248,-87.7213113,https://www.google.com/maps/place/L'+Patron/data=!4m2!3m1!1s0x880fcd13ccbfb1c3:0x302a550c18e0e4c6,L' Patron,restaurant,want to go,
Chicago,41.88653929999999,-87.67590039999999,https://www.google.com/maps/place/Le+Petit+Sucre+Ltd/data=!4m2!3m1!1s0x880fd3a6d9ec628b:0x1504cf5ef5f11cfa,Le Petit Sucre Ltd,bakery,want to go,
Chicago,41.9183902,-87.6780466,https://www.google.com/maps/place/Li'l+Guys/data=!4m2!3m1!1s0x880fd2952bb125cb:0xff11f14bfdb47f4a,Li'l Guys,shop,want to go,
Chicago,41.9196289,-87.6970688,https://www.google.com/maps/place/Lonesome+Rose/data=!4m2!3m1!1s0x880fd29e2578c433:0x82870546e027a751,Lonesome Rose,restaurant,want to go,
Chicago,41.96067240000001,-87.6836008,https://www.google.com/maps/place/Lou+Malnati's+Pizzeria+-+North+Center%2FLincoln+Square/data=!4m2!3m1!1s0x880fd213e481b2a3:0x7d7aab2c4219c561,Lou Malnati's Pizzeria - North Center/Lincoln Square,restaurant,want to go,
Chicago,41.877917599999996,-87.6421428,https://www.google.com/maps/place/Lou+Mitchell's/data=!4m2!3m1!1s0x880e2cc19f7a7309:0x313c4c01a977c832,Lou Mitchell's,restaurant,want to go,
Chicago,41.9562434,-87.7083459,https://www.google.com/maps/place/Luella's+Southern+Kitchen/data=!4m2!3m1!1s0x880fd2107203e953:0x30dea87afb64630d,Luella's Southern Kitchen,restaurant,want to go,
Chicago,41.887664400000006,-87.6652479,https://www.google.com/maps/place/Maxwells+Trading/data=!4m2!3m1!1s0x880e2d708e47fb65:0xdf6dd6f5ecd8f27a,Maxwells Trading,restaurant,want to go,
Chicago,41.9033583,-87.6757445,https://www.google.com/maps/place/Milk+%26+Honey/data=!4m2!3m1!1s0x880fd2c9ac1793ef:0x8dcec203809e75d0,Milk & Honey,cafe,want to go,
Chicago,41.854484400000004,-87.6324788,https://www.google.com/maps/place/Mira+Sushi/data=!4m2!3m1!1s0x880e2d6e46a0cd39:0x8ddaa10dba161b12,Mira Sushi,restaurant,want to go,
Chicago,41.894439299999995,-87.6373979,https://www.google.com/maps/place/Mr.+Beef/data=!4m2!3m1!1s0x880e2cb5475ad0bf:0x4917adc43c6303c2,Mr. Beef,shop,want to go,
Chicago,41.9319516,-87.7023611,https://www.google.com/maps/place/NoodleBird/data=!4m2!3m1!1s0x880fcd7ead01bb15:0xf6a718d6cfc0deb2,NoodleBird,restaurant,want to go,
Chicago,41.8861692,-87.64509389999999,https://www.google.com/maps/place/Oriole/data=!4m2!3m1!1s0x880e2ccf662ffae3:0xe623a200ddd70dcb,Oriole,restaurant,want to go,
Chicago,41.921934,-87.6643512,https://www.google.com/maps/place/Pequod's+Pizza/data=!4m2!3m1!1s0x880fd2e43edcab43:0xfa179f0b298abc4d,Pequod's Pizza,restaurant,want to go,
Chicago,41.8923043,-87.62692899999999,https://www.google.com/maps/place/Pizzeria+Uno/data=!4m2!3m1!1s0x880e2cada14963ff:0xec132bcd0760ee2,Pizzeria Uno,restaurant,want to go,
Chicago,41.94616799999999,-87.712075,https://www.google.com/maps/place/Portillo's+Chicago+(Addison)/data=!4m2!3m1!1s0x880fcd2025ceebad:0x4f5b1b4d0eb7062e,Portillo's Chicago (Addison),restaurant,want to go,
Chicago,41.89351099999999,-87.6315393,https://www.google.com/maps/place/Portillo's+Hot+Dogs/data=!4m2!3m1!1s0x880e2cb30f84f07f:0x5094004e07cb63ef,Portillo's Hot Dogs,restaurant,want to go,
Chicago,41.9322711,-87.7014615,https://www.google.com/maps/place/Quality+Time/data=!4m2!3m1!1s0x880fcd57ff03064d:0x2c5dda39cd7c44fc,Quality Time,bar,want to go,
Chicago,41.8579953,-87.65954769999999,https://www.google.com/maps/place/QuesaBirria+Jalisco+Tacos/data=!4m2!3m1!1s0x880e2d7cc8c7e57b:0x6e374e4bc3b09851,QuesaBirria Jalisco Tacos,restaurant,want to go,
Chicago,41.84574369999999,-87.6339284,https://www.google.com/maps/place/Ricobene's/data=!4m2!3m1!1s0x880e2c68a9bcc889:0xb8abf14ee5658cba,Ricobene's,restaurant,want to go,
Chicago,41.9301622,-87.65559209999999,https://www.google.com/maps/place/Rose's+Lounge/data=!4m2!3m1!1s0x880fd303d32ddbcb:0x3a88c8d64afeafa,Rose's Lounge,other,want to go,
Chicago,41.9101508,-87.6674074,https://www.google.com/maps/place/Sando+Street/data=!4m2!3m1!1s0x880fd3e1c6a877d1:0xc51c00efec9db980,Sando Street,restaurant,want to go,
Chicago,41.8839596,-87.64257889999999,https://www.google.com/maps/place/Sepia/data=!4m2!3m1!1s0x880e2cc66e4543ff:0xcf8242402ad7a91e,Sepia,restaurant,want to go,
Chicago,41.93941769999999,-87.7213611,https://www.google.com/maps/place/Sleeping+Village/data=!4m2!3m1!1s0x880fcda127239921:0xa3b4e4d8dd8409c2,Sleeping Village,bar,want to go,
Chicago,41.9186079,-87.68995819999999,https://www.google.com/maps/place/Smoke+%26+Mirrors/data=!4m2!3m1!1s0x880fd37b10f23d0f:0x9f24efc05fccd08b,Smoke & Mirrors,experience,want to go,
Chicago,41.8849722,-87.6605593,https://www.google.com/maps/place/Smyth/data=!4m2!3m1!1s0x880e2d27cd2917c5:0x77b89a4215f2a104,Smyth,restaurant,want to go,
Chicago,41.8577315,-87.6573313,https://www.google.com/maps/place/Tack+Room/data=!4m2!3m1!1s0x880e2cffc4d476ab:0xa0abab8766670ad8,Tack Room,bar,want to go,
Chicago,41.893335,-87.63328899999999,https://www.google.com/maps/place/Taco+Joint/data=!4m2!3m1!1s0x880e2cb37c8b148d:0x1dc2b2121f852fde,Taco Joint,restaurant,want to go,
Chicago,41.89177050000001,-87.6320169,https://www.google.com/maps/place/Tanta+Chicago/data=!4m2!3m1!1s0x880e2cb3bf1eea75:0xa4a4aeda0445e264,Tanta Chicago,restaurant,want to go,
Chicago,41.961271599999996,-87.68433390000001,https://www.google.com/maps/place/Taqueria+El+Asadero/data=!4m2!3m1!1s0x880fd21165c71ec7:0x57f49a857b91fec0,Taqueria El Asadero,restaurant,want to go,
Chicago,41.953444499999996,-87.6687924,https://www.google.com/maps/place/Ten+Cat+Tavern/data=!4m2!3m1!1s0x880fd247d1f1799b:0x8b7f99c4132fb1b2,Ten Cat Tavern,bar,want to go,
Chicago,41.85781089999999,-87.65559379999999,https://www.google.com/maps/place/The+Alderman/data=!4m2!3m1!1s0x880e2d5814dd8b2d:0xa011a7e6eb69264a,The Alderman,bar,want to go,
Chicago,41.89462820000001,-87.6374062,https://www.google.com/maps/place/The+Green+Door+Tavern/data=!4m2!3m1!1s0x880e2cb546e27d99:0x850ea33aeb14c58c,The Green Door Tavern,restaurant,want to go,
Chicago,41.969202800000005,-87.6599222,https://www.google.com/maps/place/The+Green+Mill/data=!4m2!3m1!1s0x880fd22c92322ce7:0xe2dc9f64b515c25f,The Green Mill,bar,want to go,
Chicago,41.885104399999996,-87.6603349,https://www.google.com/maps/place/The+Loyalist/data=!4m2!3m1!1s0x880e2dcf797ac835:0xcde6d575ac99d31e,The Loyalist,restaurant,want to go,
Chicago,41.93017460000001,-87.64377879999999,https://www.google.com/maps/place/The+Wiener's+Circle/data=!4m2!3m1!1s0x880fd30ead7fd657:0xe1f21650c5953112,The Wiener's Circle,other,want to go,
Chicago,41.901341699999996,-87.6274861,https://www.google.com/maps/place/Thompson+Chicago/data=!4m2!3m1!1s0x880fd351c28b5e11:0xa8b621451c469c4b,Thompson Chicago,hotel,want to go,
Chicago,41.89031190000001,-87.63076679999999,https://www.google.com/maps/place/Three+Dots+and+a+Dash/data=!4m2!3m1!1s0x880e2cb1800a7e89:0x36b7a9744aa00bf2,Three Dots and a Dash,bar,want to go,
Chicago,41.8906182,-87.63093289999999,https://www.google.com/maps/place/Topolobampo/data=!4m2!3m1!1s0x880e2cb22ad898db:0xe47cf01b90f2ff86,Topolobampo,restaurant,want to go,
Chicago,41.9180777,-87.6900397,https://www.google.com/maps/place/Village+Discount+Outlet/data=!4m2!3m1!1s0x880fd29859bb9d95:0x903f095723eeccbb,Village Discount Outlet,shop,want to go,
Chicago,41.9389249,-87.72398609999999,https://www.google.com/maps/place/Warlord/data=!4m2!3m1!1s0x880fcd5f4fcc9145:0x45b49680f6d5222c,Warlord,restaurant,want to go,
Chicago,41.9080484,-87.6733715,https://www.google.com/maps/place/Devil+Dawgs+Wicker+Park/data=!4m2!3m1!1s0x880fd2c67a5afd81:0xf29ac21ace5509de,Devil Dawgs Wicker Park,park,want to go,
Chicago,41.9096921,-87.6767843,https://www.google.com/maps/place/Kama+-+Wicker+Park/data=!4m2!3m1!1s0x880fd37d2825ae4f:0x60768f80e12c4550,Kama - Wicker Park,park,want to go,
Chicago,41.857838799999996,-87.67093,https://www.google.com/maps/place/5+Rabanitos+Restaurante+%26+Taqueria/data=!4m2!3m1!1s0x880e2d09b72d3fd1:0xf5ba8a05612da61a,5 Rabanitos Restaurante & Taqueria,restaurant,want to go,
Chicago,41.91343500000001,-87.6480552,https://www.google.com/maps/place/Alinea/data=!4m2!3m1!1s0x880fd322d33a22bb:0xed1db5da10d6043b,Alinea,restaurant,want to go,
Chicago,41.93976759999999,-87.6520178,https://www.google.com/maps/place/Ann+Sather+Restaurant/data=!4m2!3m1!1s0x880fd1880a920fc3:0x1b97d05e4bde2cc9,Ann Sather Restaurant,restaurant,want to go,
Chicago,41.9438308,-87.6449066,https://www.google.com/maps/place/Ann+Sather+Restaurant+%26+Catering/data=!4m2!3m1!1s0x880fd3a4eba6e88b:0xb4f046ad6be5dbb,Ann Sather Restaurant & Catering,restaurant,want to go,
Chicago,42.004451599999996,-87.67316629999999,https://www.google.com/maps/place/Smack+Dab+Chicago/data=!4m2!3m1!1s0x880fd1a0d0610a75:0xffc0402030612eb8,Smack Dab Chicago,restaurant,want to go,
Chicago,41.9967817,-87.78703469999999,https://www.google.com/maps/place/Superdawg+Drive-In/data=!4m2!3m1!1s0x880fc947ee7d6871:0xa057d30a846d34f7,Superdawg Drive-In,restaurant,want to go,
Chicago,41.934160899999995,-87.6461427,https://www.google.com/maps/place/Tuk+Tuk+Thai+Isan+Street+Food/data=!4m2!3m1!1s0x880fd3dcca85f8ef:0xe73ada22f6839a9b,Tuk Tuk Thai Isan Street Food,restaurant,want to go,
Chicago,41.9190185,-87.69711219999999,https://www.google.com/maps/place/Bang+Bang+Pie+Shop/data=!4m2!3m1!1s0x880fd29e2db3a9b7:0xf4b7b62e8a63baf1,Bang Bang Pie Shop,shop,want to go,
Chicago,41.9336311,-87.71445709999999,https://www.google.com/maps/place/Monarch+Thrift+Shop/data=!4m2!3m1!1s0x880fcd7458b62ec9:0xdfc3897bd7294f74,Monarch Thrift Shop,shop,want to go,
Chicago,41.8959593,-87.663798,https://www.google.com/maps/place/Seek+Vintage/data=!4m2!3m1!1s0x880fd2d34dd9448f:0xcf1169d06d028497,Seek Vintage,vintage,want to go,
Chicago,41.9433292,-87.6781317,https://www.google.com/maps/place/Shangri-La+Vintage/data=!4m2!3m1!1s0x880fd2677f4e5751:0x721decaa398cdaf8,Shangri-La Vintage,vintage,want to go,
Chile,-33.399834399999996,-70.5982665,https://www.google.com/maps/place/La+Calma+by+Fredes/data=!4m2!3m1!1s0x9662cf49fedcb8ad:0x9ec6be2e5c9bfbcb,La Calma by Fredes,restaurant,want to go,
Chiyoda City,35.6961639,139.75692549999997,https://www.google.com/maps/place/Kanda+Jinbocho/data=!4m2!3m1!1s0x60188c1407e905c3:0x9f08e766ea7cd351,Kanda Jinbocho,other,want to go,
Chon Buri,12.8482732,100.905018,"https://www.google.com/maps/place/The+Standard,+Pattaya+Na+Jomtien/data=!4m2!3m1!1s0x310293000f08b1ff:0xd91375cc8c9ddb21","The Standard, Pattaya Na Jomtien",hotel,favorite,
Chon Buri,13.297325399999998,100.9130169,https://www.google.com/maps/place/Wat+Saensuk/data=!4m2!3m1!1s0x3102b4c81ddc9cf3:0xadaf2c6942ec3e98,Wat Saensuk,tattoo,favorite,
Chong Nonsi,13.7134311,100.5479099,https://www.google.com/maps/place/Dirty+Rabbit+Hidden+Bar/data=!4m2!3m1!1s0x30e29f004737f905:0x230e4c6c16d27584,Dirty Rabbit Hidden Bar,club,favorite,
Chorzów,50.273371999999995,18.9911868,https://www.google.com/maps/place/Legendia+Silesian+Amusement+Park/data=!4m2!3m1!1s0x4716ce0f48a21cdf:0x9a1d44a3699fdcc9,Legendia Silesian Amusement Park,park,favorite,
Chuo City,35.6790472,139.7728957,https://www.google.com/maps/place/Shima/data=!4m2!3m1!1s0x60188be2a9debd35:0xee93771af1b8d62,Shima,other,want to go,
Cicero,41.8580156,-87.7765954,https://www.google.com/maps/place/Freddy's+Pizza/data=!4m2!3m1!1s0x880e347ff9827f7d:0xc2865ce2925493c0,Freddy's Pizza,restaurant,want to go,
City of Westminster,51.5110391,-0.18737389999999995,https://www.google.com/maps/place/Normah's/data=!4m2!3m1!1s0x48760555f2eacba5:0xb6707bd1d7209ca8,Normah's,restaurant,want to go,
City of Westminster,51.51178170000001,-0.1401451,https://www.google.com/maps/place/The+Araki/data=!4m2!3m1!1s0x487604d58592666b:0x747345910d199aad,The Araki,restaurant,want to go,
"Ciudad de México, CDMX",19.421182899999998,-99.15977319999999,https://www.google.com/maps/place/Bar+Las+Brujas/data=!4m2!3m1!1s0x85d1ff3088a6d1dd:0xe648e5cb6cb691ee,Bar Las Brujas,bar,want to go,
"Ciudad de México, CDMX",19.4225785,-99.16379409999999,https://www.google.com/maps/place/Caf%C3%A9+Tacobar/data=!4m2!3m1!1s0x85d1ff94d8abe50d:0x21ee1f252d3b1ab4,Café Tacobar,bar,want to go,
"Ciudad de México, CDMX",19.427017,-99.1556652,https://www.google.com/maps/place/Hanky+Panky+Cocktail+Bar/data=!4m2!3m1!1s0x85d1ff369f4c16c5:0x5aa24fc33e355131,Hanky Panky Cocktail Bar,bar,want to go,
"Ciudad de México, CDMX",19.4207181,-99.1634685,https://www.google.com/maps/place/Loup+Bar/data=!4m2!3m1!1s0x85d1ff375d1a5931:0x4c5472ba1b9ea02e,Loup Bar,bar,want to go,
"Ciudad de México, CDMX",19.4295628,-99.1696231,https://www.google.com/maps/place/Tokyo+Music+Bar/data=!4m2!3m1!1s0x85d1ff8d7e6f294d:0x6f07f510fc94e4aa,Tokyo Music Bar,bar,want to go,
"Ciudad de México, CDMX",19.4186677,-99.1751855,https://www.google.com/maps/place/Cafe+Milou/data=!4m2!3m1!1s0x85d1ff4591b6aaab:0x75a15484dd5fc449,Cafe Milou,cafe,want to go,
"Ciudad de México, CDMX",19.416755600000002,-99.17102279999999,https://www.google.com/maps/place/AMAMBA/data=!4m2!3m1!1s0x85d1ff13cc092135:0x32286a0e6fa1fcb,AMAMBA,cafe,want to go,
"Ciudad de México, CDMX",19.425642699999997,-99.172342,https://www.google.com/maps/place/Animal+St.+Regis/data=!4m2!3m1!1s0x85d1ff08056abea1:0x7fab704396429ee4,Animal St. Regis,restaurant,want to go,
"Ciudad de México, CDMX",19.417402,-99.1605353,https://www.google.com/maps/place/Caf%C3%A9+de+Nadie/data=!4m2!3m1!1s0x85d1ff1edbce70ff:0xdb713a3a894989bc,Café de Nadie,bar,want to go,
"Ciudad de México, CDMX",19.4106158,-99.1725293,https://www.google.com/maps/place/Caiman/data=!4m2!3m1!1s0x85d1ff474cf3aba9:0x251fd7705986d040,Caiman,bar,want to go,
"Ciudad de México, CDMX",19.4188435,-99.15564069999999,https://www.google.com/maps/place/Churrer%C3%ADa+El+Moro/data=!4m2!3m1!1s0x85d1ff253f25fedd:0x99d51a4869fab2b4,Churrería El Moro,other,want to go,
"Ciudad de México, CDMX",19.432939899999997,-99.18439579999999,https://www.google.com/maps/place/El+Rey+del+Suadero/data=!4m2!3m1!1s0x85d1f8ab6298d5a1:0x7a892864e95869df,El Rey del Suadero,restaurant,want to go,
"Ciudad de México, CDMX",19.431227,-99.2011982,https://www.google.com/maps/place/El+Turix/data=!4m2!3m1!1s0x85d2021d4bb326b7:0x762abe5ddfb1edbe,El Turix,restaurant,want to go,
"Ciudad de México, CDMX",19.4152551,-99.1620626,https://www.google.com/maps/place/Em/data=!4m2!3m1!1s0x85d1ff7f1df7b7d5:0xdb3fca50cb1319ab,Em,restaurant,want to go,
"Ciudad de México, CDMX",19.4190562,-99.16742699999999,https://www.google.com/maps/place/GinGin/data=!4m2!3m1!1s0x85d1ff380e9abd93:0xade8440978e2e418,GinGin,bar,want to go,
"Ciudad de México, CDMX",19.4243776,-99.164873,https://www.google.com/maps/place/Handshake+Speakeasy/data=!4m2!3m1!1s0x85d20342d2e0fb53:0xc3cdda752336b9df,Handshake Speakeasy,bar,want to go,
"Ciudad de México, CDMX",19.4295057,-99.1695426,https://www.google.com/maps/place/Hiyoko/data=!4m2!3m1!1s0x85d1ffa32ac4a39b:0xc15d160918ceeea9,Hiyoko,restaurant,want to go,
"Ciudad de México, CDMX",19.427216599999998,-99.1368578,https://www.google.com/maps/place/Hoster%C3%ADa+La+Bota/data=!4m2!3m1!1s0x85d1fece107b8c21:0x37ff8287a99a4ef2,Hostería La Bota,restaurant,want to go,
"Ciudad de México, CDMX",19.4186677,-99.1751855,https://www.google.com/maps/place/Hugo/data=!4m2!3m1!1s0x85d1ffdaf4634243:0xd185f7e52f6b9716,Hugo,bar,want to go,
"Ciudad de México, CDMX",19.4175883,-99.177605,https://www.google.com/maps/place/La+incre%C3%ADble/data=!4m2!3m1!1s0x85d1ff277d103773:0xdfc46fb23d76ab81,La increíble,shop,want to go,
"Ciudad de México, CDMX",19.4179589,-99.17522679999999,https://www.google.com/maps/place/Lardo/data=!4m2!3m1!1s0x85d1ff45bd47fe73:0x4528d0b3c4abd2b8,Lardo,restaurant,want to go,
"Ciudad de México, CDMX",19.4295628,-99.1696231,https://www.google.com/maps/place/Le+Tachinomi+Desu/data=!4m2!3m1!1s0x85d1ff4aec23a511:0x282bd999a031aec,Le Tachinomi Desu,bar,want to go,
"Ciudad de México, CDMX",19.4278255,-99.1585277,https://www.google.com/maps/place/Loose+Blues/data=!4m2!3m1!1s0x85d1ff323848bfa9:0x5780824c15824944,Loose Blues,other,want to go,
"Ciudad de México, CDMX",19.4302794,-99.1387977,https://www.google.com/maps/place/Los+Cocuyos/data=!4m2!3m1!1s0x85d1fed374995bb3:0xc300b131092e11ef,Los Cocuyos,restaurant,want to go,
"Ciudad de México, CDMX",19.4148455,-99.178128,https://www.google.com/maps/place/Maizajo/data=!4m2!3m1!1s0x85d1f8662726bc5d:0xd437703208a9d19a,Maizajo,restaurant,want to go,
"Ciudad de México, CDMX",19.4129452,-99.1836489,https://www.google.com/maps/place/Mari+Gold/data=!4m2!3m1!1s0x85d1ff02fd49f09d:0xa73cf59a19783eeb,Mari Gold,restaurant,want to go,
"Ciudad de México, CDMX",19.4101464,-99.17131470000001,https://www.google.com/maps/place/Mendl+Delicatessen/data=!4m2!3m1!1s0x85d1fff467584079:0x5f5782a1e1db88a1,Mendl Delicatessen,restaurant,want to go,
"Ciudad de México, CDMX",19.4200134,-99.159089,https://www.google.com/maps/place/Meroma/data=!4m2!3m1!1s0x85d1ff3a83e4a1f7:0x1b1cd8a36ed7701f,Meroma,restaurant,want to go,
"Ciudad de México, CDMX",19.41521,-99.1621346,https://www.google.com/maps/place/Mi+Compa+Chava+Marisquer%C3%ADa/data=!4m2!3m1!1s0x85d1ff976e20f4d1:0x2087fc553413be6a,Mi Compa Chava Marisquería,restaurant,want to go,
"Ciudad de México, CDMX",19.4151766,-99.1677824,https://www.google.com/maps/place/ODETTE+CONDESA/data=!4m2!3m1!1s0x85d1ff05f3996019:0x4fbf318d62cb98d7,ODETTE CONDESA,bakery,want to go,
"Ciudad de México, CDMX",19.4215093,-99.16733110000001,https://www.google.com/maps/place/Panader%C3%ADa+Rosetta+Puebla/data=!4m2!3m1!1s0x85d1ff37ddac5673:0x5cfd0ab06ce969b6,Panadería Rosetta Puebla,bakery,want to go,
"Ciudad de México, CDMX",19.432376299999998,-99.1948132,https://www.google.com/maps/place/Pujol/data=!4m2!3m1!1s0x85d1f8ab75b39d59:0xa1b937b5fe14fb16,Pujol,restaurant,want to go,
"Ciudad de México, CDMX",19.419590900000003,-99.17210539999999,https://www.google.com/maps/place/Raku+Caf%C3%A9/data=!4m2!3m1!1s0x85d1ff461e705985:0x42680ca337973ddb,Raku Café,cafe,want to go,
"Ciudad de México, CDMX",19.4286852,-99.1694993,https://www.google.com/maps/place/Rokai+Ramen-Ya/data=!4m2!3m1!1s0x85d1ff4af5f5f315:0x62c2ba46cf5409e8,Rokai Ramen-Ya,restaurant,want to go,
"Ciudad de México, CDMX",19.407757300000004,-99.1771326,https://www.google.com/maps/place/Saint/data=!4m2!3m1!1s0x85d1ffcd3784285d:0xe7ab200d54e4fe35,Saint,bakery,want to go,
"Ciudad de México, CDMX",19.4311226,-99.15424879999999,https://www.google.com/maps/place/Soho+House+Mexico+City/data=!4m2!3m1!1s0x85d1ffd93b30d91b:0x4eb3a37b9299546,Soho House Mexico City,club,want to go,
"Ciudad de México, CDMX",19.4181712,-99.1617182,https://www.google.com/maps/place/Supra+Roma+Rooftop/data=!4m2!3m1!1s0x85d1ffdc39407249:0xbbbc3e896377c9d5,Supra Roma Rooftop,restaurant,want to go,
"Ciudad de México, CDMX",19.4333772,-99.18620759999999,https://www.google.com/maps/place/Taqueria+Alvaro+Obreg%C3%B3n/data=!4m2!3m1!1s0x85d1f95c6d6a2797:0x7a49945f4d1a5367,Taqueria Alvaro Obregón,restaurant,want to go,
"Ciudad de México, CDMX",19.416401999999998,-99.1672778,https://www.google.com/maps/place/Taquer%C3%ADa+Orinoco/data=!4m2!3m1!1s0x85d1ff45390b8271:0xde08259e1635ecd8,Taquería Orinoco,restaurant,want to go,
"Ciudad de México, CDMX",19.433236,-99.18838099999999,https://www.google.com/maps/place/Taquer%C3%ADa+Orinoco/data=!4m2!3m1!1s0x85d1f9f2efbb947d:0xb795c37e262f031f,Taquería Orinoco,restaurant,want to go,
"Ciudad de México, CDMX",19.418174,-99.1591691,https://www.google.com/maps/place/Taquer%C3%ADa+Orinoco/data=!4m2!3m1!1s0x85d1ff39ac485d43:0xb6e59ed30ce65ec7,Taquería Orinoco,restaurant,want to go,
"Ciudad de México, CDMX",19.418236,-99.15884150000001,https://www.google.com/maps/place/Taquer%C3%ADa+%C3%81lvaro+Obreg%C3%B3n/data=!4m2!3m1!1s0x85d1ff3af0975341:0x2b78a0095efff732,Taquería Álvaro Obregón,restaurant,want to go,
"Ciudad de México, CDMX",19.429691,-99.1531323,https://www.google.com/maps/place/Taverna/data=!4m2!3m1!1s0x85d1ffa2da192337:0xb10c3bd5a92fe6dd,Taverna,bar,want to go,
"Ciudad de México, CDMX",19.427827,-99.1562422,https://www.google.com/maps/place/The+Brooklyn+Spekeasy/data=!4m2!3m1!1s0x85d1ffb1890be6e1:0x54967c250cf5eb25,The Brooklyn Spekeasy,bar,want to go,
"Ciudad de México, CDMX",19.412247900000004,-99.17299009999999,https://www.google.com/maps/place/TUGURIO+BOUTIQUE/data=!4m2!3m1!1s0x85d1ff86d93fdd85:0xc88f75f21c8e8284,TUGURIO BOUTIQUE,shop,want to go,
"Ciudad de México, CDMX",19.422147700000004,-99.1640139,https://www.google.com/maps/place/Caldos+de+Gallina+%22Luis%22/data=!4m2!3m1!1s0x85d1ff3716e2658b:0x2bb71a07937fd211,"Caldos de Gallina ""Luis""",park,want to go,
"Ciudad de México, CDMX",19.4308408,-99.1917115,https://www.google.com/maps/place/Quintonil/data=!4m2!3m1!1s0x85d201ff65042f6d:0xada8294307fc00c3,Quintonil,restaurant,want to go,
"Ciudad de México, CDMX",19.4197758,-99.1598009,https://www.google.com/maps/place/Restaurante+Rosetta/data=!4m2!3m1!1s0x85d1ff035a802175:0x617fedb7ee58dbc0,Restaurante Rosetta,restaurant,want to go,
Clarksdale,34.194758,-90.5634022,https://www.google.com/maps/place/Abe's+Bar-B-Q/data=!4m2!3m1!1s0x862ade553428409f:0x42f81f9317f5827d,Abe's Bar-B-Q,bar,want to go,
Cleebronn,49.035274799999996,9.052612,https://www.google.com/maps/place/Erlebnispark+Tripsdrill/data=!4m2!3m1!1s0x479780714177d3e7:0x70048d07d78e767f,Erlebnispark Tripsdrill,park,favorite,
Cleebronn,49.036627499999994,9.057397800000002,https://www.google.com/maps/place/G%E2%80%99sengte+Sau/data=!4m2!3m1!1s0x47978076f5e80c03:0x5d44bb468a0ede30,G’sengte Sau,other,want to go,
Cleveland,33.7458659,-90.7220164,https://www.google.com/maps/place/Delta+Meat+Market/data=!4m2!3m1!1s0x862ba8f9695427d7:0x29addcf0fb617ef0,Delta Meat Market,restaurant,want to go,
Clinton,40.141075099999995,-88.9772644,https://www.google.com/maps/place/Sunset+Inn+%26+Suites/data=!4m2!3m1!1s0x880b4f5fc8481327:0xa9b80184ee614a15,Sunset Inn & Suites,hotel,want to go,
Amsterdam,52.3431753,4.8561748,https://www.google.com/maps/place/Wils+Bakery+Caf%C3%A9/data=!4m2!3m1!1s0x47c5e10024f6a5df:0x5f01d9b1f6e193ae,Wils Bakery Café,bakery,want to go,
Amsterdam,52.38218,4.8789665,https://www.google.com/maps/place/Caf%C3%A9+Checkpoint+Charlie/data=!4m2!3m1!1s0x47c609d1402c4a47:0xc2a60ccdb762fcec,Café Checkpoint Charlie,bar,want to go,
Amsterdam,52.34319850000001,4.8563632,https://www.google.com/maps/place/Restaurant+Wils/data=!4m2!3m1!1s0x47c5e141254f6255:0xc7ccfcd826eee1e1,Restaurant Wils,restaurant,want to go,
Den Haag,52.073695799999996,4.3097255,https://www.google.com/maps/place/Boomhuttenclub/data=!4m2!3m1!1s0x47c5b726e04e868f:0x277adaaebbb6f082,Boomhuttenclub,restaurant,want to go,
Co. Meath,53.5452976,-6.459415800000001,https://www.google.com/maps/place/Emerald+Park/data=!4m2!3m1!1s0x48676a949ad1dbf9:0x2be202d1e104a45c,Emerald Park,park,want to go,
Cockermouth,54.662974,-3.368569,https://www.google.com/maps/place/Manor+House+Hotel+Cockermouth/data=!4m2!3m1!1s0x487cd41b624d332b:0x4cf8caa0119d36e5,Manor House Hotel Cockermouth,hotel,favorite,
Columbia,33.9980556,-81.01527779999999,https://www.google.com/maps/place/Bar+None/data=!4m2!3m1!1s0x88f8bacc126370cd:0x3258693adcae5f7c,Bar None,bar,favorite,
Columbia,33.998346,-81.0152262,https://www.google.com/maps/place/New+Brookland+Tavern/data=!4m2!3m1!1s0x88f8bb462cc265d9:0x974ae781d0a085fa,New Brookland Tavern,music venue,favorite,
Compton Arms,51.543657499999995,-0.1020094,https://www.google.com/maps/place/The+Compton+Arms/data=!4m2!3m1!1s0x48761b6459c2bdb9:0xacf52e26eb4b8c20,The Compton Arms,bar,want to go,
Concordia sulla Secchia MO,44.9157203,10.985676699999999,https://www.google.com/maps/place/Owenscorp+Bar/data=!4m2!3m1!1s0x477f910a5ea1f135:0xd175a5b859154c66,Owenscorp Bar,bar,want to go,
Connelly Springs,35.5936384,-81.63541819999999,https://www.google.com/maps/place/High+Shoals+Falls/data=!4m2!3m1!1s0x88572dce0a1ff1e9:0xfc006e2cd00474b,High Shoals Falls,other,want to go,
Amsterdam,52.3901086,4.8875991,https://www.google.com/maps/place/BAK+restaurant/data=!4m2!3m1!1s0x47c60832ed9fa25d:0x8ad0a7482f05e715,BAK restaurant,restaurant,favorite,
Amsterdam,52.3664993,4.8977997,https://www.google.com/maps/place/Brazilian+Roots/data=!4m2!3m1!1s0x47c6090cddc4a9b7:0x32600654a289e92c,Brazilian Roots,club,want to go,
"Cuauhtémoc, CDMX",19.4256885,-99.166708,https://www.google.com/maps/place/Taquer%C3%ADa+Orinoco/data=!4m2!3m1!1s0x85d1ff49875d643f:0xf0ce862ef25b55bc,Taquería Orinoco,restaurant,want to go,
LA,34.0223765,-118.3997713,https://www.google.com/maps/place/Juquila/data=!4m2!3m1!1s0x80c2ba302ba511df:0xcb731d2590986e13,Juquila,bar,want to go,
LA,34.0101752,-118.4111349,https://www.google.com/maps/place/MillCross+Coffee+Bar+%26+Kitchen/data=!4m2!3m1!1s0x80c2bb6762345aeb:0x1fdf64c7fd7312b7,MillCross Coffee Bar & Kitchen,cafe,want to go,
LA,34.0250657,-118.39411600000001,https://www.google.com/maps/place/Citizen+Public+Market/data=!4m2!3m1!1s0x80c2bb84809dc96f:0xf634936b175a5311,Citizen Public Market,restaurant,want to go,
LA,34.018349199999996,-118.40698769999999,https://www.google.com/maps/place/Dave's+Hot+Chicken/data=!4m2!3m1!1s0x80c2bb90ed356a93:0x691ee76767fc8e2d,Dave's Hot Chicken,restaurant,want to go,
LA,34.0282487,-118.3870538,https://www.google.com/maps/place/etta+Culver+City/data=!4m2!3m1!1s0x80c2b929b26110db:0x57ff70e260c7d62a,etta Culver City,restaurant,want to go,
LA,34.0241968,-118.3818786,https://www.google.com/maps/place/Vespertine/data=!4m2!3m1!1s0x80c2b9854938dd55:0x817957472b764e38,Vespertine,restaurant,want to go,
Cupertino,37.331675600000004,-122.03018900000001,https://www.google.com/maps/place/Apple+Infinite+Loop/data=!4m2!3m1!1s0x808fb5b6c4951d0f:0xb651414deb31e9fb,Apple Infinite Loop,shop,favorite,
Amsterdam,52.3668091,4.89724,https://www.google.com/maps/place/Portugalia+Tasca/data=!4m2!3m1!1s0x47c609f4b7771f69:0xe4140a4cf519fc70,Portugalia Tasca,restaurant,favorite,
Amsterdam,52.366000299999996,4.9165320999999995,https://www.google.com/maps/place/ARTIS/data=!4m2!3m1!1s0x47c609a1dbac0061:0xe6853789b8a4a3d,ARTIS,art,want to go,
Amsterdam,52.3859333,4.8714694,https://www.google.com/maps/place/Pacific+Amsterdam/data=!4m2!3m1!1s0x47c60966feae62f3:0x2423f967da4a6165,Pacific Amsterdam,restaurant,want to go,
Dallgow-Döberitz,52.4899579,13.054135399999998,https://www.google.com/maps/place/Aussichtsturm+am+Finkenberg/data=!4m2!3m1!1s0x47a8f76748050f87:0x3c955663ab6c0c00,Aussichtsturm am Finkenberg,experience,favorite,
Amsterdam,52.3864819,4.8680305,https://www.google.com/maps/place/Mossel+%26+Gin/data=!4m2!3m1!1s0x47c5e27efff4a27d:0x87c0eb93abd04ed2,Mossel & Gin,restaurant,want to go,
Amsterdam,52.387152,4.869794,https://www.google.com/maps/place/Westergasterras/data=!4m2!3m1!1s0x47c5e27f99165631:0xba9a6b52e1714f58,Westergasterras,restaurant,want to go,
Amsterdam,52.35215609999999,4.930510899999999,https://www.google.com/maps/place/De+Kas/data=!4m2!3m1!1s0x47c6097addb6e427:0x7e1fa069538dc40e,De Kas,restaurant,want to go,
De Panne,51.080738399999994,2.5985541,https://www.google.com/maps/place/Plopsaland+De+Panne/data=!4m2!3m1!1s0x47dc968e2ef8e015:0x3ff9420c3c14e945,Plopsaland De Panne,park,favorite,
Denmark,55.687041199999996,12.5479554,https://www.google.com/maps/place/Gilt+Cocktail+Bar/data=!4m2!3m1!1s0x465253af27036df1:0x42c36f4bbee0d8d0,Gilt Cocktail Bar,bar,favorite,true
Denmark,55.6678839,12.559289399999999,https://www.google.com/maps/place/K%C3%B8dbyens+Fiskebar/data=!4m2!3m1!1s0x46525373be55afe9:0xfd964541f10941ef,Kødbyens Fiskebar,bar,favorite,
Denmark,55.6719123,12.557537299999998,https://www.google.com/maps/place/Mikkeller+Bar/data=!4m2!3m1!1s0x46525374b2df023b:0xd76b2a988415e3b,Mikkeller Bar,bar,favorite,
Denmark,55.693661,12.542262800000001,https://www.google.com/maps/place/Coffee+Collective+J%C3%A6gersborggade/data=!4m2!3m1!1s0x465253ad94236fed:0xe91e884fccd65355,Coffee Collective Jægersborggade,cafe,favorite,
Denmark,55.680791199999994,12.579063399999999,https://www.google.com/maps/place/Cheap+Monday+Danmark/data=!4m2!3m1!1s0x46525310aee07daf:0xc50398383192e134,Cheap Monday Danmark,shop,favorite,
Denmark,55.6731501,12.565845199999996,https://www.google.com/maps/place/John's+Hotdog+Deli/data=!4m2!3m1!1s0x4652535743ab4b21:0x1d1eaf6af76c8665,John's Hotdog Deli,other,favorite,
Denmark,55.67947799999999,12.577532899999998,https://www.google.com/maps/place/Normann+Copenhagen/data=!4m2!3m1!1s0x465252fb69fb1251:0x1e3a01c620aff515,Normann Copenhagen,other,favorite,
Denmark,55.673743699999996,12.5526567,https://www.google.com/maps/place/Soulland/data=!4m2!3m1!1s0x4652530abc66cacf:0xbd4aa3488a4f9d92,Soulland,shop,favorite,true
Denmark,55.68210740000001,12.554467100000002,https://www.google.com/maps/place/Restaurant+Radio/data=!4m2!3m1!1s0x465253a78dc6a977:0x853407e553a7eafe,Restaurant Radio,restaurant,favorite,
Denmark,55.691247499999996,12.611462499999996,https://www.google.com/maps/place/Hart+Bageri/data=!4m2!3m1!1s0x465253b36c793463:0x34b60e6a98842084,Hart Bageri,art,want to go,
Denmark,55.6753846,12.5455049,https://www.google.com/maps/place/Hart+Bageri/data=!4m2!3m1!1s0x46525352f094be63:0x852bf40f2cef931c,Hart Bageri,art,want to go,
Denmark,55.6795537,12.6011156,https://www.google.com/maps/place/Hart+Bageri+Holmen/data=!4m2!3m1!1s0x465253cca348bb6d:0xff9ebb5f16eb4a8e,Hart Bageri Holmen,art,want to go,
Denmark,55.67782429999999,12.596311799999999,https://www.google.com/maps/place/Restaurant+Barr/data=!4m2!3m1!1s0x4652533b679080a5:0xf1bebc75960e646f,Restaurant Barr,bar,want to go,
Denmark,55.679373399999996,12.5260222,https://www.google.com/maps/place/Sokkelund+Cafe+%26+Brasserie/data=!4m2!3m1!1s0x465253bee971d7d1:0xdd247c896f531611,Sokkelund Cafe & Brasserie,cafe,want to go,
Denmark,55.6799945,12.579862400000001,https://www.google.com/maps/place/A.KJ%C3%86RBEDE/data=!4m2!3m1!1s0x4652539798265d69:0xaafc65899be17b02,A.KJÆRBEDE,shop,want to go,
Denmark,55.6902384,12.5592422,https://www.google.com/maps/place/Acne+Archive/data=!4m2!3m1!1s0x465253aa0a8318ab:0xa3bf4a3457bc6a12,Acne Archive,shop,want to go,
Denmark,55.6819882,12.5350209,https://www.google.com/maps/place/Br%C3%B8dflov/data=!4m2!3m1!1s0x465253bb0c39fbc9:0xd8893949ef4fd779,Brødflov,bakery,want to go,
Denmark,55.2598991,11.9806005,https://www.google.com/maps/place/Camp+Adventure/data=!4m2!3m1!1s0x4652c105c4ed0159:0xb84c4616a2fd8955,Camp Adventure,experience,want to go,
Denmark,55.68125099999999,12.576079299999998,https://www.google.com/maps/place/D%C3%98P+-+Den+%C3%98kologiske+P%C3%B8lsemand/data=!4m2!3m1!1s0x4652531080eb5831:0x75db9636e66c3b2c,DØP - Den Økologiske Pølsemand,other,want to go,
Denmark,55.680910000000004,12.5844109,https://www.google.com/maps/place/Fishmarket/data=!4m2!3m1!1s0x465253182b9cb56b:0x3d3087bd1646bf29,Fishmarket,restaurant,want to go,
Denmark,55.677877200000005,12.5968088,https://www.google.com/maps/place/Gasoline+Grill/data=!4m2!3m1!1s0x46525397e3351c7d:0xc694f66e0df6014f,Gasoline Grill,restaurant,want to go,
Denmark,55.683242,12.5851505,https://www.google.com/maps/place/Gasoline+Grill/data=!4m2!3m1!1s0x46525319a9ee66e1:0xb6850b6a3fa2148a,Gasoline Grill,restaurant,want to go,
Denmark,55.679562999999995,12.5773811,https://www.google.com/maps/place/Gasoline+Grill/data=!4m2!3m1!1s0x46525310c2259133:0x6216f5129e3d0854,Gasoline Grill,restaurant,want to go,
Denmark,55.672998799999995,12.550122799999999,https://www.google.com/maps/place/Gasoline+Grill/data=!4m2!3m1!1s0x4652531be234f56f:0xb9c81f21a42d4c54,Gasoline Grill,restaurant,want to go,
Denmark,55.6732713,12.567524200000001,https://www.google.com/maps/place/Gasoline+Grill+Tivoli/data=!4m2!3m1!1s0x465253fed02b3c85:0xa533f3a1eceddefa,Gasoline Grill Tivoli,restaurant,want to go,
Denmark,55.1759786,9.987508099999998,https://www.google.com/maps/place/Heln%C3%A6s+Nord/data=!4m2!3m1!1s0x464cce7e0d5546b5:0xc1d7a50a1c61d754,Helnæs Nord,other,want to go,
Denmark,55.6836747,12.569220699999999,https://www.google.com/maps/place/Hija+de+Sanchez/data=!4m2!3m1!1s0x465253051410f7bd:0x43b9b6a672719158,Hija de Sanchez,restaurant,want to go,
Denmark,55.668918700000006,12.5585193,https://www.google.com/maps/place/Hija+de+Sanchez/data=!4m2!3m1!1s0x46525373834d1e67:0xc405b3915211cb24,Hija de Sanchez,restaurant,want to go,
Denmark,55.6828273,12.6104808,https://www.google.com/maps/place/Noma/data=!4m2!3m1!1s0x4652533b679080a5:0x42eaecc5eb37e114,Noma,restaurant,want to go,
Denmark,55.69049229999999,12.5552853,https://www.google.com/maps/place/Poulette/data=!4m2!3m1!1s0x4652530e4aadfd59:0x8acb0aec1fb999e5,Poulette,other,want to go,
Denmark,55.671268,12.543799900000002,https://www.google.com/maps/place/Rosetta+Vesterbro/data=!4m2!3m1!1s0x465253defcf23c25:0xf36dbe4055a2cbc2,Rosetta Vesterbro,restaurant,want to go,
Denmark,55.700711399999996,12.579828799999998,https://www.google.com/maps/place/Rosetta+%C3%98sterbro/data=!4m2!3m1!1s0x465252fb2655bc9b:0x781f8b7db0874db9,Rosetta Østerbro,shop,want to go,
Denmark,55.6924463,12.544594199999999,https://www.google.com/maps/place/The+Last+Drop+J%C3%A6gersborggade/data=!4m2!3m1!1s0x465253ad958ff013:0x88635cb5ca0e0cb9,The Last Drop Jægersborggade,shop,want to go,
Denmark,55.105458999999996,10.191616999999999,https://www.google.com/maps/place/Hvedholm+Slotshotel/data=!4m2!3m1!1s0x464cd4f6eae6121f:0xb13aaf0f07db2031,Hvedholm Slotshotel,hotel,want to go,
Denmark,55.684288200000005,12.6103925,https://www.google.com/maps/place/Restaurant+56+grader/data=!4m2!3m1!1s0x46525328d0da07b7:0x7f246d1e46f51ffd,Restaurant 56 grader,restaurant,want to go,
Denver,39.7572854,-104.98650389999999,https://www.google.com/maps/place/Death+%26+Co+Denver/data=!4m2!3m1!1s0x876c797e155c871b:0x17b71deaa76ef142,Death & Co Denver,bar,want to go,
Denver,39.7619399,-105.011026,https://www.google.com/maps/place/Williams+%26+Graham/data=!4m2!3m1!1s0x876c7893127325fb:0x4ab5bc8e5e22c59f,Williams & Graham,bar,want to go,
Denver,39.7313298,-104.9987762,https://www.google.com/maps/place/Invisible+City/data=!4m2!3m1!1s0x876c78a8190be643:0x34f8d94a8d29920c,Invisible City,cafe,want to go,
Denver,39.750759699999996,-104.9942552,https://www.google.com/maps/place/Holey+Moley+Golf+Club+Denver/data=!4m2!3m1!1s0x876c797d19380079:0x36e7cc61ec088e1e,Holey Moley Golf Club Denver,club,want to go,
Denver,39.748373300000004,-105.0005956,https://www.google.com/maps/place/Rhein+Haus+Denver/data=!4m2!3m1!1s0x876c78c5a5fe49b3:0xfb41bb1908451762,Rhein Haus Denver,restaurant,want to go,
Denver,39.739804500000005,-104.96920019999999,https://www.google.com/maps/place/Voodoo+Doughnut+-+Colfax/data=!4m2!3m1!1s0x876c7eccba1e12d1:0x4a98afb11b7b82e,Voodoo Doughnut - Colfax,shop,want to go,
Des Moines,41.5865745,-93.6269378,https://www.google.com/maps/place//data=!4m2!3m1!1s0x87ee990181e63493:0xa405890f8ca2a870,"Hello, Marjorie",bar,want to go,
Des Moines,41.5909298,-93.6118271,https://www.google.com/maps/place//data=!4m2!3m1!1s0x87ee99ec325bb2d1:0x168672d33844bb21,Bellhop,bar,want to go,
Detroit,42.3315626,-83.076026,https://www.google.com/maps/place/Slows+Bar+BQ/data=!4m2!3m1!1s0x883b2d59c431f3e3:0xea0fb39d29292a38,Slows Bar BQ,bar,favorite,
Detroit,42.331611699999996,-83.0757531,https://www.google.com/maps/place/Astro+Coffee/data=!4m2!3m1!1s0x883b2d59c5939441:0xe96a58a390c3a8fe,Astro Coffee,cafe,favorite,
Detroit,42.3293579,-83.065179,https://www.google.com/maps/place/DIttoDitto+Books/data=!4m2!3m1!1s0x883b2d45ab9f7c33:0x44c80b12858bec96,DIttoDitto Books,shop,favorite,true
Detroit,42.33476219999999,-83.0482732,https://www.google.com/maps/place/DROUGHT/data=!4m2!3m1!1s0x8824d2b07e5032f9:0x7e6ad92b4d8c2385,DROUGHT,shop,favorite,true
Detroit,42.33507050000001,-83.0752395,https://www.google.com/maps/place/Hostel+Detroit/data=!4m2!3m1!1s0x883b2d56e6a61727:0x365630fb9da870ce,Hostel Detroit,hotel,favorite,
Detroit,42.331148899999995,-83.07391559999999,https://www.google.com/maps/place/Rubbed/data=!4m2!3m1!1s0x883b2d59f58e97c7:0xa14c4b9d2e151980,Rubbed,other,favorite,
Detroit,42.3478001,-83.06501779999999,https://www.google.com/maps/place/Selden+Standard/data=!4m2!3m1!1s0x8824d2b1120abc99:0x4facb71cba4a5a74,Selden Standard,restaurant,favorite,
Detroit,42.35109729999999,-83.0658215,https://www.google.com/maps/place/Shinola+Detroit+Store/data=!4m2!3m1!1s0x8824d2b0852edb49:0x6631da2d48290867,Shinola Detroit Store,shop,favorite,
Detroit,42.3316844,-83.0808338,https://www.google.com/maps/place/Takoi/data=!4m2!3m1!1s0x883b32a78d9a07d9:0xb8f2804947ed7547,Takoi,restaurant,favorite,
Detroit,42.3315639,-83.0757833,https://www.google.com/maps/place/The+Sugar+House/data=!4m2!3m1!1s0x883b2d59cfa02d49:0x9cdd6ee9c5f99175,The Sugar House,bar,favorite,
Detroit,42.331161300000005,-83.079494,https://www.google.com/maps/place/Two+James+Spirits/data=!4m2!3m1!1s0x883b32a7931d4fad:0xea46daa7ce5e01f4,Two James Spirits,bar,favorite,
Detroit,42.3640512,-82.97735329999999,https://www.google.com/maps/place/Rose's+Fine+Food+and+Wine/data=!4m2!3m1!1s0x8824d4918f8371cb:0x4c702110124e26e5,Rose's Fine Food and Wine,restaurant,favorite,true
Detroit,42.321894799999995,-83.0714794,https://www.google.com/maps/place/Green+Dot+Stables/data=!4m2!3m1!1s0x883b2d677b9b98b1:0xd9c26cfd9a02185f,Green Dot Stables,restaurant,want to go,
Dhërmi,40.1527987,19.642157599999997,https://www.google.com/maps/place/Zoe+Hora/data=!4m2!3m1!1s0x135b2bfe590c9f67:0xddd1e88184240250,Zoe Hora,hotel,favorite,
Dhërmi,40.14487679999999,19.627712799999998,https://www.google.com/maps/place/BEYOND+A+Luxury+Boutique+Hotel/data=!4m2!3m1!1s0x135b2b3c92d7a5d5:0xc957d26ff3e63aaf,BEYOND A Luxury Boutique Hotel,hotel,favorite,
Dhërmi,40.152997799999994,19.642769299999998,https://www.google.com/maps/place/Manastiri+i+Shen+Merise/data=!4m2!3m1!1s0x135b2becf498a1c9:0x99c8417d665c3fed,Manastiri i Shen Merise,other,want to go,
Dieffenbachstraße,52.493673,13.412807800000001,https://www.google.com/maps/place/Tokyo+Gohan+Berlin/data=!4m2!3m1!1s0x47a84f536a4b04d5:0x40aed7bac4ef9876,Tokyo Gohan Berlin,restaurant,want to go,
Diepholz,52.6069946,8.360696599999999,https://www.google.com/maps/place/McDonald's/data=!4m2!3m1!1s0x47b74dc76caa1c1d:0x87f8661467f3858a,McDonald's,restaurant,favorite,
Dittelsheim-Heßloch,49.740046,8.217577,https://www.google.com/maps/place/St%C3%B6ckbauers+Weinkastell/data=!4m2!3m1!1s0x47bd88124f6a739f:0x9fbffd69addeebad,Stöckbauers Weinkastell,restaurant,favorite,
Amsterdam,52.366423000000005,4.8863658,https://www.google.com/maps/place/The+Avocado+Show/data=!4m2!3m1!1s0x47c6099392ff4ef9:0xcb276cc98eed0f27,The Avocado Show,restaurant,want to go,
Dortmund,51.5330563,7.4725302,https://www.google.com/maps/place/Junkyard/data=!4m2!3m1!1s0x47b910aa66cae75b:0x4657cddae2a6b340,Junkyard,art,want to go,
Downey,33.931284999999995,-118.11585679999999,https://www.google.com/maps/place/Dirt+Dog+Downey/data=!4m2!3m1!1s0x80c2cd44822eb3b5:0x8f92b232653a826e,Dirt Dog Downey,restaurant,want to go,
Dranske,54.66105520000001,13.310056600000003,https://www.google.com/maps/place/Nonnevitz/data=!4m2!3m1!1s0x47ab56ae55317563:0x9b5bdab1f9163634,Nonnevitz,other,want to go,
Dresden,51.041177,13.733974,"https://www.google.com/maps/search/51.041177,13.733974","51°02'28.2""N 13°44'02.3""E",other,favorite,
Dresden,51.069359999999996,13.75395,https://www.google.com/maps/place/Onlyone+Dresden/data=!4m2!3m1!1s0x4709cf3cf720ffad:0x541ad9f60e0c432c,Onlyone Dresden,bar,favorite,true
Dresden,51.088577199999996,13.766018899999999,https://www.google.com/maps/place/Sektor+Evolution/data=!4m2!3m1!1s0x4709cedca1638ba9:0x89b202884ced6d60,Sektor Evolution,club,favorite,
Dresden,51.0655469,13.7500684,https://www.google.com/maps/place/The+Spot/data=!4m2!3m1!1s0x4709cf3e5d66d5b1:0xfb21b87957ec028d,The Spot,shop,favorite,
Dresden,51.0520205,13.7443443,https://www.google.com/maps/place/Albertinum/data=!4m2!3m1!1s0x0:0xb08589969f10bdb0,Albertinum,other,want to go,
Dresden,51.053520299999995,13.816460499999998,https://www.google.com/maps/place/Dresden+Suspension+Railway/data=!4m2!3m1!1s0x4709c88d52fc8207:0xdf55d1ea14f4fefa,Dresden Suspension Railway,other,want to go,
Dresden,51.047912399999994,13.737309999999997,https://www.google.com/maps/place/GourmetLiner/data=!4m2!3m1!1s0x47a851278417ddb5:0xf1593bf7f63e71e4,GourmetLiner,restaurant,want to go,
Dublin,53.3352079,-6.2649881999999995,https://www.google.com/maps/place/Hang+Dai+Chinese/data=!4m2!3m1!1s0x48670e9fef9601f3:0xfc522bf313052eab,Hang Dai Chinese,restaurant,want to go,
Dubrovačko-neretvanska županija,42.63892,18.1104761,https://www.google.com/maps/place/Bard+Mala+Bu%C5%BEa/data=!4m2!3m1!1s0x134c0b33cd9fba29:0xf7d0d3d45011dd14,Bard Mala Buža,bar,want to go,
Duisburg,51.37564609999999,6.7379532,https://www.google.com/maps/place/Tiger+%26+Turtle/data=!4m2!3m1!1s0x47b8b8e2edbfce4b:0xca90d9ccf3f2dc50,Tiger & Turtle,experience,want to go,
Duisburg,51.4806122,6.783789400000001,https://www.google.com/maps/place/Landschaftspark+Duisburg/data=!4m2!3m1!1s0x47b8bfda492dbde5:0x97b47323438a20d4,Landschaftspark Duisburg,park,want to go,
Durrës,41.321814700000004,19.457688999999995,https://www.google.com/maps/place/Market+-+Ushqimore/data=!4m2!3m1!1s0x134fdbf140a3406f:0x795c5d09c00a2c9d,Market - Ushqimore,flea market,favorite,
Durrës,41.2504964,19.5199703,https://www.google.com/maps/place/Epidamn+White+Sensation/data=!4m2!3m1!1s0x134fdf17e467c05b:0xf8a3f06389af005b,Epidamn White Sensation,hotel,favorite,
Durrës,41.296620000000004,19.510027999999995,https://www.google.com/maps/place/Hotel+Villa+Pascucci/data=!4m2!3m1!1s0x134fd9a80cefef4b:0xd7f8c8bbe43d7d8,Hotel Villa Pascucci,hotel,favorite,
Durrës,41.5203315,19.5204697,https://www.google.com/maps/place/Melia+Durres+Albania/data=!4m2!3m1!1s0x134e2b4d49481b95:0x8f62ec6f4a2f4805,Melia Durres Albania,hotel,favorite,
Durrës,41.311529,19.446560299999998,https://www.google.com/maps/place/Epidamn+Restaurant+%26+Garden/data=!4m2!3m1!1s0x134fdbfc81b4b0cf:0x2b2c60ca2b396bdf,Epidamn Restaurant & Garden,restaurant,favorite,
Durrës,41.3221348,19.4501155,https://www.google.com/maps/place/Neda+lash+studio%2FHOUSE+OF+LASHES/data=!4m2!3m1!1s0x134fdbdc886f526b:0x45b8a75e462c8a93,Neda lash studio/HOUSE OF LASHES,other,want to go,
Durrës,41.314273799999995,19.4331908,https://www.google.com/maps/place/ZINS/data=!4m2!3m1!1s0x134fdbd2b5144353:0x4c8976cb7d26d87d,ZINS,bar,want to go,
Düsseldorf,51.2320068,6.764025900000001,https://www.google.com/maps/place/District+4/data=!4m2!3m1!1s0x47b8ca0339183947:0x952a71f23d9829e3,District 4,other,want to go,
Düsseldorf,51.2193183,6.7833689999999995,https://www.google.com/maps/place/Restaurant+Setzkasten+D%C3%BCsseldorf/data=!4m2!3m1!1s0x47b8cb7ecf770107:0x6e57de0918229b0,Restaurant Setzkasten Düsseldorf,restaurant,want to go,
Amsterdam,52.354709899999996,4.901603000000001,https://www.google.com/maps/place/Marqt/data=!4m2!3m1!1s0x47c6098e3a40906f:0xc15293c10482bc30,Marqt,shop,favorite,
Amsterdam,52.345648999999995,4.8254828,https://www.google.com/maps/place/RADION+Amsterdam/data=!4m2!3m1!1s0x47c5e188f5f5314b:0xd2e939b56d458171,RADION Amsterdam,club,favorite,
East London Public House,51.547607400000004,-0.050115900000000005,https://www.google.com/maps/place/Chesham+Arms/data=!4m2!3m1!1s0x48761cfcdc6213a7:0x85efa482f04c138b,Chesham Arms,bar,want to go,
East Newark,40.7506814,-74.1633193,https://www.google.com/maps/place/Tops+Diner/data=!4m2!3m1!1s0x89c2547b4ec3235b:0x7342f11f69197f92,Tops Diner,other,want to go,
East Rutherford,40.806346,-74.0711767,https://www.google.com/maps/place/Nickelodeon+Universe+Theme+Park/data=!4m2!3m1!1s0x89c2f8792cd20945:0xc8dad4de042bde27,Nickelodeon Universe Theme Park,park,want to go,
Eau Claire,44.771489200000005,-91.42968309999999,https://www.google.com/maps/place/Northern+Tap+House+-+Eau+Claire/data=!4m2!3m1!1s0x87f8bbe40846c06b:0x6adc5f95de03a4f6,Northern Tap House - Eau Claire,restaurant,want to go,
Ecuador,-1.8265803,-80.75388509999999,https://www.google.com/maps/place/Lost+Beach+Club/data=!4m2!3m1!1s0x902dd4e818b5f847:0x2eacf7a7033f297,Lost Beach Club,club,want to go,
Amsterdam,52.36677299999999,4.8699902999999996,https://www.google.com/maps/place/Paindemie/data=!4m2!3m1!1s0x47c609a998968b07:0xbc99360b93fda1e4,Paindemie,restaurant,want to go,
Edinburgh,55.946872299999995,-3.1974280999999998,https://www.google.com/maps/place/Mary's+Milk+Bar/data=!4m2!3m1!1s0x4887c79bceceaa8f:0xdd428fe8f0f0f34f,Mary's Milk Bar,bar,want to go,
Edinburgh,55.941113099999995,-3.2033572999999995,https://www.google.com/maps/place/Hajar%E2%80%99s+Shawarma+King/data=!4m2!3m1!1s0x4887c79fbd31388d:0x1705a663c5dc1943,Hajar’s Shawarma King,restaurant,want to go,
Edinburgh,55.9479232,-3.1950715000000005,https://www.google.com/maps/place/Maggie+Dicksons/data=!4m2!3m1!1s0x4887c79a5694c5e3:0x43e1555e67e0dbb2,Maggie Dicksons,bar,want to go,
Edinburgh,55.9532489,-3.2069455999999996,https://www.google.com/maps/place/Panda+%26+Sons/data=!4m2!3m1!1s0x4887c7bd87b0cb73:0x35f075d2913e1b53,Panda & Sons,bar,want to go,
Edisto Beach,32.50291179999999,-80.2990722,https://www.google.com/maps/place/Tortuga's+Mexican+Grill/data=!4m2!3m1!1s0x88fc3be560aa181b:0xcca13e56c372f09c,Tortuga's Mexican Grill,restaurant,want to go,
Edisto Island,32.5030575,-80.2988228,https://www.google.com/maps/place/Sandbar+Pizza+Joint/data=!4m2!3m1!1s0x88fc3b4eb456d8e9:0x4765490c8b1be58d,Sandbar Pizza Joint,bar,want to go,
Edisto Island,32.50266779999999,-80.29937799999999,https://www.google.com/maps/place/3+Gulls+Creamery/data=!4m2!3m1!1s0x88fc3ba35558decb:0x264593b452abf690,3 Gulls Creamery,shop,want to go,
Edisto Island,32.4862136,-80.3361049,https://www.google.com/maps/place/Ella+%26+Ollie's/data=!4m2!3m1!1s0x88fc3b09438e50e5:0x7c7df0391e48625c,Ella & Ollie's,restaurant,want to go,
Edisto Island,32.503667,-80.29805999999999,https://www.google.com/maps/place/McConkey's+Jungle+Shack/data=!4m2!3m1!1s0x88fc3abf74152b9d:0xaec9717d8b6c8f1a,McConkey's Jungle Shack,restaurant,want to go,
Edisto Island,32.501604,-80.30252899999999,https://www.google.com/maps/place/SeaCow+Eatery/data=!4m2!3m1!1s0x88fc3aea9ce375b9:0x990cdf687dc66e59,SeaCow Eatery,restaurant,want to go,
Amsterdam,52.3847364,4.8713559,https://www.google.com/maps/place/Pendergast/data=!4m2!3m1!1s0x47c609d5f48a1b21:0x2e12cd5b10f69c48,Pendergast,restaurant,favorite,
Amsterdam,52.325981899999995,4.8713553,https://www.google.com/maps/place/Japanse+Delicatessen+Atariya/data=!4m2!3m1!1s0x47c60a0d25d4f575:0x520b3535433d0e0b,Japanse Delicatessen Atariya,shop,want to go,
Amsterdam,52.3260277,4.8708936,https://www.google.com/maps/place/KAGETSU+III+Kastelenstraat/data=!4m2!3m1!1s0x47c60a0d20cc4781:0xece1c86bc513d380,KAGETSU III Kastelenstraat,restaurant,want to go,
Amsterdam,52.3754494,4.9023726,https://www.google.com/maps/place/Lastage/data=!4m2!3m1!1s0x47c609b97fe10dcf:0x4c031bc0cc44e734,Lastage,restaurant,want to go,
Elmhurst,40.7398374,-73.87877189999999,https://www.google.com/maps/place/Taiwanese+Gourmet/data=!4m2!3m1!1s0x89c25e52c83ff4c3:0xb2a20416ce4e84c5,Taiwanese Gourmet,restaurant,want to go,
Elmwood Park,41.90891529999999,-87.8133,https://www.google.com/maps/place/Johnnie's+Beef/data=!4m2!3m1!1s0x880fcb288023f791:0xc24ce96030c3461e,Johnnie's Beef,restaurant,want to go,
Elsdorf,50.9147245,6.592421999999999,https://www.google.com/maps/place/Aussichtspunkt+-+Terra+Nova+1/data=!4m2!3m1!1s0x47bf441d4cfcf235:0xda07f7d2bdaac273,Aussichtspunkt - Terra Nova 1,other,want to go,
Elsdorf,50.93180520000001,6.547780400000001,https://www.google.com/maps/place/Aussichtspunkt+Tagebau+Hambach/data=!4m2!3m1!1s0x47bf446acef0e493:0xa4d167ba1468e810,Aussichtspunkt Tagebau Hambach,experience,want to go,
Elwood VIC,-37.8857666,144.98873269999999,https://www.google.com/maps/place/Dandelion/data=!4m2!3m1!1s0x6ad668f1f5ed8777:0x30914c6402f19e13,Dandelion,restaurant,want to go,
Emeryville,37.8369813,-122.29423010000001,https://www.google.com/maps/place/Trader+Joe's/data=!4m2!3m1!1s0x80857e44850e02dd:0x4e852d0565e1c845,Trader Joe's,shop,favorite,
Epar.Od. Paipetis-Messogis,39.552192399999996,19.8622911,https://www.google.com/maps/place/Golden+View+%2F+Caf%C3%A9+-+Localgerie+and+More/data=!4m2!3m1!1s0x135b5f513a3fdd25:0x77a476178517e8bf,Golden View / Café - Localgerie and More,cafe,want to go,
Erding,48.290231000000006,11.888577600000001,https://www.google.com/maps/place/Therme+Erding/data=!4m2!3m1!1s0x479e104ed90bc11f:0x69d301cfa2943d78,Therme Erding,other,want to go,
Erkner,52.41218165,13.7569308,https://www.google.com/maps/place/Erkner/data=!4m2!3m1!1s0x47a830bb4c3b0753:0xe1c2089c3e93ce17,Erkner,park,favorite,
Escondido,33.0997931,-116.99229419999999,https://www.google.com/maps/place/San+Diego+Zoo+Safari+Park/data=!4m2!3m1!1s0x80dbf2055fa8affb:0xd216b5acbb5d2de8,San Diego Zoo Safari Park,park,favorite,
Escondido,33.1160521,-117.11975009999999,https://www.google.com/maps/place/Stone+Brewing+World+Bistro+%26+Gardens+-+Escondido/data=!4m2!3m1!1s0x80dbf4e6a75895b5:0x180bd36c240bdee3,Stone Brewing World Bistro & Gardens - Escondido,bar,want to go,
Essen,51.490290699999996,7.039160899999999,https://www.google.com/maps/place/Mixing+plant/data=!4m2!3m1!1s0x47b8e7e6f8e42053:0x9d291fc9d3ec8c93,Mixing plant,experience,want to go,
Essen,51.487871999999996,7.0451495999999985,https://www.google.com/maps/place/Red+Dot+Design+Museum/data=!4m2!3m1!1s0x47b8e7eee0699f89:0xc0dc11453ff747e2,Red Dot Design Museum,art,want to go,
Essen,51.489344599999995,7.029918299999999,https://www.google.com/maps/place/Treppe+ins+Nichts/data=!4m2!3m1!1s0x47b8e70f8996dd87:0xd74d6898cc67f842,Treppe ins Nichts,experience,want to go,
Essen,51.4877427,7.0439172,https://www.google.com/maps/place/UNESCO-Welterbe+Zollverein/data=!4m2!3m1!1s0x47b8e7eee0699f89:0x78f558bfb85b6c1a,UNESCO-Welterbe Zollverein,other,want to go,
Essen,51.490546599999995,7.038703600000001,https://www.google.com/maps/place/Werksschwimmbad+auf+Zollverein/data=!4m2!3m1!1s0x47b8e7e6fca966bb:0x76f58368d703db2c,Werksschwimmbad auf Zollverein,other,want to go,
Estr. dos Capuchos,38.784449599999995,-9.438101999999999,https://www.google.com/maps/place/Convent+of+the+Capuchos/data=!4m2!3m1!1s0xd1edac752cb070d:0x6a29d7f9c9bbcc1c,Convent of the Capuchos,other,want to go,
Estrada da Pena,38.7875851,-9.3906089,https://www.google.com/maps/place/Park+and+National+Palace+of+Pena/data=!4m2!3m1!1s0xd1edabff29c5a67:0x77271a7dcb673b58,Park and National Palace of Pena,park,want to go,
Estrada do Cabo da Roca s-n,38.78013705,-9.49791965,https://www.google.com/maps/place/Cabo+da+Roca/data=!4m2!3m1!1s0xd1edac0235d438d:0x953ad8a898fcb3af,Cabo da Roca,other,want to go,
ET Rijswijk,52.042158699999995,4.335075499999999,https://www.google.com/maps/place//data=!4m2!3m1!1s0x47c5b68950564831:0xddbd427e57453084,Boulangerie Michel,bakery,want to go,
Amsterdam,52.364301499999996,4.860597799999999,https://www.google.com/maps/place/Kinkerstraat+365/data=!4m2!3m1!1s0x47c5e20c76a87599:0xfe6f6669a89ccf8b,Kinkerstraat 365,art,favorite,
Amsterdam,52.364410299999996,4.8605323,https://www.google.com/maps/place/Kinkerstraat+371-363/data=!4m2!3m1!1s0x47c5e20c76a87599:0xa77461c33e9cfe87,Kinkerstraat 371-363,other,favorite,
Faro,37.016930599999995,-7.934863899999998,https://www.google.com/maps/place/Los+Locos/data=!4m2!3m1!1s0xd05539314fe154b:0x6c48aefd2c9d1f61,Los Locos,other,want to go,
Fehmarn,54.5083457,11.195444499999999,https://www.google.com/maps/place/Beltbude/data=!4m2!3m1!1s0x47ad6472b277e967:0xe42baa0f34b75c6c,Beltbude,bar,want to go,
Fehmarn,54.450401299999996,11.145221699999999,https://www.google.com/maps/place/Dat+ole+Aalhus/data=!4m2!3m1!1s0x47ad6353a8eb314d:0xee36dc979cf78d29,Dat ole Aalhus,restaurant,want to go,
Fehmarn,54.4409013,11.0176229,https://www.google.com/maps/place/Leuchtturm+Fl%C3%BCgge/data=!4m2!3m1!1s0x47b282a3e41ab11d:0x889a5c3605550250,Leuchtturm Flügge,experience,want to go,
Finland,60.183792100000005,24.960000800000003,https://www.google.com/maps/place/Kaiku/data=!4m2!3m1!1s0x4692097e11ecd17f:0x90db0a084d8e158a,Kaiku,club,favorite,
Finland,60.1883411,24.940369399999998,https://www.google.com/maps/place/Linnanm%C3%A4ki/data=!4m2!3m1!1s0x469209874401d469:0x5992a2a22448083a,Linnanmäki,park,favorite,
Finsbury Park,51.5620146,-0.10510810000000001,https://www.google.com/maps/place/The+Plimsoll/data=!4m2!3m1!1s0x48761b4b35a84039:0xcf341b5e3f1b3a92,The Plimsoll,bar,favorite,
Firenze FI,43.769737,11.2568188,https://www.google.com/maps/place/Gucci+Osteria+da+Massimo+Bottura/data=!4m2!3m1!1s0x132a5400dfa5685d:0x56f8c8a3dc20d908,Gucci Osteria da Massimo Bottura,restaurant,want to go,
Florence,34.271699399999996,-79.7023584,https://www.google.com/maps/place/Buc-ee's/data=!4m2!3m1!1s0x8855435344a0f35b:0xb15522e0eee9a2cd,Buc-ee's,shop,want to go,
Florence,38.990747899999995,-84.6362583,https://www.google.com/maps/place/Wildwood+Inn/data=!4m2!3m1!1s0x8841c7a7c2eea8c5:0x342a221d9c8b85df,Wildwood Inn,hotel,want to go,
Flushing,40.7611072,-73.8310692,https://www.google.com/maps/place/Eight+Jane/data=!4m2!3m1!1s0x89c2600fcf9f8e31:0x42c04f3c63a2bf5f,Eight Jane,restaurant,want to go,
Flushing,40.699634,-73.8984739,https://www.google.com/maps/place/Peg's+Cavalier/data=!4m2!3m1!1s0x89c25d7d979dd7f5:0x2bbbadac91a72fa,Peg's Cavalier,bar,want to go,
Flushing,40.7604013,-73.8324968,https://www.google.com/maps/place/Spicy+Palace+%E9%A9%AC%E8%B7%AF%E8%BE%B9%E8%BE%B9/data=!4m2!3m1!1s0x89c261e109bf3931:0xb3e6011ac7a3fb6f,Spicy Palace 马路边边,restaurant,want to go,
Folly Beach,32.6564952,-79.9387521,https://www.google.com/maps/place/Chico+Feo/data=!4m2!3m1!1s0x88fdd7ebcd59d3f9:0x3d6b16285159089b,Chico Feo,restaurant,want to go,
Fort Erie,42.910643199999996,-78.91084839999999,https://www.google.com/maps/place/Robo+Mart/data=!4m2!3m1!1s0x89d3137412ec0013:0xc355e3e0b994746d,Robo Mart,art,want to go,
Fort Mill,35.027143900000006,-80.96271370000001,https://www.google.com/maps/place/PuckerButt+Pepper+Co/data=!4m2!3m1!1s0x885685aaa8661191:0x27e3bc3a05fd1886,PuckerButt Pepper Co,shop,favorite,
Fort Mill,35.075422599999996,-80.9338355,https://www.google.com/maps/place/Lee+Cafe/data=!4m2!3m1!1s0x88569b184e79e6d9:0x2024d06873d3781d,Lee Cafe,cafe,want to go,
Fort Mill,35.0478793,-80.9956497,https://www.google.com/maps/place/Model+A+Brewing+Co./data=!4m2!3m1!1s0x88568f5dc1fc2c3b:0x786dcdb6604f181b,Model A Brewing Co.,bar,want to go,
Framersheim,49.7604199,8.178904700000002,https://www.google.com/maps/place/Krone/data=!4m2!3m1!1s0x47bd89bafbaef18d:0x532b408e2c723156,Krone,restaurant,want to go,
Framersheim,49.7615826,8.178350100000001,https://www.google.com/maps/place/Pizzeria-Cavallino/data=!4m2!3m1!1s0x47bd89a4d7de3a0f:0x1c41f46ea316f126,Pizzeria-Cavallino,restaurant,want to go,
Frankfurt am Main,50.1073445,8.6694446,https://www.google.com/maps/place/Pak+Choi/data=!4m2!3m1!1s0x47bd0eaa81770f19:0xc7b94da510e53f2f,Pak Choi,restaurant,favorite,
Frankfurt am Main,50.1232149,8.6578301,https://www.google.com/maps/place/Palmengarten/data=!4m2!3m1!1s0x47bd0945d9c4f2c5:0x3dd48c9d6e4969e5,Palmengarten,art,want to go,
Frankfurt am Main,50.1088417,8.6673447,https://www.google.com/maps/place/The+Kinly+Bar/data=!4m2!3m1!1s0x47bd0eaacf11cdbd:0xa7568cb79c4e56de,The Kinly Bar,bar,want to go,
Frankfurt am Main,50.106126599999996,8.652801199999997,https://www.google.com/maps/place/Chicago+Williams+BBQ/data=!4m2!3m1!1s0x47bd0b9c93000d51:0x672317e4b21c6e34,Chicago Williams BBQ,restaurant,want to go,
Frankfurt am Main,50.1251527,8.7062634,https://www.google.com/maps/place//data=!4m2!3m1!1s0x47bd0eecb35af2d5:0xec152d894a5312a9,Sonamu,restaurant,want to go,
Frankfurt am Main,50.1096336,8.686817300000001,https://www.google.com/maps/place/SEVEN+SWANS/data=!4m2!3m1!1s0x47bd0ea135c72823:0x9b5ae0e7e20a33d2,SEVEN SWANS,restaurant,want to go,
Frankfurt am Main,50.103092499999995,8.6740583,https://www.google.com/maps/place/St%C3%A4del+Museum/data=!4m2!3m1!1s0x47bd0c03a3bb52eb:0xa10d34145182f49f,Städel Museum,art,want to go,
Frankfurt am Main,50.10534,8.678200000000002,https://www.google.com/maps/place/Restaurant+Lohninger/data=!4m2!3m1!1s0x47bd0c02b8379ddb:0x27fa121097a67917,Restaurant Lohninger,restaurant,want to go,
Furore SA,40.614338,14.554590500000002,https://www.google.com/maps/place/Fiordo+di+Furore/data=!4m2!3m1!1s0x133b96a2cb4b931d:0xb2c9742dd2d12e93,Fiordo di Furore,experience,want to go,
Fushe -Thethi,42.389451199999996,19.781673200000004,https://www.google.com/maps/place/Kisha+e+Thethit/data=!4m2!3m1!1s0x13526d736a070ae1:0xb28094eb4257f109,Kisha e Thethit,other,want to go,
Fushe Okol Rruga per Theth shkoder,42.3970231,19.6951513,https://www.google.com/maps/place/Kulla+e+Bajraktarit/data=!4m2!3m1!1s0x135273ced58b7e8d:0x2d068fc20ec7d82c,Kulla e Bajraktarit,restaurant,want to go,
Amsterdam,52.3685178,4.8855257,https://www.google.com/maps/place/Ron+Gastrobar+Oriental/data=!4m2!3m1!1s0x47c609e9cbd7c83f:0x42fcb8954e579d61,Ron Gastrobar Oriental,bar,want to go,
Amsterdam,52.369285,4.893422999999999,https://www.google.com/maps/place/Pancakehouse+Upstairs/data=!4m2!3m1!1s0x47c609c0606c9f43:0xfc48c41d6d53239c,Pancakehouse Upstairs,restaurant,want to go,
Gablenz,51.53630899999999,14.6404792,https://www.google.com/maps/place/The+Devil's+Bridge/data=!4m2!3m1!1s0x47088958c3cbbe49:0xd927797ae7fb7183,The Devil's Bridge,experience,want to go,
Gaffney,35.0866403,-81.6597329,https://www.google.com/maps/place/Daddy+Joe's+Beach+House+BBQ+and+Grill/data=!4m2!3m1!1s0x8857053c9bbeee0d:0xe96e61c18667bf37,Daddy Joe's Beach House BBQ and Grill,bar,want to go,
Ganarjiis Mukhuri,42.3941616,41.556895499999996,https://www.google.com/maps/place/Anaklia+Tower/data=!4m2!3m1!1s0x405dd325c3500033:0x7b8641a2120fab94,Anaklia Tower,experience,want to go,
LA,33.883727199999996,-118.3260586,https://www.google.com/maps/place/Chick-fil-A/data=!4m2!3m1!1s0x80c2b5413262e65b:0x4bc352bff388e0e5,Chick-fil-A,restaurant,favorite,
LA,33.888838500000006,-118.3101443,https://www.google.com/maps/place/Coco's+Tacos/data=!4m2!3m1!1s0x80c2b5b0ca86be25:0x24744ca8219f17e8,Coco's Tacos,restaurant,favorite,
LA,33.8832537,-118.3262237,https://www.google.com/maps/place/Del+Taco/data=!4m2!3m1!1s0x80c2b50a78a6106f:0x1f2af37abe05de06,Del Taco,restaurant,favorite,
LA,33.8804549,-118.30936799999999,https://www.google.com/maps/place/Otafuku+Restaurant/data=!4m2!3m1!1s0x80c2b57a5cb40001:0x9197e61705540dcb,Otafuku Restaurant,restaurant,favorite,
LA,33.8847277,-118.308971,https://www.google.com/maps/place/Chikara+Mochi/data=!4m2!3m1!1s0x80c2b579ae4fad4b:0xfbdf81064070273e,Chikara Mochi,shop,want to go,
LA,33.888222500000005,-118.29203810000001,https://www.google.com/maps/place/Gardena+Bowling+Center/data=!4m2!3m1!1s0x80c2ca86eacce095:0xad98330656184fbe,Gardena Bowling Center,park,want to go,
LA,33.887696,-118.31403200000001,https://www.google.com/maps/place/Shin-Sen-Gumi+Hakata+Ramen+-+Gardena/data=!4m2!3m1!1s0x80c2b59d79dc3509:0x1edfbd8cb3e64276,Shin-Sen-Gumi Hakata Ramen - Gardena,restaurant,want to go,
LA,33.88739139999999,-118.31422010000001,https://www.google.com/maps/place/Sushi+Bei/data=!4m2!3m1!1s0x80c2b59d9d7b99f5:0xc71a7105adbc1a05,Sushi Bei,restaurant,want to go,
LA,33.888075,-118.3047611,https://www.google.com/maps/place/Tokyo+Central+%26+Main/data=!4m2!3m1!1s0x80c2b5826663f60d:0xc0e9f438ebf1276d,Tokyo Central & Main,shop,want to go,
LA,33.888985899999994,-118.3085378,https://www.google.com/maps/place/Furaibo+Japanese+Restaurant/data=!4m2!3m1!1s0x80c2b5828a3192b3:0x71bc659eb80084bc,Furaibo Japanese Restaurant,restaurant,want to go,
LA,33.879916,-118.30945799999999,https://www.google.com/maps/place/The+Pan+Restaurant/data=!4m2!3m1!1s0x80c2b57a5eff79b5:0x76873d6d8adf346a,The Pan Restaurant,restaurant,want to go,
Gardner,41.1897144,-88.3054145,https://www.google.com/maps/place/The+Shop+On+Route+66/data=!4m2!3m1!1s0x880c28b56c1f6495:0xbc7486f50d16dc07,The Shop On Route 66,shop,favorite,
Amsterdam,52.3801768,4.8885231,https://www.google.com/maps/place/Cafe+Tabac/data=!4m2!3m1!1s0x47c609cf1e2ca3bb:0xfd6cadbb2235caff,Cafe Tabac,cafe,want to go,
Gdańsk,54.4090741,18.5669834,https://www.google.com/maps/place/Pierogarnia+Mandu+Gda%C5%84sk+Oliwa/data=!4m2!3m1!1s0x46fd7532dd08953d:0xb3564fb4e5f05e43,Pierogarnia Mandu Gdańsk Oliwa,restaurant,want to go,
Gdynia,54.513404799999996,18.540075799999997,https://www.google.com/maps/place/FLOW+CAFE/data=!4m2!3m1!1s0x46fda75bbf687fc5:0xd79d5ce4ec76560,FLOW CAFE,cafe,want to go,
GEO_PHOTO_REFERENCE,32.817139,-79.95881299999999,https://www.google.com/maps/place/1593+Oceanic+St/data=!4m2!3m1!1s0x88fe7afc77b3b26b:0x6c811fbb1079c4cc,1593 Oceanic St,other,favorite,
GEO_PHOTO_REFERENCE,44.8743788,13.848268899999999,https://www.google.com/maps/place/Trajektna+luka+Pula/data=!4m2!3m1!1s0x477cd2e6d62dc05f:0xb572cc70fe5d581e,Trajektna luka Pula,other,favorite,
GEO_PHOTO_REFERENCE,34.926498099999996,-81.0188043,https://www.google.com/maps/place/334+N+Confederate+Ave/data=!4m2!3m1!1s0x885688f7de4b4413:0x651570c515973f70,334 N Confederate Ave,other,want to go,
GEO_PHOTO_REFERENCE,35.706064749999996,139.65926205,https://www.google.com/maps/place/Nakano+City/data=!4m2!3m1!1s0x6018f28fc070d0a3:0x748f86a7a66c41cc,Nakano City,other,want to go,
Georgetown,33.3678318,-79.2859422,https://www.google.com/maps/place/Root/data=!4m2!3m1!1s0x89002dc8c621d101:0xa7c8d2401f915f2b,Root,restaurant,want to go,
Gersfeld (Rhön),50.50046149999999,9.942440199999998,https://www.google.com/maps/place/Rh%C3%B6nbob/data=!4m2!3m1!1s0x47a33dd76948004f:0xa8b032a1ada0a9b,Rhönbob,nature,favorite,
Amsterdam,52.3864186,4.9090931,https://www.google.com/maps/place/Caf%C3%A9+Modern/data=!4m2!3m1!1s0x47c609b2c484edc9:0x94e1ddac8957fe01,Café Modern,restaurant,want to go,
Gilroy,36.971575,-121.5533567,https://www.google.com/maps/place/Garlic+World/data=!4m2!3m1!1s0x8091e3733c9056f7:0x977c02ad21853a0e,Garlic World,shop,want to go,
Gipuzkoa,43.32373810000001,-1.9840577,https://www.google.com/maps/place/Bar+Txepetxa/data=!4m2!3m1!1s0xd51a54dc5bc057d:0x16b8fd2f9371de45,Bar Txepetxa,bar,want to go,
Gipuzkoa,43.276101,-2.1270028,https://www.google.com/maps/place/Bodeg%C3%B3n+Asador+Joxe+Mari/data=!4m2!3m1!1s0xd51b7c984aaa1b7:0x83c9abc2c58dd769,Bodegón Asador Joxe Mari,other,want to go,
Gipuzkoa,43.135240599999996,-2.0723371,https://www.google.com/maps/place/Casa+Juli%C3%A1n+de+Tolosa/data=!4m2!3m1!1s0xd504b673c87d93f:0x5a2849a43712bbef,Casa Julián de Tolosa,other,want to go,
Gipuzkoa,43.3233372,-1.9844592,https://www.google.com/maps/place/Casa+Urola/data=!4m2!3m1!1s0xd51a54d98c7a9c9:0x799ffbebbb7d7872,Casa Urola,restaurant,want to go,
Gipuzkoa,43.303045499999996,-2.2049776999999997,https://www.google.com/maps/place/ELKANO/data=!4m2!3m1!1s0xd51c8a219a0d11f:0x2a5ca57ed5e4784,ELKANO,restaurant,want to go,
Gipuzkoa,43.3232321,-1.9841776999999998,https://www.google.com/maps/place/Otaegui/data=!4m2!3m1!1s0xd51a54dc20e5b4f:0x7c7f3ab6da65d4de,Otaegui,shop,want to go,
Girona,41.9834405,2.8248743999999992,https://www.google.com/maps/place/El+Caf%C3%A8/data=!4m2!3m1!1s0x12bae6dd9a0198cb:0x8e70f684eaf0de14,El Cafè,other,want to go,
Girona,42.25010609999999,3.2265544999999993,https://www.google.com/maps/place/elBulli1846/data=!4m2!3m1!1s0x12ba67435646409d:0x4c2743935680d39a,elBulli1846,art,want to go,
Amsterdam,52.368786199999995,4.883865099999999,https://www.google.com/maps/place/De+Kaaskamer/data=!4m2!3m1!1s0x47c609c2e9620157:0x934cc7f69775538f,De Kaaskamer,shop,favorite,
Gjakovë,42.6683296,21.162262,https://www.google.com/maps/place/Furra+%22+MONI+%22/data=!4m2!3m1!1s0x13549f1f02af3d1f:0xdb7d665e137d8c38,"Furra "" MONI """,bakery,favorite,
Gjirokaster,40.076398,20.145678299999997,https://www.google.com/maps/place/The+Stone+Sky+hotel+%26+restaurant/data=!4m2!3m1!1s0x135b03277ab594d9:0xafecbf18befaf75,The Stone Sky hotel & restaurant,restaurant,want to go,
Gjirokastër,40.0646348,20.1317213,https://www.google.com/maps/place/Ali+Pasha+Bridge/data=!4m2!3m1!1s0x135b1db9a549ade7:0xa599f5677b757a88,Ali Pasha Bridge,experience,want to go,
Gjirokastër,40.0727906,20.139219900000004,https://www.google.com/maps/place/Castle+of+Gjirokastra/data=!4m2!3m1!1s0x135b0334d4596591:0xd44f684d91754118,Castle of Gjirokastra,other,want to go,
Amsterdam,52.352607899999995,4.8914267,https://www.google.com/maps/place/Coffee+%26+Coconuts./data=!4m2!3m1!1s0x47c609f3304eb613:0x2b590d1b177aa4eb,Coffee & Coconuts.,cafe,want to go,
Amsterdam,52.356024299999994,4.9118928,https://www.google.com/maps/place/Bar+Bouche/data=!4m2!3m1!1s0x47c60919dd02913b:0xbae1e3799d860b71,Bar Bouche,bar,want to go,
Glasgow,55.8708533,-4.315500800000001,https://www.google.com/maps/place/Ga+Ga/data=!4m2!3m1!1s0x4888459893c71ae9:0xa205cd7f0a71b578,Ga Ga,restaurant,want to go,
Glasgow,55.8669405,-4.291710200000001,https://www.google.com/maps/place/Tantrum+Doughnuts/data=!4m2!3m1!1s0x488845d133b80b2b:0xf506a22ce4f8087f,Tantrum Doughnuts,shop,want to go,
Gleimstraße,52.5469053,13.406588,https://www.google.com/maps/place/Caf%C3%A9+EGGRYTHING/data=!4m2!3m1!1s0x47a8533075b329a3:0xd137102ab569b0bc,Café EGGRYTHING,restaurant,want to go,
Glendale,40.692461900000005,-73.90153579999999,https://www.google.com/maps/place/Nowadays/data=!4m2!3m1!1s0x89c25c3aa3dee0fb:0x19510f7d1351751b,Nowadays,club,favorite,
Glendale,40.701781499999996,-73.88110619999999,https://www.google.com/maps/place/Zum+Stammtisch/data=!4m2!3m1!1s0x89c25e7890e76761:0x60acb40d30b90e26,Zum Stammtisch,restaurant,want to go,
Glendale,34.1502189,-118.25462859999999,https://www.google.com/maps/place/Carousel+Restaurant+Glendale/data=!4m2!3m1!1s0x80c2c054e5483e4b:0x8973313e4a7d0380,Carousel Restaurant Glendale,restaurant,want to go,
Glenwood Springs,39.5536567,-107.33243159999999,https://www.google.com/maps/place/Glenwood+Caverns+Adventure+Park/data=!4m2!3m1!1s0x8741099c98a52c2d:0xbc8a8d35fc53b8c0,Glenwood Caverns Adventure Park,park,want to go,
Golem,41.267375,19.518304199999996,https://www.google.com/maps/place/Watersports+Jetski+Skerdi/data=!4m2!3m1!1s0x134fd9a5a0a971d1:0x1940e976fb4d889c,Watersports Jetski Skerdi,other,want to go,
Amsterdam,52.352999399999995,4.894070999999999,https://www.google.com/maps/place/Sinne/data=!4m2!3m1!1s0x47c6098ce6d20ccf:0xf538feea8ec2970d,Sinne,restaurant,want to go,
Amsterdam,52.35384089999999,4.911496,https://www.google.com/maps/place/Volkshotel/data=!4m2!3m1!1s0x47c609849e8c5715:0x339baae7ac77985c,Volkshotel,hotel,favorite,
Grad Dubrovnik,42.639053,18.108707000000003,https://www.google.com/maps/place/Bu%C5%BEa+Bar/data=!4m2!3m1!1s0x134c0b32167d84b3:0x6b76c778ca447932,Buža Bar,bar,want to go,
Grad Dubrovnik,42.691995,18.0470383,https://www.google.com/maps/place/Gverovi%C4%87+%E2%80%93+Orsan+%7C+%C5%A0tikovica/data=!4m2!3m1!1s0x134b8bd31212c895:0xe8511b1914165672,Gverović – Orsan | Štikovica,restaurant,want to go,
Grad Pula,44.8979009,13.8081739,https://www.google.com/maps/place/Punti%C5%BEela+dd/data=!4m2!3m1!1s0x477cd213f34cb015:0xc3736d210e40393d,Puntižela dd,other,want to go,
Grainau,47.457256,10.973609499999998,https://www.google.com/maps/place/Eibsee/data=!4m2!3m1!1s0x479d020cf5cceb9d:0x57098d3badeaa1dc,Eibsee,other,want to go,
Greater London,51.493570299999995,-0.09870889999999999,https://www.google.com/maps/place/Corsica+Studios/data=!4m2!3m1!1s0x487604a1e06d4c85:0x9da9b941e55c9e81,Corsica Studios,club,want to go,
Greater London,51.5916078,-0.042894800000000004,https://www.google.com/maps/place/Signature+Brew+Blackhorse+Road/data=!4m2!3m1!1s0x48761d988d9f5a29:0xf6a71de811c2c23e,Signature Brew Blackhorse Road,nature,want to go,
Greenville,34.851911099999995,-82.3986475,https://www.google.com/maps/place/Neat+Bourbon+Bar/data=!4m2!3m1!1s0x88583112c5c3dd8b:0x72e6be5bc22a606c,Neat Bourbon Bar,bar,want to go,
Greenville,34.8468004,-82.3999475,https://www.google.com/maps/place/CAMP+Modern+American+Eatery/data=!4m2!3m1!1s0x88583122e5bed4b3:0xf55f2789f6d92596,CAMP Modern American Eatery,restaurant,want to go,
Greenville,34.8419939,-82.4111142,https://www.google.com/maps/place/EXILE/data=!4m2!3m1!1s0x885831b668a697c5:0x40bb8ddc5e2fbebb,EXILE,bar,want to go,
Greenville,34.848225299999996,-82.3993346,https://www.google.com/maps/place/The+Jones+Oyster+Co./data=!4m2!3m1!1s0x8858311ede815763:0x33cbb8943dd9d5d0,The Jones Oyster Co.,restaurant,want to go,
Greenville,34.8454976,-82.4097939,https://www.google.com/maps/place/Urban+Wren/data=!4m2!3m1!1s0x885831eea18d1355:0xe9ea0c0aa52eaf6a,Urban Wren,restaurant,want to go,
Greenville,34.8451108,-82.4022569,https://www.google.com/maps/place/Jianna/data=!4m2!3m1!1s0x88583032d66c339d:0x1f05bc3f31216071,Jianna,restaurant,want to go,
Greer,34.948719,-82.2236252,https://www.google.com/maps/place/Guacamole+Mexican+Grill/data=!4m2!3m1!1s0x88582aa37015b933:0x95af6a50df636f92,Guacamole Mexican Grill,restaurant,want to go,
Grindelwald,46.658542999999995,8.0651675,https://www.google.com/maps/place/First+Mountain+Cart/data=!4m2!3m1!1s0x478f9a34bff04161:0x79c9a89a7a0b37a5,First Mountain Cart,art,want to go,
Grindelwald,46.61749459999999,8.056042399999999,https://www.google.com/maps/place/Fly-Line+Pfingstegg/data=!4m2!3m1!1s0x478f9bb6b222e8cd:0x89bdba7ef50f344a,Fly-Line Pfingstegg,experience,want to go,
Groß Kreutz (Havel),52.376420499999995,12.764852099999999,https://www.google.com/maps/place/Urban+Industrial/data=!4m2!3m1!1s0x47a84e3be97f5e01:0xa5c3e536f18d89b7,Urban Industrial,shop,favorite,
Grünheide (Mark),52.425339199999996,13.807922699999999,https://www.google.com/maps/place/Kletterwald+Gr%C3%BCnheide+bei+Berlin/data=!4m2!3m1!1s0x416524aad27eb5d5:0x50af9ccec48b2be2,Kletterwald Grünheide bei Berlin,other,want to go,
Amsterdam,52.352363499999996,4.9127833999999995,https://www.google.com/maps/place/Benji's/data=!4m2!3m1!1s0x47c6098377b9f10d:0xe73c9bea47e76b93,Benji's,restaurant,favorite,
Guatemala,14.556683899999998,-90.73533359999999,https://www.google.com/maps/place/Barriga+Llena/data=!4m2!3m1!1s0x85890f14053b1d05:0xd74a902226dc010d,Barriga Llena,bar,want to go,
Guatemala,14.5585993,-90.7279093,https://www.google.com/maps/place/Casa+Santo+Domingo/data=!4m2!3m1!1s0x8589a22abb904243:0x7688f328c77074f0,Casa Santo Domingo,hotel,want to go,
Guatemala,14.565519600000004,-90.4814399,https://www.google.com/maps/place/Diac%C3%A1/data=!4m2!3m1!1s0x8589a341021ada95:0xa260618ab978be4b,Diacá,restaurant,want to go,
Guatemala,14.5585855,-90.7379907,https://www.google.com/maps/place/Hugo%E2%80%99s+Ceviches/data=!4m2!3m1!1s0x85890fe2509dc327:0x4f0f020a7cfdf638,Hugo’s Ceviches,restaurant,want to go,
Guatemala,14.6208546,-90.5143756,https://www.google.com/maps/place/Mercado+24/data=!4m2!3m1!1s0x8589a31aad7855e7:0xd7ac70cd158b3ca8,Mercado 24,restaurant,want to go,
Guatemala,14.5576039,-90.7274781,https://www.google.com/maps/place/Nanik+Antigua+Guatemala/data=!4m2!3m1!1s0x8589a16964327c31:0xbddb1c2c11cec225,Nanik Antigua Guatemala,restaurant,want to go,
Guatemala,14.555706399999998,-90.7352403,https://www.google.com/maps/place/Hugos+Ceviche+Restaurante/data=!4m2!3m1!1s0x85890e0d3f785d15:0x53364f9593c9293,Hugos Ceviche Restaurante,restaurant,want to go,
Amsterdam,52.3726429,4.884364800000001,https://www.google.com/maps/place/Pulitzer's+Bar/data=!4m2!3m1!1s0x47c609c49dc65775:0x848f561926f7288,Pulitzer's Bar,bar,want to go,
Görlitz,51.129839999999994,14.970260000000001,https://www.google.com/maps/place/K%C3%BChlhaus+G%C3%B6rlitz/data=!4m2!3m1!1s0x4708de8e4ddfb489:0x55634865db2d3dad,Kühlhaus Görlitz,other,favorite,
Günzburg,48.4222356,10.3014113,https://www.google.com/maps/place/Legoland+Deutschland+Resort/data=!4m2!3m1!1s0x47994fff3af9392f:0xc97c021a52eba2ca,Legoland Deutschland Resort,park,favorite,
Hamburg,53.5546462,10.008434699999999,https://www.google.com/maps/place/Dim+Sum+Haus/data=!4m2!3m1!1s0x47b18ee0d4087bf3:0x88d487b6fb874045,Dim Sum Haus,restaurant,favorite,
Hamburg,53.547970299999996,9.9577016,https://www.google.com/maps/place/Maa'+deyo/data=!4m2!3m1!1s0x47b18f900a5d0dd5:0xb168dd050831ffc8,Maa' deyo,restaurant,favorite,
Hamburg,53.54372765,9.9889078,https://www.google.com/maps/place/Miniatur+Wunderland/data=!4m2!3m1!1s0x47b18f046c70d7e1:0xa74ecf412ecd18ba,Miniatur Wunderland,art,favorite,
Hamburg,53.5512193,9.930701799999998,https://www.google.com/maps/place/Marta/data=!4m2!3m1!1s0x47b185ffc7d51965:0x4fb0ff2327fbb457,Marta,art,want to go,
Hamburg,53.543346899999996,9.9958712,https://www.google.com/maps/place/KITCHENS+Restaurant+%26+Bar/data=!4m2!3m1!1s0x47b18f026c3aaaab:0x9a8d2e9c20e7afe5,KITCHENS Restaurant & Bar,bar,want to go,
Hamburg,53.553214600000004,9.958475099999998,https://www.google.com/maps/place/XO+Seafoodbar/data=!4m2!3m1!1s0x47b18f61727d5ca1:0x7fb96dfa4eb97537,XO Seafoodbar,bar,want to go,
Hamburg,53.563808400000006,9.959505,https://www.google.com/maps/place/BATU+Noodle+Society+%E7%AB%B9%E9%BE%9F/data=!4m2!3m1!1s0x47b18f8611259599:0xf53ffefab85cf399,BATU Noodle Society 竹龟,shop,want to go,
Hamburg,53.569268,9.898463,https://www.google.com/maps/place/Baturina+Homewear/data=!4m2!3m1!1s0x47b185d4d3b0224f:0xafc2411b8080bd54,Baturina Homewear,shop,want to go,
Hamburg,53.5613659,9.9606219,https://www.google.com/maps/place/Bistro+Carmagnole/data=!4m2!3m1!1s0x47b18f4298cea3ef:0x1d9802e1b9476225,Bistro Carmagnole,restaurant,want to go,
Hamburg,53.5532715,9.9572429,https://www.google.com/maps/place/Blackline/data=!4m2!3m1!1s0x47b18f92f7b79be3:0x1c3b6829a1059b05,Blackline,cafe,want to go,
Hamburg,53.5610516,9.9674917,https://www.google.com/maps/place/Erika's+Eck/data=!4m2!3m1!1s0x47b18f41e61f334b:0xea7def56a09a33c5,Erika's Eck,restaurant,want to go,
Hamburg,53.5491045,9.962158900000002,https://www.google.com/maps/place/Holy+Taco/data=!4m2!3m1!1s0x47b18f721ae33a71:0x464d63fbe1e05d09,Holy Taco,restaurant,want to go,
Hamburg,53.5494945,9.956711000000002,https://www.google.com/maps/place/Hooters+Hamburg+St.+Pauli/data=!4m2!3m1!1s0x47b18f703091bd17:0xa3b2e9d0d681f92b,Hooters Hamburg St. Pauli,restaurant,want to go,
Hamburg,53.54230249999999,9.9985008,https://www.google.com/maps/place//data=!4m2!3m1!1s0x47b18efde87b0143:0x27bd9b2799c394dd,NENI Hamburg,restaurant,want to go,
Hamburg,53.5489691,9.960116000000001,https://www.google.com/maps/place/Kleine+Haie+Gro%C3%9Fe+Fische/data=!4m2!3m1!1s0x47b18f71eb9d1101:0x4c04ac29cb288daf,Kleine Haie Große Fische,bar,want to go,
Hamburg,53.55294,9.96041,https://www.google.com/maps/place/Raum+f%C3%BCr+Illustration/data=!4m2!3m1!1s0x47b18f70f15bffff:0xd998bdc8d7d06d0,Raum für Illustration,other,want to go,
Hamburg,53.5574198,9.965943899999997,https://www.google.com/maps/place/UNDERDOCKS/data=!4m2!3m1!1s0x47b18f050fec71f3:0x5f433a9865249ecb,UNDERDOCKS,restaurant,want to go,
Hamburg,53.545916999999996,9.981559999999998,https://www.google.com/maps/place/%C3%82me+Nue/data=!4m2!3m1!1s0x47b18f0f9ea7ffc7:0xb0e8f372e97a3b82,Âme Nue,art,want to go,
Hamburg,53.5824516,9.9795748,https://www.google.com/maps/place/%C3%86NDR%C3%88/data=!4m2!3m1!1s0x47b18ee625e2a60b:0x502e5d247964e87d,ÆNDRÈ,restaurant,want to go,
Hamburg,53.550442499999996,9.843635700000002,https://www.google.com/maps/place/Hotel+Louis+C.+Jacob/data=!4m2!3m1!1s0x47b18461b9cea8ab:0x9d7c844a65a667af,Hotel Louis C. Jacob,hotel,want to go,
Hamburg,53.562973299999996,9.966198200000001,https://www.google.com/maps/place/Bullerei/data=!4m2!3m1!1s0x47b18f4187aee873:0x14177c5243aa5bd6,Bullerei,restaurant,want to go,
Hamburg,53.5430353,9.994115799999998,https://www.google.com/maps/place//data=!4m2!3m1!1s0x47b18f02309aad6f:0xc7797b1abf8d410f,bianc,restaurant,want to go,
Hatsukaichi,34.3066958,132.29113540000003,https://www.google.com/maps/place/Chu+Pea+Park/data=!4m2!3m1!1s0x355ab76b56b008b9:0xe608995e1c7ab9f,Chu Pea Park,park,want to go,
Hawthorne,33.9001875,-118.3623568,https://www.google.com/maps/place/Walmart+Neighborhood+Market/data=!4m2!3m1!1s0x80c2b43be0dbb991:0x4500547e27e08cfd,Walmart Neighborhood Market,art,favorite,
Haymarket NSW,-33.880955199999995,151.20265469999998,https://www.google.com/maps/place/Porkfat+Thai+Restaurant+Sydney/data=!4m2!3m1!1s0x6b12af9e7d281213:0xcb81db8e7e6c6c95,Porkfat Thai Restaurant Sydney,restaurant,want to go,
Haßloch,49.317590300000006,8.298275449999998,"https://www.google.com/maps/place/Holiday+Park,+Germany/data=!4m2!3m1!1s0x47964a4826468f6d:0x92babcf3e1ef6e8e","Holiday Park, Germany",park,favorite,
Amsterdam,52.3661972,4.893394000000001,https://www.google.com/maps/place/Aurora+Kontakt+BV/data=!4m2!3m1!1s0x47c609eaa459d899:0xa7e188751537b277,Aurora Kontakt BV,shop,want to go,
Healdsburg,38.6123026,-122.86970319999999,https://www.google.com/maps/place/SingleThread+Farm+-+Restaurant+-+Inn/data=!4m2!3m1!1s0x808417338d7035f1:0xf65632f3920b9343,SingleThread Farm - Restaurant - Inn,restaurant,want to go,
Heath Springs,34.6621059,-80.6106331,https://www.google.com/maps/place/Rich+Hill+Billy+Trading+%26+Consignment+LLC/data=!4m2!3m1!1s0x8855c5c6acd7f713:0x7c2c61a85302db21,Rich Hill Billy Trading & Consignment LLC,shop,favorite,
Heidelberg,49.387233699999996,8.7358068,https://www.google.com/maps/place//data=!4m2!3m1!1s0x4797c03930cb4f33:0x1db54198c4a69dd3,Oben Restaurant,restaurant,want to go,
Henley-in-Arden,52.2926116,-1.7807779,https://www.google.com/maps/place/Urban+Village/data=!4m2!3m1!1s0x4870bc809abc9289:0x4a12769cc67597a2,Urban Village,vintage,want to go,
Hennigsdorf,52.6328185,13.223831899999999,https://www.google.com/maps/place/CLIMB+UP!+-+Kletterwald+in+Hennigsdorf/data=!4m2!3m1!1s0x47a8555d160af5a7:0xa1bb52250ef069de,CLIMB UP! - Kletterwald in Hennigsdorf,experience,favorite,
Herraj,41.4382546,19.8626422,https://www.google.com/maps/place/Bovilla+Canyon/data=!4m2!3m1!1s0x1351cbb9adf970e3:0x1fb4d54633da8ee6,Bovilla Canyon,experience,want to go,
HG Amstelveen,52.313014200000005,4.8748423999999995,https://www.google.com/maps/place/Ishii+Okonomiyaki/data=!4m2!3m1!1s0x47c60a6574f40e1f:0xed4cab8a1b551bba,Ishii Okonomiyaki,restaurant,want to go,
Highland,38.7441272,-89.68123179999999,https://www.google.com/maps/place/The+Railshake/data=!4m2!3m1!1s0x8875dddd9bea6685:0x88cba7d8c0879234,The Railshake,bar,want to go,
Himarë,40.1882419,19.5994053,https://www.google.com/maps/place/Panorama+Llogara/data=!4m2!3m1!1s0x1345531cda15310f:0x817786f7ff268d78,Panorama Llogara,other,want to go,
Hinterland Bar,53.48377370000001,-2.2378896,https://www.google.com/maps/place/Wholesome+Junkies/data=!4m2!3m1!1s0x487bb1d2a374de69:0x9f0028c9029c869d,Wholesome Junkies,restaurant,want to go,
HJ Abcoude,52.27943699999999,4.930093,https://www.google.com/maps/place/Villa+Oldenhoff/data=!4m2!3m1!1s0x47c60b3fdc455bd9:0xbf894e443d1e3ab8,Villa Oldenhoff,hotel,favorite,
Amsterdam,52.363128200000006,4.8760264,https://www.google.com/maps/place/Kartika/data=!4m2!3m1!1s0x47c609e6940db0cd:0x6396f5c43132bf85,Kartika,art,favorite,
Hochheim am Main,50.011199999999995,8.34747,https://www.google.com/maps/place/Les+deux+Dienstbach/data=!4m2!3m1!1s0x47bdbde0d2a21147:0xeb10e88568b808a8,Les deux Dienstbach,restaurant,want to go,
Hohe Börde,52.17550860000001,11.4932285,https://www.google.com/maps/place/McDonald's/data=!4m2!3m1!1s0x47af61ace3e95a05:0x6ca095a6e05efca3,McDonald's,restaurant,favorite,
Amsterdam,52.35108419999999,4.889543699999999,https://www.google.com/maps/place/En+Japanese+kitchen+%26+Sake+bar/data=!4m2!3m1!1s0x47c609f36306a4e1:0x96a0fc9361cd4533,En Japanese kitchen & Sake bar,bar,want to go,
Amsterdam,52.3843629,4.8831796,https://www.google.com/maps/place/Burrito+Maker/data=!4m2!3m1!1s0x47c609d213600b89:0x4f14a9b0cc7d1650,Burrito Maker,restaurant,want to go,
Budapest,47.4987259,19.070455600000003,https://www.google.com/maps/place/New+York+Palace+Caf%C3%A9/data=!4m2!3m1!1s0x4741dc66e2a0e799:0x3b24d300deeee120,New York Palace Café,cafe,favorite,
Budapest,47.49696480000001,19.063345899999995,https://www.google.com/maps/place/Szimpla+Ruin+Pub/data=!4m2!3m1!1s0x4741dc42a0d20de5:0x267742d3fb311da4,Szimpla Ruin Pub,bar,favorite,
Budapest,47.501050199999995,19.052241300000002,https://www.google.com/maps/place/URIMURI/data=!4m2!3m1!1s0x4741dc68d9946e7f:0xb61a16f552c6049d,URIMURI,bar,favorite,true
Budapest,47.492256499999996,19.0631741,https://www.google.com/maps/place/Brody+House/data=!4m2!3m1!1s0x4741dc5ca1065c05:0x854e847e3086c025,Brody House,hotel,want to go,
Budapest,47.493592899999996,19.0677458,https://www.google.com/maps/place/F%C3%BClem%C3%BCle+%C3%89tterem/data=!4m2!3m1!1s0x4741dc5c4b68a81d:0xbbc2cdbdb829e975,Fülemüle Étterem,restaurant,want to go,
Budapest,47.4966878,19.066530099999998,https://www.google.com/maps/place/Il+Terzo+Cerchio/data=!4m2!3m1!1s0x4741dc678ab27f4f:0xdd5893404cc1de17,Il Terzo Cerchio,restaurant,want to go,
Budapest,47.50264899999999,19.066785,https://www.google.com/maps/place/Rickshaw/data=!4m2!3m1!1s0x4741dc6f45d68f09:0xcf20d091b397ecd3,Rickshaw,restaurant,want to go,
Budapest,47.4983761,19.082250799999997,https://www.google.com/maps/place/Rosenstein+Vend%C3%A9gl%C5%91/data=!4m2!3m1!1s0x4741dc8a18ee00a7:0x44e52e2b31c0d511,Rosenstein Vendéglő,restaurant,want to go,
Budapest,47.518656799999995,19.0823791,https://www.google.com/maps/place/Sz%C3%A9chenyi+Thermal+Bath/data=!4m2!3m1!1s0x4741db8605675577:0xcbc0c308b68d2412,Széchenyi Thermal Bath,other,want to go,
Huntington Park,33.97363289999999,-118.2221635,https://www.google.com/maps/place/Original+Tommy's+Hamburgers/data=!4m2!3m1!1s0x80c2c93924cb9059:0x3209c9cc0ec70dc5,Original Tommy's Hamburgers,restaurant,want to go,
HZ Haarlem,52.379126400000004,4.6357244,https://www.google.com/maps/place/Brownies%26downieS+Haarlem/data=!4m2!3m1!1s0x47c5ef6a5aaa6263:0x9e5e49a7083e51c0,Brownies&downieS Haarlem,restaurant,want to go,
Illes Balears,39.7907426,2.9959447,https://www.google.com/maps/place/The+Lodge+Mallorca/data=!4m2!3m1!1s0x1297d1a5b6f2f437:0x9ce3126985a47b13,The Lodge Mallorca,hotel,favorite,
Illes Balears,39.712063199999996,3.4618100000000003,https://www.google.com/maps/place/trobar/data=!4m2!3m1!1s0x129617c3ff11abc9:0xebefd6ee5ad10610,trobar,bar,want to go,
Illes Balears,39.5357468,3.3307092,https://www.google.com/maps/place/Drach+Caves/data=!4m2!3m1!1s0x129646b05ed3a3fd:0x921a5f851e3e721d,Drach Caves,experience,want to go,
Illes Balears,39.5125593,2.5403482000000004,https://www.google.com/maps/place/Kalodromo/data=!4m2!3m1!1s0x12978f4212c58275:0x36ddd33d52dd038e,Kalodromo,restaurant,want to go,
Illes Balears,39.64307619999999,3.0121743999999997,https://www.google.com/maps/place/Sineu+market/data=!4m2!3m1!1s0x1297c98f5125fb47:0x641a8f56b31a842a,Sineu market,flea market,want to go,
Illes Balears,39.5690932,2.6461399,https://www.google.com/maps/place/OMBU+Passeig+del+Born/data=!4m2!3m1!1s0x12979244dfa4fb7b:0x9f0846e14fe5015,OMBU Passeig del Born,restaurant,want to go,
Illes Balears,39.6494956,3.4344167999999993,https://www.google.com/maps/place/Restaurante+Foc+Asador+de+Pleta+de+Mar/data=!4m2!3m1!1s0x12961519b9630031:0xab9d129c2cd69d6a,Restaurante Foc Asador de Pleta de Mar,restaurant,want to go,
India,8.860567,76.8663692,https://www.google.com/maps/place/Jatayu+Adventure+Center/data=!4m2!3m1!1s0x3b05ddd159b24d73:0xbe5bfefca8f1f0ea,Jatayu Adventure Center,other,want to go,
India,19.090140999999996,72.82736799999999,https://www.google.com/maps/place/Soho+House+Mumbai/data=!4m2!3m1!1s0x3be7c94ae4836d43:0x146deefd211095c9,Soho House Mumbai,club,want to go,
India,26.924201,75.91743919999999,https://www.google.com/maps/place/Villa+Palladio+Jaipur/data=!4m2!3m1!1s0x396db9ae677d7c59:0x2ed433c2b7519a0,Villa Palladio Jaipur,hotel,want to go,
Inglewood,33.9618159,-118.37036939999999,https://www.google.com/maps/place/Randy's+Donuts/data=!4m2!3m1!1s0x80c2b7226354b31b:0x1b24ce292a003993,Randy's Donuts,shop,want to go,
Ironwood,46.59875939999999,-90.08695809999999,https://www.google.com/maps/place/Copper+Peak/data=!4m2!3m1!1s0x52a9dbfa1a616aa1:0x9eb8d80cfa5ca8d1,Copper Peak,experience,want to go,
Irvine,33.6676515,-117.7320366,https://www.google.com/maps/place/Wild+Rivers/data=!4m2!3m1!1s0x80dcc3dec7e9febd:0x2f2e0bf8f3b13571,Wild Rivers,park,want to go,
Ivry-sur-Seine,48.8176213,2.3813486,https://www.google.com/maps/place/Laddicted/data=!4m2!3m1!1s0x47e673c7f116e32d:0x5de46366addd3f82,Laddicted,bar,want to go,
Iwakuni,34.1552253,132.2243935,https://www.google.com/maps/place/3-ch%C5%8Dme-19-22+Kurumamachi/data=!4m2!3m1!1s0x35453592484bc6f5:0x603d74626e3099b3,3-chōme-19-22 Kurumamachi,other,favorite,
Iwakuni,34.175242000000004,132.17419759999999,https://www.google.com/maps/place/Iwakuni+Castle/data=!4m2!3m1!1s0x3545346b00b2e4f9:0xb017c1c8f78249cc,Iwakuni Castle,other,favorite,
Iwakuni,34.167595899999995,132.17841049999998,https://www.google.com/maps/place/Kintaikyo+Bridge/data=!4m2!3m1!1s0x3545343e6b6e661d:0x6654b3733cf09708,Kintaikyo Bridge,other,favorite,
Iwakuni,34.149392299999995,132.2301233,https://www.google.com/maps/place/Matthew+C.+Perry+Elementary+School%EF%BC%88%E5%B2%A9%E5%9B%BD%E7%B1%B3%E8%BB%8D%E5%9F%BA%E5%9C%B0%E5%86%85%EF%BC%89/data=!4m2!3m1!1s0x354535f34a9858f5:0x1c80d51effa79411,Matthew C. Perry Elementary School（岩国米軍基地内）,other,favorite,
Iwakuni,34.1069002,132.0951308,https://www.google.com/maps/place/Irori+Sanzoku+Kuga/data=!4m2!3m1!1s0x35453aa319d243c3:0x4b5ed8cf8f1d4c08,Irori Sanzoku Kuga,restaurant,want to go,
Iwakuni,34.1686645,132.2194069,https://www.google.com/maps/place/Sobatamaya/data=!4m2!3m1!1s0x3545359edcf85a99:0x662a42b4e87884b2,Sobatamaya,restaurant,want to go,
Ixelles,50.827658299999996,4.3702333,https://www.google.com/maps/place/Les+Super+Filles+du+Tram/data=!4m2!3m1!1s0x47c3c492c2b0cb11:0xba8344161c417d45,Les Super Filles du Tram,restaurant,want to go,
Jakobsbad,47.3196796,9.3280742,https://www.google.com/maps/place/Kronberg+Bobbahn/data=!4m2!3m1!1s0x479b20beab584a0b:0x37e07e11daccb6ed,Kronberg Bobbahn,other,want to go,
Jersey,49.2514427,-2.1733888,https://www.google.com/maps/place/Devil's+Hole+Viewing+Platform/data=!4m2!3m1!1s0x480dac628f5a8c6d:0x76b81248990db43c,Devil's Hole Viewing Platform,other,want to go,
Amsterdam,52.380797,4.880899999999999,https://www.google.com/maps/place/Duende+Dos/data=!4m2!3m1!1s0x47c609d1ac745e0f:0xfb021b9078f0d053,Duende Dos,restaurant,want to go,
Amsterdam,52.3821642,4.8869223,https://www.google.com/maps/place/Vesper/data=!4m2!3m1!1s0x47c609ce63a74671:0x8c0063f460a5d700,Vesper,bar,favorite,
Amsterdam,52.373753099999995,4.895270600000001,https://www.google.com/maps/place/de+Bijenkorf+Amsterdam/data=!4m2!3m1!1s0x47c609c73fa93519:0x92802abbc9c6023e,de Bijenkorf Amsterdam,shop,favorite,
Amsterdam,52.37245600000001,4.893293,https://www.google.com/maps/place/Restaurant+Bougainville/data=!4m2!3m1!1s0x47c609c73179c59f:0x9b3e117a5d69561d,Restaurant Bougainville,restaurant,want to go,
Jung District,37.5616858,126.98618979999999,https://www.google.com/maps/place/kkanbu+chicken+myeongdong/data=!4m2!3m1!1s0x357ca30dc9e760cb:0xe0a2937ea25d3f42,kkanbu chicken myeongdong,shop,want to go,
Kahuku,21.6776806,-157.95093900000003,https://www.google.com/maps/place/Da+Bald+Guy/data=!4m2!3m1!1s0x7c00444464f95555:0xd5a40f03788addc1,Da Bald Guy,restaurant,want to go,
Kanoni Blaxerena,39.590434699999996,19.917520999999997,https://www.google.com/maps/place/Flisvos+Seaside+Day+Night+Bar+Restaurant/data=!4m2!3m1!1s0x135b5e446f0bfe19:0x70ae22960892821e,Flisvos Seaside Day Night Bar Restaurant,bar,want to go,
Kansas City,39.067827,-94.57932989999999,https://www.google.com/maps/place/Billie's+Grocery/data=!4m2!3m1!1s0x87c0f1f81912fabd:0xdf82819ac15e0089,Billie's Grocery,restaurant,want to go,
Karlsruhe,48.97568,8.453330000000001,https://www.google.com/maps/place/St%C3%A4dt.+Kindergarten+Wolfartsweier+%E2%80%9EDie+Katze%E2%80%9C/data=!4m2!3m1!1s0x479708cac1c4a375:0xe59d355dd9eafda1,Städt. Kindergarten Wolfartsweier „Die Katze“,art,want to go,
Kathu,7.901811699999999,98.3634479,https://www.google.com/maps/place/Andamanda+Phuket/data=!4m2!3m1!1s0x305031e4ead088fd:0xd98b281950ad571d,Andamanda Phuket,experience,favorite,
KAVAJE,41.24725230000001,19.5222406,https://www.google.com/maps/place/Flower+Hotel+%26+Resort/data=!4m2!3m1!1s0x134fdf29d3c94bb5:0xb5cb07b9e147f116,Flower Hotel & Resort,hotel,favorite,
Amsterdam,52.3837719,4.930115,https://www.google.com/maps/place/Hotel+De+Goudfazant/data=!4m2!3m1!1s0x47c609005387ef49:0x59547274f135c354,Hotel De Goudfazant,hotel,favorite,
Amsterdam,52.385357,4.9241202,https://www.google.com/maps/place/Oedipus+Brewing/data=!4m2!3m1!1s0x47c609abb38b5575:0x693ab0fd624586c0,Oedipus Brewing,bar,want to go,
Amsterdam,52.3834684,4.8855846,https://www.google.com/maps/place/Gift+Shop+Amsterdam+-+Concrete+Matter/data=!4m2!3m1!1s0x47c609cde6c6d85b:0x12805b5478890240,Gift Shop Amsterdam - Concrete Matter,shop,favorite,true
Kec. Kadudampit,-6.8369905,106.9269413,https://www.google.com/maps/place/Jembatan+Gantung+Lembah+Purba/data=!4m2!3m1!1s0xa48d2971ef01bd65:0x3c6588f9c11e071f,Jembatan Gantung Lembah Purba,experience,want to go,
Khet,13.7362317,100.5216746,https://www.google.com/maps/place/%23FindThePhotoBooth/data=!4m2!3m1!1s0x30e29f20bfeb778f:0xad003b3d90e8596d,#FindThePhotoBooth,bar,favorite,
Khlong Chaokhun Sing,13.789221600000001,100.61529420000001,https://www.google.com/maps/place/Mr.Joe+Fish+Noodle/data=!4m2!3m1!1s0x30e29dd83f0010d7:0x4baba1324181dfe1,Mr.Joe Fish Noodle,restaurant,want to go,
Khlong Tan,13.7295463,100.56938609999999,https://www.google.com/maps/place/Mutual+Bar/data=!4m2!3m1!1s0x30e29f10f2f30eb7:0xd2b796f7420cb604,Mutual Bar,bar,favorite,
Khlong Tan,13.7255824,100.5694437,https://www.google.com/maps/place/Bar+Us/data=!4m2!3m1!1s0x30e29f42651a941b:0x805f1bf36d866f32,Bar Us,bar,want to go,
Khlong Tan,13.719611099999998,100.5601533,https://www.google.com/maps/place/Khlong+Toei+Market/data=!4m2!3m1!1s0x30e29f2ac7c67f8f:0x441df4a738af7cd1,Khlong Toei Market,restaurant,want to go,
Bangkok,13.731382799999999,100.5844341,https://www.google.com/maps/place/CUM+Coffee+-+The+Office+Thonglor/data=!4m2!3m1!1s0x30e29f96ed16208d:0x68abe775ec1fadf0,CUM Coffee - The Office Thonglor,bakery,favorite,
Bangkok,13.737993099999999,100.56661969999999,https://www.google.com/maps/place/OFTR+Bar/data=!4m2!3m1!1s0x30e29f90dc5520c7:0xfa8725d6de45bc2a,OFTR Bar,bar,favorite,
Bangkok,13.7366373,100.58548220000002,https://www.google.com/maps/place/12+%C3%97+12/data=!4m2!3m1!1s0x30e29e52732369d3:0xacdddb603055898e,12 × 12,club,favorite,
Bangkok,13.730861999999998,100.5858082,https://www.google.com/maps/place/MUIN+Bangkok+Club/data=!4m2!3m1!1s0x30e29f1c450edd29:0x60256585ebe9392f,MUIN Bangkok Club,club,favorite,
Bangkok,13.7453997,100.57266279999999,"https://www.google.com/maps/place/Tajimaya+(Thailand)+Co.,+Ltd/data=!4m2!3m1!1s0x30e29ef848c2b055:0x8e0d8ca4871922a0","Tajimaya (Thailand) Co., Ltd",shop,favorite,
Bangkok,13.730413299999999,100.58186289999999,https://www.google.com/maps/place/008+Bar/data=!4m2!3m1!1s0x30e29fec61ec1e33:0x7af62fc98a2d2e32,008 Bar,bar,want to go,
Bangkok,13.736506199999999,100.5744242,https://www.google.com/maps/place/Bar+Kaguya/data=!4m2!3m1!1s0x30e29fd4d60f8da1:0xe6f30f7f13ae846f,Bar Kaguya,bar,want to go,
Bangkok,13.730717499999999,100.5702666,https://www.google.com/maps/place/Funkytown+(F*nkytown)/data=!4m2!3m1!1s0x30e29f7f6d3d5289:0x6a3f984d9d202022,Funkytown (F*nkytown),bar,want to go,
Bangkok,13.737651999999997,100.5667057,https://www.google.com/maps/place/Chenin+Restaurant/data=!4m2!3m1!1s0x30e29fd5419db5a9:0xbeb028e954c50673,Chenin Restaurant,restaurant,want to go,
Bangkok,13.734182500000001,100.5876467,https://www.google.com/maps/place/Wattana+Panich/data=!4m2!3m1!1s0x30e29e49982ce2f9:0x38858b25983d26,Wattana Panich,restaurant,want to go,
Khlong Toei Nuea,13.737868199999998,100.56648159999999,https://www.google.com/maps/place/Holey+Artisan+Bakery/data=!4m2!3m1!1s0x30e29efc6388c04d:0xb82acfae8399e4f4,Holey Artisan Bakery,bakery,favorite,
Khlong Toei Nuea,13.737527499999997,100.56034199999999,https://www.google.com/maps/place/Gourmet+Market+-+Terminal+21+Asok/data=!4m2!3m1!1s0x30e29ee3a05de9f5:0x59f8dde22d05b0b4,Gourmet Market - Terminal 21 Asok,restaurant,favorite,
Khlong Toei Nuea,13.7384669,100.5631082,https://www.google.com/maps/place/Ung+Jia+Huad/data=!4m2!3m1!1s0x30e29ee353ab1a0b:0x53e480098ba40ac1,Ung Jia Huad,restaurant,want to go,
Khwaeng Chatuchak,13.799781000000001,100.55042449999999,https://www.google.com/maps/place/Chatuchak+Weekend+Market/data=!4m2!3m1!1s0x30e29c14e883f8dd:0x91f191d784b87d4b,Chatuchak Weekend Market,shop,favorite,
Khwaeng Din Daeng,13.7621918,100.566289,https://www.google.com/maps/place/BAR+ARCHIVE/data=!4m2!3m1!1s0x30e29fb1cb08f7db:0x6725efb9d70146c0,BAR ARCHIVE,bar,favorite,
Khwaeng Din Daeng,13.7567732,100.55881169999999,https://www.google.com/maps/place/Fatty's+Bar+%26+Diner/data=!4m2!3m1!1s0x30e29e934ee40995:0xd8f6ee6330c960d0,Fatty's Bar & Diner,bar,want to go,
Khwaeng Sao Chingcha,13.7520958,100.4983613,https://www.google.com/maps/place/K.+Panich+Sticky+Rice/data=!4m2!3m1!1s0x30e2991199349559:0x1a1541ebb99bd515,K. Panich Sticky Rice,restaurant,want to go,
Khwaeng Thanon Phetchaburi,13.750378499999998,100.53944249999999,https://www.google.com/maps/place/Platinum+Fashion+Mall/data=!4m2!3m1!1s0x30e29ecf3f7d7a67:0x33a8397a3fc06439,Platinum Fashion Mall,shop,favorite,
Kiel,54.321871900000005,10.132128699999999,https://www.google.com/maps/place/Rathausbunker+Kiel/data=!4m2!3m1!1s0x47b256672e5328bf:0xcbac5a46b8265d85,Rathausbunker Kiel,club,want to go,
Kings Park,40.89620349999999,-73.2393659,https://www.google.com/maps/place/Kings+Park+Psychiatric+Center/data=!4m2!3m1!1s0x89e83bab30f17cd1:0xbd67d1bbde7942e3,Kings Park Psychiatric Center,park,want to go,
Klongteoy Nua,13.738787799999999,100.5603799,https://www.google.com/maps/place/Asoke+Motorbike+Rental/data=!4m2!3m1!1s0x30e29f8e5bfb7169:0xbd6d94060a4c1cc6,Asoke Motorbike Rental,experience,favorite,
Klongton Nua,13.737455599999999,100.5668053,https://www.google.com/maps/place/PIN+Bar/data=!4m2!3m1!1s0x30e29f19a8920bb5:0x22b3d8c75453ea04,PIN Bar,bar,want to go,
Klosterstraße,51.225404000000005,6.7861391,https://www.google.com/maps/place/Nagaya/data=!4m2!3m1!1s0x47b8ca1707affb81:0x95403d5476190227,Nagaya,restaurant,want to go,
Amsterdam,52.3854027,4.9255933999999995,https://www.google.com/maps/place/Skatecafe/data=!4m2!3m1!1s0x47c609001349b0d7:0x63c7b4dfed439c36,Skatecafe,cafe,want to go,
Amsterdam,52.370025999999996,4.87071,https://www.google.com/maps/place/Meatless+District/data=!4m2!3m1!1s0x47c609dfa6a62319:0xd20306c4c374d4e2,Meatless District,restaurant,want to go,
Konstanz,47.70525635,9.19481345,https://www.google.com/maps/place/Mainau/data=!4m2!3m1!1s0x479af7d168a85af7:0x134b043db7d47034,Mainau,other,want to go,
Kota Jakarta Selatan,-6.231373100000001,106.809074,https://www.google.com/maps/place/ZODIAC/data=!4m2!3m1!1s0x2e69f12d87320389:0xdc3b86fc9f5bb3e0,ZODIAC,club,want to go,
Kraków,50.05328699999999,19.9458959,https://www.google.com/maps/place/Karakter/data=!4m2!3m1!1s0x47165b6aeafe6949:0xc8fa79e2b4eb822a,Karakter,restaurant,favorite,
Kraków,50.047624199999994,19.961533499999998,https://www.google.com/maps/place/Museum+f%C3%BCr+Gegenwartskunst+Krakau/data=!4m2!3m1!1s0x47165b48ba26b61d:0x2bdeb376a4caab16,Museum für Gegenwartskunst Krakau,art,want to go,
Kraków,50.0633158,19.940061,https://www.google.com/maps/place/%C5%BBar%C3%B3wka+Cafe/data=!4m2!3m1!1s0x47165b11d0ffe00d:0xa1274f8617d1ce5f,Żarówka Cafe,cafe,want to go,
Kraków,50.0461451,19.949150999999997,https://www.google.com/maps/place/Drukarnia+Jazz+Club/data=!4m2!3m1!1s0x47165b4375e9fc85:0x1d533bf5dca12bad,Drukarnia Jazz Club,club,want to go,
Kraków,50.04477459999999,19.936238799999995,https://www.google.com/maps/place/89/data=!4m2!3m1!1s0x47165b663ea4d525:0xd15e7096acd51c63,89,club,want to go,
Kraków,50.0521919,19.945002100000004,https://www.google.com/maps/place/Alchemia/data=!4m2!3m1!1s0x47165b6c64662dab:0x5daf119c1937989d,Alchemia,bar,want to go,
Kraków,50.051508999999996,19.944312999999998,https://www.google.com/maps/place/Beera+Meiselsa+24/data=!4m2!3m1!1s0x47165b6a43883a0d:0xa7ca439d4f0cb97,Beera Meiselsa 24,other,want to go,
Kraków,50.0635919,19.934723599999998,https://www.google.com/maps/place/Bomba.+Klub/data=!4m2!3m1!1s0x47165b0ef4d89d75:0x1ed04aca951b176a,Bomba. Klub,bar,want to go,
Kraków,50.050611999999994,19.940766799999995,https://www.google.com/maps/place/B%C4%80R/data=!4m2!3m1!1s0x47165b1ec58ebb79:0x2d4d1a2f8c876d16,BĀR,restaurant,want to go,
Kraków,50.06341349999999,19.9326111,https://www.google.com/maps/place/C.K.+Browar/data=!4m2!3m1!1s0x47165b0eba2d817f:0x697029f5272badca,C.K. Browar,restaurant,want to go,
Kraków,50.063454,19.935082899999998,https://www.google.com/maps/place/Charlotte/data=!4m2!3m1!1s0x47165b0ef4a476b1:0x6c0bd85bace01359,Charlotte,restaurant,want to go,
Kraków,50.0450696,19.9361429,https://www.google.com/maps/place/Forum+Przestrzenie/data=!4m2!3m1!1s0x47165b663ea4d507:0xdc0abe3e0bf6dd37,Forum Przestrzenie,other,want to go,
Kraków,50.060353,19.935203400000002,https://www.google.com/maps/place/Gospoda+Koko/data=!4m2!3m1!1s0x47165b0dbe030be3:0x90e078115d98c1d9,Gospoda Koko,restaurant,want to go,
Kraków,50.0531819,19.947628,https://www.google.com/maps/place/Hamsa/data=!4m2!3m1!1s0x47165b6aa1f50275:0x124a16e2421f82af,Hamsa,restaurant,want to go,
Kraków,50.054673799999996,19.944768300000003,https://www.google.com/maps/place/Meat+%26+Go/data=!4m2!3m1!1s0x47165b6a5d5b6b49:0x2745fbb580d8a943,Meat & Go,restaurant,want to go,
Kraków,50.061491700000005,19.9316639,https://www.google.com/maps/place/Mercy+Brown/data=!4m2!3m1!1s0x47165b0c16a50ad1:0x765bcece1d62f061,Mercy Brown,bar,want to go,
Kraków,50.0474296,19.961573599999998,https://www.google.com/maps/place/Oskar+Schindler+Fabrik/data=!4m2!3m1!1s0x47165b48b8f5e2db:0x32ef2980f3a497f9,Oskar Schindler Fabrik,art,want to go,
Kraków,50.05201100000001,19.9447043,https://www.google.com/maps/place/plac+Nowy+1/data=!4m2!3m1!1s0x47165b6a44815555:0x7ef16b8e2b000d45,plac Nowy 1,other,want to go,
Kraków,50.0557721,19.937265699999998,https://www.google.com/maps/place/Pod+Nosem+Restauracja/data=!4m2!3m1!1s0x47165b6d2f135e1b:0x8e487395895735f3,Pod Nosem Restauracja,restaurant,want to go,
Kraków,50.0590158,19.938079699999996,https://www.google.com/maps/place/Prozak+2.0/data=!4m2!3m1!1s0x47165b12607fcaa7:0xe94ba0aef62f81d7,Prozak 2.0,club,want to go,
Kraków,50.0448172,19.948214,https://www.google.com/maps/place/Punkt+Docelowy/data=!4m2!3m1!1s0x47165b43155760c3:0xce473d70f67797b4,Punkt Docelowy,bar,want to go,
Kraków,50.063144400000006,19.9357887,https://www.google.com/maps/place/Restauracja+Pino/data=!4m2!3m1!1s0x47165b0e672fe145:0xc1c25ce554e3d29a,Restauracja Pino,restaurant,want to go,
Kraków,50.05125499999999,19.94575,https://www.google.com/maps/place/Singer/data=!4m2!3m1!1s0x47165b6a71988383:0xb31608fb18e2b5ca,Singer,bar,want to go,
Kraków,50.0502851,19.9479813,https://www.google.com/maps/place/Skwer+Judah/data=!4m2!3m1!1s0x47165b4194e8f24b:0x52351d9b5987b234,Skwer Judah,other,want to go,
Kraków,50.0620153,19.9407521,https://www.google.com/maps/place/Szpitalna+1/data=!4m2!3m1!1s0x47165b11939a7527:0x31034e8fee33d50e,Szpitalna 1,music venue,want to go,
Kraków,50.0525653,19.9442368,https://www.google.com/maps/place/Zenit/data=!4m2!3m1!1s0x47165b6af932a109:0xcb406c3c49f009e6,Zenit,restaurant,want to go,
Kraków,50.0599245,19.941430699999998,https://www.google.com/maps/place/Planty+Park/data=!4m2!3m1!1s0x47165b121225416d:0x39928677322a305f,Planty Park,park,want to go,
Kraków,50.0486174,19.946137399999998,https://www.google.com/maps/place/Bottiglieria+1881+Restaurant/data=!4m2!3m1!1s0x47165b4210bb313b:0x76f1fb84befaeb6b,Bottiglieria 1881 Restaurant,restaurant,want to go,
Krauchenwies,48.0064499,9.199169199999998,https://www.google.com/maps/place/Vintage+%26+Design/data=!4m2!3m1!1s0x479a41bdb8a1ee43:0xdf2187f84ddeef2a,Vintage & Design,vintage,want to go,
Kruje,41.451848,19.864098700000003,https://www.google.com/maps/place/Bovilla+Village+House/data=!4m2!3m1!1s0x1351cb3da1022ee3:0x2d97367998ec8b7f,Bovilla Village House,other,want to go,
Krujë,41.509043,19.7947314,https://www.google.com/maps/place/Kruja+Bazaar/data=!4m2!3m1!1s0x1351cdda0bb25155:0x7b55a0babee5c656,Kruja Bazaar,other,want to go,
Krujë,41.47021989999999,19.8212908,https://www.google.com/maps/place/Ottoman+bridge/data=!4m2!3m1!1s0x1351ccf7b63f1a49:0x9db27a01a0d7c3a7,Ottoman bridge,experience,want to go,
Krung Thep Maha Nakhon,13.766567900000002,100.5007105,https://www.google.com/maps/place/Culture+Caf%C3%A9/data=!4m2!3m1!1s0x30e2990b13703831:0x8abc7e4fd8b1d457,Culture Café,bar,favorite,
Krung Thep Maha Nakhon,13.739933299999999,100.5140034,https://www.google.com/maps/place/Teens+of+Thailand/data=!4m2!3m1!1s0x30e29926be6c2047:0x1284b4ea344fbf8f,Teens of Thailand,bar,want to go,
Amsterdam,52.38384309999999,4.9022708999999995,https://www.google.com/maps/place/A%E2%80%99DAM+The+Loft/data=!4m2!3m1!1s0x47c60964de5e1db9:0x3d542678a84ce80a,A’DAM The Loft,club,want to go,
Ksamil,39.77276510000001,20.010759299999997,https://www.google.com/maps/place/Valmar+Hotel/data=!4m2!3m1!1s0x135b6bab4e9b5a81:0x580a9c5d520b731,Valmar Hotel,hotel,favorite,
Kurzeme District,57.041724,24.0233911,https://www.google.com/maps/place/Daugavgr%C4%ABva/data=!4m2!3m1!1s0x46eec43a7d6aed35:0x5677e3bf8f2214e4,Daugavgrīva,other,favorite,
Kurzemes rajons,56.9762882,24.072268,https://www.google.com/maps/place/Spilve+Airport/data=!4m2!3m1!1s0x46eec57e31b485fd:0xe33d2ee19628ca06,Spilve Airport,other,favorite,
Amsterdam,52.384227499999994,4.9037391,https://www.google.com/maps/place/ClinkNOORD/data=!4m2!3m1!1s0x47c609b479c2a511:0x8ec26296745e0267,ClinkNOORD,hotel,favorite,
KW Kaatsheuvel,51.6503222,5.0469573,https://www.google.com/maps/place/Efteling/data=!4m2!3m1!1s0x47c696a9aff44307:0x443bdab1ed5cb89a,Efteling,park,favorite,
Köln,50.930200299999996,6.9429875,https://www.google.com/maps/place/Barbarossa+Sch%C3%A4nke/data=!4m2!3m1!1s0x47bf254e9f6507b7:0x5b70c247e3d274e5,Barbarossa Schänke,bar,favorite,
Köln,50.9430036,6.9352898,https://www.google.com/maps/place/Jaki/data=!4m2!3m1!1s0x47bf25d349510ff3:0xbcaf068ad156dab6,Jaki,music venue,favorite,
Köln,50.9553887,6.9157652999999994,https://www.google.com/maps/place/WALLCZKA/data=!4m2!3m1!1s0x47bf2540c9c06e2d:0xeb33bacca2898f64,WALLCZKA,restaurant,favorite,
Köln,50.9329379,6.940302300000001,https://www.google.com/maps/place/Takumi+-+Japanisches+Ramen+Restaurant/data=!4m2!3m1!1s0x47bf250b88d6c2c7:0xa051ab47bf38d528,Takumi - Japanisches Ramen Restaurant,restaurant,favorite,
Köln,50.9440044,6.942283199999999,https://www.google.com/maps/place/Astor+Film+Lounge/data=!4m2!3m1!1s0x47bf250859cb246b:0x8eeb6cd5a381426a,Astor Film Lounge,other,want to go,
Köln,50.9437637,6.9338242,https://www.google.com/maps/place/Gew%C3%B6lbe/data=!4m2!3m1!1s0x47bf250fbfbbbcd1:0x30d8c2f398a59e45,Gewölbe,experience,want to go,
Köln,50.942015600000005,6.9435609,https://www.google.com/maps/place//data=!4m2!3m1!1s0x47bf25824b9de6d7:0xc75ea7f75f9351ea,NENI Köln,restaurant,want to go,
Köln,50.9547038,6.8907287,https://www.google.com/maps/place/Niehler+Freiheit+e.V./data=!4m2!3m1!1s0x47bf3aca5df7feff:0xbf5f6df0d926626,Niehler Freiheit e.V.,other,want to go,
Köln,50.936608,6.936939100000001,https://www.google.com/maps/place/Nish+Nush/data=!4m2!3m1!1s0x47bf25e2a7e378f9:0xd205f816c21894e3,Nish Nush,restaurant,want to go,
Köln,50.9548229,6.939930800000001,https://www.google.com/maps/place/Odonien/data=!4m2!3m1!1s0x47bf25730aad0b51:0x3e6fa2bcef187048,Odonien,experience,want to go,
Köln,50.9459039,6.9535808999999995,https://www.google.com/maps/place/Schreckenskammer/data=!4m2!3m1!1s0x47bf25a40e187b01:0x70a05905f4dfbcfb,Schreckenskammer,other,want to go,
Köngernheim,49.8525926,8.24338,https://www.google.com/maps/place/Jordan's+Unterm%C3%BChle/data=!4m2!3m1!1s0x47bd8fa116ccefe9:0x4df13dba59690f9b,Jordan's Untermühle,hotel,want to go,
La Grotta Bay,39.673798999999995,19.718604899999995,https://www.google.com/maps/place/La+Grotta+Lounge+and+Pub/data=!4m2!3m1!1s0x135b50e6df4f8f1f:0x5ad47146bf54a20,La Grotta Lounge and Pub,bar,want to go,
La Jolla,32.9209345,-117.25144429999999,https://www.google.com/maps/place/Torrey+Pines+State+Reserve/data=!4m2!3m1!1s0x80dc0667ac55946b:0x87b6a72540002fb1,Torrey Pines State Reserve,other,favorite,
La Jolla,32.881178,-117.2375923,https://www.google.com/maps/place/Geisel+Library/data=!4m2!3m1!1s0x80dc07853cb13045:0x2d2f19f483aaaace,Geisel Library,other,want to go,
La Maddalena SS,41.21796495,9.4857633,https://www.google.com/maps/place/Spiaggia+di+Cala+Coticcio/data=!4m2!3m1!1s0x12d96a71f2fd6637:0x2bafc95dcaeea02,Spiaggia di Cala Coticcio,other,want to go,
Lagos,37.105664499999996,-8.675398099999999,https://www.google.com/maps/place/The+Green+Room/data=!4m2!3m1!1s0xd1b31ce8b30763f:0xd5b9f046871fd952,The Green Room,restaurant,want to go,
Lake Forest,33.6326353,-117.69372000000001,https://www.google.com/maps/place/Santiago+STEAM+Magnet+Elementary+School/data=!4m2!3m1!1s0x80dce85383ea54a9:0x2ac1e1c992f0562a,Santiago STEAM Magnet Elementary School,other,favorite,
Lake Oswego,45.410967199999995,-122.71819389999999,https://www.google.com/maps/place/Giant+Drive+In/data=!4m2!3m1!1s0x5495733dc6bb9a37:0xf094366befa90f80,Giant Drive In,restaurant,want to go,
Lakeville,41.4286205,-75.2608829,https://www.google.com/maps/place/Cove+Haven+Resort/data=!4m2!3m1!1s0x89c4b9f18f6a784d:0x3c9ac6a035b06117,Cove Haven Resort,hotel,want to go,
Lakewood,39.7417583,-105.0706972,https://www.google.com/maps/place/Casa+Bonita/data=!4m2!3m1!1s0x876b87244758bb13:0xf939d1f0fd94ab49,Casa Bonita,park,want to go,
Lancaster,34.796600000000005,-80.7968449,https://www.google.com/maps/place/521+Country+Cooking/data=!4m2!3m1!1s0x8855d5f683ce196d:0xfa3adfe77a9a20b,521 Country Cooking,restaurant,want to go,
Laramie,41.3119868,-105.5959334,https://www.google.com/maps/place/Born+In+A+Barn/data=!4m2!3m1!1s0x87688fe211cf8717:0x58ae65752a1698ab,Born In A Barn,bar,want to go,
Laramie,41.299353599999996,-105.59096219999999,https://www.google.com/maps/place/Corona+Village/data=!4m2!3m1!1s0x8768902656ab1c1b:0x5f455234033a2006,Corona Village,restaurant,want to go,
Largo da Fundação Champalimaud,38.692916499999995,-9.2208615,https://www.google.com/maps/place/Darwin's+Caf%C3%A9/data=!4m2!3m1!1s0xd1ecb69c630539d:0xa21ec3a71570f523,Darwin's Café,restaurant,want to go,
Largo do Intendente Pina Manique,38.721242200000006,-9.134944400000002,https://www.google.com/maps/place/Joana%E2%80%99s+Coffee/data=!4m2!3m1!1s0xd1933858e3ea867:0xa558db8e4323948c,Joana’s Coffee,cafe,want to go,
Largo Monte,38.7192133,-9.1328298,https://www.google.com/maps/place/Miradouro+da+Senhora+do+Monte/data=!4m2!3m1!1s0xd19338f34837d57:0x611f8deb59a26af4,Miradouro da Senhora do Monte,other,want to go,
Largo São Domingos,38.714708300000005,-9.1387518,https://www.google.com/maps/place/Church+of+St.+Dominic/data=!4m2!3m1!1s0xd1933873e8e22dd:0xa60b0a13cdf94f8b,Church of St. Dominic,other,want to go,
Las Palmas,28.684771200000004,-14.0114406,https://www.google.com/maps/place/BreadLocks+Bakery/data=!4m2!3m1!1s0xc464d4b303f426b:0xfa29b48412a39826,BreadLocks Bakery,bakery,favorite,
Las Palmas,28.6355538,-13.9898243,https://www.google.com/maps/place/Barranco+Encantado/data=!4m2!3m1!1s0xc47b461551528ef:0x9ce4039c1b6ffd18,Barranco Encantado,bar,favorite,
Las Palmas,28.139982,-15.4351353,https://www.google.com/maps/place/Black+Door+Bar/data=!4m2!3m1!1s0xc40953e13321f8f:0x139da31d3f8cdd3f,Black Door Bar,bar,favorite,true
Las Palmas,28.7384913,-13.868473499999997,https://www.google.com/maps/place/La+Pulperia+-+Tapas+Bar/data=!4m2!3m1!1s0xc46356ceef26fd9:0x2f8cdc1431174421,La Pulperia - Tapas Bar,bar,favorite,
Las Palmas,28.1131642,-14.257631399999998,https://www.google.com/maps/place/Playa+de+la+Barca/data=!4m2!3m1!1s0xc479d340fb1ec05:0xad5d9c92bd0fce67,Playa de la Barca,bar,favorite,
Las Palmas,28.1363153,-15.436328499999998,https://www.google.com/maps/place/BAR+-+CAFETERIA+LA+EMINENCIA/data=!4m2!3m1!1s0xc409516776389bd:0x876fa7938e5933cb,BAR - CAFETERIA LA EMINENCIA,cafe,favorite,
Las Palmas,28.1376497,-15.4340395,https://www.google.com/maps/place/Allende/data=!4m2!3m1!1s0xc40951597462e55:0xbdb9ff0f33641058,Allende,restaurant,favorite,
Las Palmas,28.679763500000004,-13.940489,https://www.google.com/maps/place/ALMIRANTE+BRUNCH/data=!4m2!3m1!1s0xc47b51fb32aec33:0xdcf089db52633207,ALMIRANTE BRUNCH,bar,favorite,
Las Palmas,28.4257109,-14.056724599999999,https://www.google.com/maps/place/Betancuria/data=!4m2!3m1!1s0xc47bb74dfcf1b19:0xa7ab754250301980,Betancuria,other,favorite,
Las Palmas,28.133939299999998,-15.4297508,https://www.google.com/maps/place/Cabali/data=!4m2!3m1!1s0xc40956b4665d7fb:0xc48c1bb18e426030,Cabali,bar,favorite,true
Las Palmas,28.40351,-14.155507,https://www.google.com/maps/place/Cuevas+de+Ajuy/data=!4m2!3m1!1s0xc47a5fe3a931359:0x8da74008a38ec5c3,Cuevas de Ajuy,experience,favorite,
Las Palmas,28.138255800000003,-15.431826099999999,https://www.google.com/maps/place/El+Viajero+Las+Palmas/data=!4m2!3m1!1s0xc40951591b2fc1b:0x127cba79242a0af9,El Viajero Las Palmas,bar,favorite,
Las Palmas,28.7366845,-13.869038499999998,https://www.google.com/maps/place/FuertePhone/data=!4m2!3m1!1s0xc4635905b4f1c0d:0xd92c4e8d62c5b9f2,FuertePhone,shop,favorite,
Las Palmas,28.683529999999998,-14.01082,https://www.google.com/maps/place/Koi+Sushi+Cotillo/data=!4m2!3m1!1s0xc464d0d56f26de9:0x8d85b648dfbda1ac,Koi Sushi Cotillo,restaurant,favorite,
Las Palmas,28.496616399999997,-13.8603606,https://www.google.com/maps/place/KPO/data=!4m2!3m1!1s0xc47c7900f322847:0xa49f6bc925039a35,KPO,restaurant,favorite,
Las Palmas,28.614313300000003,-14.017914600000001,https://www.google.com/maps/place/Llanos+de+Tindaya./data=!4m2!3m1!1s0xc47b3a1bce6d081:0x6396851ffe7139e1,Llanos de Tindaya.,other,favorite,
Las Palmas,28.138066499999997,-15.434584999999997,https://www.google.com/maps/place/Malasa%C3%B1a/data=!4m2!3m1!1s0xc4095158d240f95:0x7ec7df8b39af6de8,Malasaña,restaurant,favorite,
Las Palmas,28.1352677,-15.439797300000002,https://www.google.com/maps/place/Mestizo+Tasca/data=!4m2!3m1!1s0xc409517a64a9621:0x9491e60706e7a539,Mestizo Tasca,restaurant,favorite,
Las Palmas,28.287963299999998,-14.1598491,https://www.google.com/maps/place/Mirador+Astron%C3%B3mico+de+Sicasumbre/data=!4m2!3m1!1s0xc4798904908f731:0xd38c424857862fde,Mirador Astronómico de Sicasumbre,other,favorite,
Las Palmas,28.093261,-14.433342399999999,https://www.google.com/maps/place/Mirador+de+Cofete/data=!4m2!3m1!1s0xc477b7264361575:0x6a9ca032dcedeecd,Mirador de Cofete,other,favorite,
Las Palmas,28.440889199999997,-14.0564463,https://www.google.com/maps/place/Mirador+de+Guise+y+Ayose/data=!4m2!3m1!1s0xc47bb07b03bda81:0x9646771dcd7e64f9,Mirador de Guise y Ayose,other,favorite,
Las Palmas,28.3870704,-14.092292599999999,https://www.google.com/maps/place/Mirador+de+Las+Pe%C3%B1itas/data=!4m2!3m1!1s0xc47bcb1ba57a971:0x44c1cf813ec3137c,Mirador de Las Peñitas,other,favorite,
Las Palmas,28.1351795,-15.437672199999998,https://www.google.com/maps/place/M%C3%A1s+que+Perritos+Las+Palmas/data=!4m2!3m1!1s0xc409516f494332f:0x296bb6c02d26862e,Más que Perritos Las Palmas,restaurant,favorite,true
Las Palmas,28.1851181,-14.161340899999999,https://www.google.com/maps/place/Oasis+Wildlife+Fuerteventura/data=!4m2!3m1!1s0xc47bcffffffffff:0xafc8d9babf08f9e3,Oasis Wildlife Fuerteventura,other,favorite,
Las Palmas,28.682058099999995,-14.011671699999999,https://www.google.com/maps/place/Olivo+Corso/data=!4m2!3m1!1s0xc47b354e0a1f20b:0x3d2c5e3e92d82561,Olivo Corso,restaurant,favorite,
Las Palmas,28.684195799999998,-14.011395300000002,https://www.google.com/maps/place/Pez+Gordo+Fuerteventura/data=!4m2!3m1!1s0xc464df4f4c280af:0xb1d93e2d95519387,Pez Gordo Fuerteventura,restaurant,favorite,
Las Palmas,28.7119051,-14.0107612,https://www.google.com/maps/place/Piscinas+naturales+de+Playa+de+los+Charcos/data=!4m2!3m1!1s0xc464d72b5f55f1d:0x103092c4b9f1d809,Piscinas naturales de Playa de los Charcos,experience,favorite,
Las Palmas,28.681035299999998,-14.010547299999999,https://www.google.com/maps/place/Pizzeria+Teperino/data=!4m2!3m1!1s0xc47b3c8b61b7b2f:0x59ad3068d2d5bec9,Pizzeria Teperino,restaurant,favorite,
Las Palmas,28.687126550000002,-14.0134421,https://www.google.com/maps/place/Playa+De+Los+Lagos/data=!4m2!3m1!1s0xc464ca31629fe8d:0x1d776f91a698561f,Playa De Los Lagos,other,favorite,
Las Palmas,28.08375005,-14.4926506,https://www.google.com/maps/place/Playa+de+los+Ojos/data=!4m2!3m1!1s0xc476ff58235d47d:0x840cebd66207e62c,Playa de los Ojos,other,favorite,
Las Palmas,28.089574849999998,-14.2840914,https://www.google.com/maps/place/Playa+Del+Mal+Nombre/data=!4m2!3m1!1s0xc4782a73cfe0c65:0xdb730bfa66fc109a,Playa Del Mal Nombre,other,favorite,
Las Palmas,28.724402850000004,-13.8457113,https://www.google.com/maps/place/Playa+del+Pozo/data=!4m2!3m1!1s0xc4634be2a2c017b:0xdee9d46e2f8c91d,Playa del Pozo,other,favorite,
Las Palmas,28.14297085,-14.2374302,https://www.google.com/maps/place/Playa+Esmeralda/data=!4m2!3m1!1s0xc479ce2ef57144f:0x5fe05fa044afefad,Playa Esmeralda,other,favorite,
Las Palmas,28.350058899999997,-14.10885355,https://www.google.com/maps/place/P%C3%A1jara/data=!4m2!3m1!1s0xc47a2d70002e809:0x511573915de21892,Pájara,other,favorite,
Las Palmas,28.1376211,-15.4305886,https://www.google.com/maps/place/Saturdays/data=!4m2!3m1!1s0xc40951535e24ca5:0x5c4aedbfd7feff07,Saturdays,bar,favorite,true
Las Palmas,28.502499399999994,-13.871526300000001,https://www.google.com/maps/place/Shoku+Iku/data=!4m2!3m1!1s0xc47c7e2d4500c3b:0xcc60a64af14d655c,Shoku Iku,restaurant,favorite,
Las Palmas,28.684274600000002,-13.996526200000002,https://www.google.com/maps/place/Villa+Salty+Fuerteventura/data=!4m2!3m1!1s0xc47b53fcc97c671:0xedab6753ffe91bac,Villa Salty Fuerteventura,other,favorite,
Las Palmas,28.727438799999998,-13.871345999999999,https://www.google.com/maps/place/ACUA+WATER+PARK+CORRALEJO/data=!4m2!3m1!1s0xc46351c2bd868b5:0x54df38a8eb3955f5,ACUA WATER PARK CORRALEJO,park,favorite,
Las Palmas,28.135680100000002,-15.432334099999997,https://www.google.com/maps/place/La+Regadera+Food+%26+Drink/data=!4m2!3m1!1s0xc409514fb4e6347:0x238023e8254120e8,La Regadera Food & Drink,restaurant,favorite,
Las Palmas,28.684004199999997,-14.0112498,https://www.google.com/maps/place/Restaurante+El+Ancla+Del+Cotillo/data=!4m2!3m1!1s0xc464db2cbaa71c3:0x812a18207efcbb68,Restaurante El Ancla Del Cotillo,restaurant,favorite,
Las Palmas,28.6816915,-14.0113386,https://www.google.com/maps/place/RESTAURANTE+EL+ROQUE+LOS+PESCADORES/data=!4m2!3m1!1s0xc47b3554923142f:0xddf574c22aef5058,RESTAURANTE EL ROQUE LOS PESCADORES,restaurant,favorite,
Las Palmas,28.6888286,-14.010815500000001,https://www.google.com/maps/place/Restaurante+La+Morocha/data=!4m2!3m1!1s0xc464d79e314d577:0xda70dd6ffecb8679,Restaurante La Morocha,restaurant,favorite,
Las Palmas,28.6823238,-14.010146400000002,https://www.google.com/maps/place/Restaurante+Marea+Alta/data=!4m2!3m1!1s0xc47b3b11bcbf513:0x2956c6d9d92738d9,Restaurante Marea Alta,restaurant,favorite,
Las Palmas,28.495782799999997,-13.8612892,https://www.google.com/maps/place/Restaurante+The+Influencer/data=!4m2!3m1!1s0xc47c785e6b44279:0xd3c8c7582452f6c8,Restaurante The Influencer,restaurant,favorite,
Las Palmas,28.492513799999998,-13.8653721,https://www.google.com/maps/place/Shou+Restaurante+Japon%C3%A9s/data=!4m2!3m1!1s0xc47c63579cf1fe9:0xdec4f38606e26e24,Shou Restaurante Japonés,restaurant,favorite,
Las Palmas,28.136119299999997,-15.4344243,https://www.google.com/maps/place/Aloha+Tiki+Bar/data=!4m2!3m1!1s0xc409515b43d8e9f:0x317005c8a1acaa55,Aloha Tiki Bar,bar,want to go,
Las Palmas,28.1374741,-15.434690399999997,https://www.google.com/maps/place/Little+Buddha+Shisha+Club/data=!4m2!3m1!1s0xc409515eb99cd37:0xf6537fac726514cf,Little Buddha Shisha Club,club,want to go,
Las Palmas,28.100659699999998,-15.4150084,https://www.google.com/maps/place/Catedral+Metropolitana+de+Santa+Ana+de+Canarias/data=!4m2!3m1!1s0xc40958c2658cf49:0xeccfb29dd97c9db6,Catedral Metropolitana de Santa Ana de Canarias,other,want to go,
Las Palmas,29.157509400000002,-13.432145700000001,https://www.google.com/maps/place/Jameos+del+Agua/data=!4m2!3m1!1s0xc48a3cae1795a81:0x30e1e3972e3751ca,Jameos del Agua,experience,want to go,
Las Palmas,28.0642749,-15.4622242,https://www.google.com/maps/place/Jard%C3%ADn+Bot%C3%A1nico+Canario+Viera+y+Clavijo/data=!4m2!3m1!1s0xc4095d581cb3d37:0x29a46ee78ff74c19,Jardín Botánico Canario Viera y Clavijo,park,want to go,
Las Palmas,28.136229600000004,-15.4364424,https://www.google.com/maps/place/La+Churrer%C3%ADa/data=!4m2!3m1!1s0xc40951679f5aa71:0x39e126fa555017a,La Churrería,cafe,want to go,
Las Palmas,28.1661596,-15.435280899999997,https://www.google.com/maps/place/La+Taskita+De+Las+Coloradas/data=!4m2!3m1!1s0xc40eacbee34f30f:0x4eedfda8435973bd,La Taskita De Las Coloradas,bar,want to go,
Las Palmas,28.438546300000002,-14.050110900000002,https://www.google.com/maps/place/Mirador+de+Morro+Velosa/data=!4m2!3m1!1s0xc47bb00757dcbf1:0x28090d98c99d4bd0,Mirador de Morro Velosa,other,want to go,
Las Palmas,27.96388835,-15.565833300000001,https://www.google.com/maps/place/Pico+de+las+Nieves/data=!4m2!3m1!1s0xc409aa013e03a03:0x3323b6efbd4e9e60,Pico de las Nieves,other,want to go,
Las Palmas,28.135052400000003,-15.4378067,https://www.google.com/maps/place/Bull+Hotels+-+Hotel+Astoria/data=!4m2!3m1!1s0xc409516f3764937:0x24ae042e154c819b,Bull Hotels - Hotel Astoria,hotel,want to go,
Las Palmas,28.143653699999998,-15.431539899999999,https://www.google.com/maps/place/Fuji+Restaurant/data=!4m2!3m1!1s0xc409516f3d4a401:0x587e588d950b5815,Fuji Restaurant,restaurant,want to go,
Las Palmas,28.1071529,-15.417891500000001,https://www.google.com/maps/place/Restaurante+Allende+Triana/data=!4m2!3m1!1s0xc4095854e2570b1:0xec07fed5c4357b2d,Restaurante Allende Triana,restaurant,want to go,
Las Palmas,28.1416318,-15.434396900000003,https://www.google.com/maps/place/Restaurante+Casa+Chen/data=!4m2!3m1!1s0xc409596dd7a5f6f:0x6458b54e4aab89a1,Restaurante Casa Chen,restaurant,want to go,
Las Vegas,36.13246169999999,-115.1818523,https://www.google.com/maps/place/Meow+Wolf+Las+Vegas'+Omega+Mart/data=!4m2!3m1!1s0x80c8c5a83887ca35:0xec1f6aedb41f3ea,Meow Wolf Las Vegas' Omega Mart,art,want to go,
Las Vegas,36.19373710000001,-115.1645886,https://www.google.com/maps/place/Gritz+Cafe/data=!4m2!3m1!1s0x80c8c2482d65ca79:0x3c9243f3ebf6602c,Gritz Cafe,cafe,want to go,
Las Vegas,36.0279753,-115.1156322,https://www.google.com/maps/place/Truffles+N+Bacon+Cafe+%C2%AE/data=!4m2!3m1!1s0x80c8cf8c84240225:0x1dcff3a27771056b,Truffles N Bacon Cafe ®,cafe,want to go,
Riga,56.952427699999994,24.1405437,https://www.google.com/maps/place/Krokodils+Bar/data=!4m2!3m1!1s0x46eecf0af23edd4f:0x54fc5904c3ebf7b9,Krokodils Bar,bar,favorite,
Riga,56.952435699999995,24.140361600000002,https://www.google.com/maps/place/Nurme+Bar/data=!4m2!3m1!1s0x46eecfc4a8a29a27:0x8c1405f93d496b1f,Nurme Bar,bar,favorite,
Riga,56.949422,24.130516500000002,https://www.google.com/maps/place/Aleponija/data=!4m2!3m1!1s0x46eece2dbd18c6f1:0xb57b345b79ed8f3b,Aleponija,bar,favorite,
Riga,56.9532022,24.1452469,https://www.google.com/maps/place/Alus+R%C5%ABme+Trofeja/data=!4m2!3m1!1s0x46eecf4aaaf67a65:0x1f55bc971d2580e9,Alus Rūme Trofeja,bar,favorite,
Riga,56.9510994,24.135106999999998,https://www.google.com/maps/place/Avotu+Ez%C4%ABtis+migl%C4%81/data=!4m2!3m1!1s0x46eece321b079f75:0x114fbc783ff04b39,Avotu Ezītis miglā,bar,favorite,
Riga,56.952456999999995,24.1403721,https://www.google.com/maps/place/Boar+BBQ/data=!4m2!3m1!1s0x46eecf5aed89e1b7:0xb9d0073e36801421,Boar BBQ,bar,favorite,
Riga,56.9492987,24.129535899999997,https://www.google.com/maps/place/Cadets+de+Gascogne/data=!4m2!3m1!1s0x46eecf5f7baa2f0b:0xc0d50d7e22772b50,Cadets de Gascogne,cafe,favorite,
Riga,56.9562693,24.1532119,"https://www.google.com/maps/place/Centrale+33,+kafejn%C4%ABca/data=!4m2!3m1!1s0x46eecf2b7a030ac5:0x881826196f95b168","Centrale 33, kafejnīca",restaurant,favorite,
Riga,56.941187500000005,24.1299127,https://www.google.com/maps/place/Katkevich/data=!4m2!3m1!1s0x46eecfb02b5993c1:0xcb2af90aec1be896,Katkevich,restaurant,favorite,
Riga,56.94249939999999,24.128860899999996,https://www.google.com/maps/place/Market+Latgale/data=!4m2!3m1!1s0x46eece29781ae4e1:0x21f3787620f231ab,Market Latgale,flea market,favorite,
Riga,56.9500424,24.1508655,https://www.google.com/maps/place/Nurme+Brewery+%26+Taproom/data=!4m2!3m1!1s0x46eecf66376c6c67:0x14231087423c29f0,Nurme Brewery & Taproom,bar,favorite,
Riga,56.9536283,24.1461908,https://www.google.com/maps/place/Oak'A+Burgers/data=!4m2!3m1!1s0x46eecfcee5a6116d:0xe56360d6dd707465,Oak'A Burgers,restaurant,favorite,
Riga,56.952562400000005,24.154196199999998,"https://www.google.com/maps/place/Pie+Gabri%C4%93la,+Restor%C4%81ns/data=!4m2!3m1!1s0x46eece397c7a4d73:0x4afb31649991ad8f","Pie Gabriēla, Restorāns",restaurant,favorite,
Riga,56.9438573,24.1149982,https://www.google.com/maps/place/Riga+Central+Market/data=!4m2!3m1!1s0x46eecfd4d1c236e3:0x38d769786a660bd4,Riga Central Market,flea market,favorite,
Riga,56.9508559,24.134121799999996,https://www.google.com/maps/place/Rimi+Mini/data=!4m2!3m1!1s0x46eecfa40a55455d:0xcae1b63b35e57934,Rimi Mini,other,favorite,
Riga,56.942142399999994,24.115147600000004,https://www.google.com/maps/place/Sp%C4%AB%C4%B7eri/data=!4m2!3m1!1s0x46eecfd57d17080b:0xd216ee28325e7e92,Spīķeri,experience,favorite,
Riga,56.9507952,24.127121100000004,https://www.google.com/maps/place/This+Place+Doesn't+Need+A+Name+Avotu/data=!4m2!3m1!1s0x46eecfe1848d142d:0xe234d210e1745c65,This Place Doesn't Need A Name Avotu,restaurant,favorite,
Riga,56.94964699999999,24.137004100000002,https://www.google.com/maps/place/%C4%A2ertr%C5%ABdes+iela+103/data=!4m2!3m1!1s0x46eece2e1fcea485:0xfe09f776e371f6c3,Ģertrūdes iela 103,other,favorite,
Lauterbrunnen,46.60555585,7.920419499999999,https://www.google.com/maps/place/Wengen/data=!4m2!3m1!1s0x478fa1c61e6dd461:0xb1a996face2f0381,Wengen,other,want to go,
Lawndale,33.8792099,-118.35594279999998,https://www.google.com/maps/place/Cracker+Barrel+Old+Country+Store/data=!4m2!3m1!1s0x80c2b50b94adbf69:0xa4cfe02357987bc1,Cracker Barrel Old Country Store,bar,favorite,
Amsterdam,52.37427520000001,4.881611400000001,https://www.google.com/maps/place/Caf%C3%A9+Chris/data=!4m2!3m1!1s0x47c609db398ac5a7:0xad4f1db967b1bf54,Café Chris,bar,want to go,
Le Mont-Saint-Michel,48.6244628,-1.52776135,https://www.google.com/maps/place/Mont+Saint-Michel/data=!4m2!3m1!1s0x480ea8d67c9ceeb3:0xc5834ce47e0dc3fe,Mont Saint-Michel,other,want to go,
Lebanon,33.8889657,35.5122018,https://www.google.com/maps/place/Liza/data=!4m2!3m1!1s0x151f16fd1564d30b:0x88ecfcb2a888a0ab,Liza,restaurant,want to go,
Leipzig,51.33175299999999,12.334326999999998,https://www.google.com/maps/place/Quchi+-+sushi+%26+asian+fusion+kitchen/data=!4m2!3m1!1s0x47a6f7a1dbe0f9f9:0x407b2a34d04bcd91,Quchi - sushi & asian fusion kitchen,restaurant,favorite,
Leipzig,51.331467599999996,12.334845799999998,https://www.google.com/maps/place/RUDI/data=!4m2!3m1!1s0x47a6f7a19a626afb:0x8b7fa62121eca078,RUDI,bar,favorite,true
Leipzig,51.25174200000001,12.315318900000003,https://www.google.com/maps/place/Belantis/data=!4m2!3m1!1s0x47a658c795f65d89:0xe080217d017f2766,Belantis,park,favorite,
Leipzig,51.3448662,12.380275299999997,https://www.google.com/maps/place/Instant+Market/data=!4m2!3m1!1s0x47a6f9002611357f:0x6cb42e9d9af1724f,Instant Market,club,want to go,
Leipzig,51.331209099999995,12.333845499999999,https://www.google.com/maps/place/Beard+Brothers/data=!4m2!3m1!1s0x47a6f7a1d185935d:0x9937c4e5dcff8260,Beard Brothers,restaurant,want to go,
Leipzig,51.321112899999996,12.401248800000001,https://www.google.com/maps/place/Distillery/data=!4m2!3m1!1s0x47a6f9cb0ac03aff:0x8bf34f8198cdc116,Distillery,club,want to go,
Leipzig,51.3251632,12.3309367,https://www.google.com/maps/place/Elipamanoke+-+Leipzig/data=!4m2!3m1!1s0x47a6f7757deac631:0x592cb38ab27e1268,Elipamanoke - Leipzig,club,want to go,
Leipzig,51.3266469,12.3448452,https://www.google.com/maps/place/Kuultivo/data=!4m2!3m1!1s0x47a6f7c0893d4e11:0x8c95350ae9397474,Kuultivo,restaurant,want to go,
Leipzig,51.3481953,12.396043299999999,https://www.google.com/maps/place/mjut/data=!4m2!3m1!1s0x47a6f94ea71b3ca7:0x338a88d498e865a4,mjut,club,want to go,
Leipzig,51.34204,12.37826,https://www.google.com/maps/place/N'+Ostalgie+Museum/data=!4m2!3m1!1s0x47a6f823ac890f93:0xec7f860f3a742dde,N' Ostalgie Museum,art,want to go,
Leipzig,51.3201033,12.3204658,https://www.google.com/maps/place/Neue+Welle/data=!4m2!3m1!1s0x47a6f773d8acb8f9:0xeb9f35a3021f3021,Neue Welle,club,want to go,
Leipzig,51.34032049999999,12.378488999999998,https://www.google.com/maps/place/St.+Nicholas+Church/data=!4m2!3m1!1s0x47a6f8239be993db:0x5f4844f96cc90c2d,St. Nicholas Church,other,want to go,
Leipzig,51.3574502,12.313887900000001,https://www.google.com/maps/place/The+Wooden+Rabbit+Villa/data=!4m2!3m1!1s0x47a6f6337add5f41:0x3faa4a5dc517176b,The Wooden Rabbit Villa,experience,want to go,
Leipzig,51.324774999999995,12.330444999999996,https://www.google.com/maps/place/T%C3%A4ubchenthal/data=!4m2!3m1!1s0x47a6f70b46e654d5:0x84570fc83ac3e8ff,Täubchenthal,experience,want to go,
Leipzig,51.3088455,12.372509,https://www.google.com/maps/place/UT+Connewitz/data=!4m2!3m1!1s0x47a6f9c465121b31:0x958e8cff04f06f45,UT Connewitz,experience,want to go,
Leipzig,51.3382289,12.304651100000001,https://www.google.com/maps/place/Westhafen/data=!4m2!3m1!1s0x47a6f7ae7dcdf1fb:0x169345f5853a09c9,Westhafen,experience,want to go,
Leipzig,51.3022747,12.3744756,https://www.google.com/maps/place/Conne+Island+Skatepark+%2F+SK8ISLAND/data=!4m2!3m1!1s0x47a6f9ea7260b1d7:0x31eade09c1becc23,Conne Island Skatepark / SK8ISLAND,park,want to go,
Leipzig,51.3592336,12.3625887,https://www.google.com/maps/place/FRIEDA+Restaurant/data=!4m2!3m1!1s0x47a6f79e4afa9ab7:0xcdbca4420d1b8f38,FRIEDA Restaurant,restaurant,want to go,
Lexington,30.4133586,-97.0096923,https://www.google.com/maps/place/Snow's+BBQ/data=!4m2!3m1!1s0x86445ea1200576a9:0x28fc4cc3aa69a5f2,Snow's BBQ,bar,want to go,
Lingen (Ems),52.518349799999996,7.326084,https://www.google.com/maps/place/Brunnenstra%C3%9Fe+30/data=!4m2!3m1!1s0x47b787b5255182b9:0x2a2bdd33ee366180,Brunnenstraße 30,other,favorite,
Lingen (Ems),52.5216666,7.321954499999999,https://www.google.com/maps/place/The+Bulldog+-+Burger+%26+Barbecue+Bar+-+Lingen/data=!4m2!3m1!1s0x47b787b9efde04c1:0x7069e4edd54b8a8b,The Bulldog - Burger & Barbecue Bar - Lingen,bar,want to go,
Lingen (Ems),52.5222635,7.3157689999999995,https://www.google.com/maps/place/Cafe+Extrablatt+Lingen+am+Markt/data=!4m2!3m1!1s0x47b78633754f5bb1:0x98b06325756de999,Cafe Extrablatt Lingen am Markt,cafe,want to go,
Lingen (Ems),52.522746,7.316269,https://www.google.com/maps/place/Alte+Posthalterei/data=!4m2!3m1!1s0x47b78633992e14b9:0x1b5fe04d83fc7498,Alte Posthalterei,restaurant,want to go,
Lingen (Ems),52.52238,7.31527,https://www.google.com/maps/place/Hexenhaus/data=!4m2!3m1!1s0x47b78770be15a0a1:0x63b15018019e912f,Hexenhaus,bar,want to go,
Lingen (Ems),52.5209536,7.323449399999999,https://www.google.com/maps/place/Kunsthalle+Lingen/data=!4m2!3m1!1s0x47b7864aa2ee1a79:0xca274b4a40bfb2ef,Kunsthalle Lingen,other,want to go,
Linthe,52.1599176,12.780515200000002,https://www.google.com/maps/place/Kullman's+Linthe/data=!4m2!3m1!1s0x47a8856b42acdfa7:0x254998002f44232c,Kullman's Linthe,restaurant,favorite,
Lisboa,38.708584200000004,-9.151684200000002,https://www.google.com/maps/place/Neighbourhood+Lisbon/data=!4m2!3m1!1s0xd19355b1d862aaf:0x30298f261a8094a,Neighbourhood Lisbon,cafe,favorite,
Lisboa,38.715970899999995,-9.1474989,https://www.google.com/maps/place/A+Cevicheria/data=!4m2!3m1!1s0xd19337f11d424cb:0x375e9213594734d,A Cevicheria,restaurant,favorite,
Lisboa,38.709007,-9.139506,https://www.google.com/maps/place/Dear+Breakfast/data=!4m2!3m1!1s0xd193521f7d2f86d:0x62723308dd205061,Dear Breakfast,restaurant,favorite,
Lisboa,38.7164761,-9.142961699999997,https://www.google.com/maps/place/DSCAR/data=!4m2!3m1!1s0xd19337881c0a281:0x8ae17ad630a61cc,DSCAR,other,favorite,
Lisboa,38.7084936,-9.153769099999998,https://www.google.com/maps/place/Fauna+%26+Flora/data=!4m2!3m1!1s0xd193483a0c0c9e1:0x20aa9c6a2507641e,Fauna & Flora,restaurant,favorite,
Lisboa,38.7097811,-9.1408293,https://www.google.com/maps/place//data=!4m2!3m1!1s0xd19347ec59091d9:0x211bd42612d00991,Cerâmicas na Linha,shop,favorite,
Lisboa,38.710097499999996,-9.1393846,https://www.google.com/maps/place//data=!4m2!3m1!1s0xd1935e3a7ae2ba5:0xe16942c86d2efac5,Latte Lisbon,shop,favorite,
Lisboa,38.7108394,-9.1440551,https://www.google.com/maps/place/Manteigaria+(Portuguese+custard+pies+factory)/data=!4m2!3m1!1s0xd19347fb4271673:0xe8af7b569be2615f,Manteigaria (Portuguese custard pies factory),bakery,favorite,
Lisboa,38.7157611,-9.1466222,https://www.google.com/maps/place/Tapisco+Lisboa/data=!4m2!3m1!1s0xd19337f7203d12f:0x8183732b808e8c8a,Tapisco Lisboa,restaurant,favorite,
Lisboa,38.710764999999995,-9.149788000000001,https://www.google.com/maps/place/the+mill/data=!4m2!3m1!1s0xd1934822d5792c9:0x5a4a7dc9e12903c7,the mill,restaurant,favorite,
Lisboa,38.70537069999999,-9.167100599999998,https://www.google.com/maps/place/After+Hours+Wine+Bar/data=!4m2!3m1!1s0xd19350075192cf3:0x56ec92f77a60a737,After Hours Wine Bar,bar,want to go,
Lisboa,38.7139227,-9.1519475,https://www.google.com/maps/place/Foxtrot/data=!4m2!3m1!1s0xd19337ddcb11c1d:0x44c81ad34fab343a,Foxtrot,bar,want to go,
Lisboa,38.70974530000001,-9.148270499999999,https://www.google.com/maps/place/Madame+Petisca/data=!4m2!3m1!1s0xd193481083cf531:0x6c484409ce290fb8,Madame Petisca,bar,want to go,
Lisboa,38.706252,-9.155324,https://www.google.com/maps/place/Santos/data=!4m2!3m1!1s0xd193484fbb50893:0xc4b829bb8f70e05,Santos,cafe,want to go,
Lisboa,38.7101511,-9.1411185,https://www.google.com/maps/place/Alma/data=!4m2!3m1!1s0xd19347edb83ac8f:0xaa0522bc46fb5d33,Alma,restaurant,want to go,
Lisboa,38.717699999999994,-9.164122199999998,https://www.google.com/maps/place/Am%C3%A9lia+Lisboa/data=!4m2!3m1!1s0xd193366c31eb3cf:0x39121aafe3032fa8,Amélia Lisboa,cafe,want to go,
Lisboa,38.710231300000004,-9.143996999999999,https://www.google.com/maps/place/Ao+26/data=!4m2!3m1!1s0xd19347e9fc294f3:0xdd4454470b989223,Ao 26,restaurant,want to go,
Lisboa,38.720560299999995,-9.154174000000001,https://www.google.com/maps/place/arkhe/data=!4m2!3m1!1s0xd19350f5933942f:0x6d5d07c23fb75b2b,arkhe,restaurant,want to go,
Lisboa,38.720257,-9.135742899999999,https://www.google.com/maps/place/Cervejaria+Ramiro/data=!4m2!3m1!1s0xd19338594951ef9:0x1d963dd88e75cc5f,Cervejaria Ramiro,restaurant,want to go,
Lisboa,38.71698919999999,-9.149641599999999,https://www.google.com/maps/place/Crispy+Mafya/data=!4m2!3m1!1s0xd1933ea9c1065f9:0xb782f1878cf2fe43,Crispy Mafya,restaurant,want to go,
Lisboa,38.70935540000001,-9.1462821,https://www.google.com/maps/place/Estrela+da+Bica/data=!4m2!3m1!1s0xd1934809a7073b9:0xcf8a419dc4d0d8a6,Estrela da Bica,restaurant,want to go,
Lisboa,38.7167034,-9.150470499999999,https://www.google.com/maps/place/Frangasqueira+Nacional/data=!4m2!3m1!1s0xd19337c0860ac61:0xb8a88de3ddf943ef,Frangasqueira Nacional,bar,want to go,
Lisboa,38.712399,-9.139575899999999,https://www.google.com/maps/place/Gelados+Santini/data=!4m2!3m1!1s0xd193478d172f51b:0x8b79394f650910a2,Gelados Santini,shop,want to go,
Lisboa,38.710125399999995,-9.1353154,https://www.google.com/maps/place/Gelato+Therapy/data=!4m2!3m1!1s0xd193479c4ad8b53:0xccdb9a75a27d6560,Gelato Therapy,shop,want to go,
Lisboa,38.720023999999995,-9.193823,https://www.google.com/maps/place/Keil+do+Amaral+Amphitheater/data=!4m2!3m1!1s0xd1eccb272698dbd:0x9ffbc4bb40cd0fc2,Keil do Amaral Amphitheater,other,want to go,
Lisboa,38.7109017,-9.1476882,https://www.google.com/maps/place/Machimbombo/data=!4m2!3m1!1s0xd19352cb6d08caf:0x3e996c4718e4e75,Machimbombo,bar,want to go,
Lisboa,38.70675569999999,-9.1458211,https://www.google.com/maps/place/Manteigaria+-+F%C3%A1brica+de+Past%C3%A9is+de+Nata/data=!4m2!3m1!1s0xd19348759187db9:0x4269e931011af62,Manteigaria - Fábrica de Pastéis de Nata,shop,want to go,
Lisboa,38.7104885,-9.136206099999999,https://www.google.com/maps/place/Nicolau+Lisboa/data=!4m2!3m1!1s0xd193479b6c7b78f:0xf2c7acc5f824a399,Nicolau Lisboa,cafe,want to go,
Lisboa,38.7216842,-9.134816599999999,https://www.google.com/maps/place/O+Gambuzino/data=!4m2!3m1!1s0xd1933d82fccdc91:0xb0eb632679952c71,O Gambuzino,restaurant,want to go,
Lisboa,38.733419999999995,-9.1537429,https://www.google.com/maps/place/O+Poke/data=!4m2!3m1!1s0xd19333e0cb72d4f:0x5c3d9187d7e016d5,O Poke,restaurant,want to go,
Lisboa,38.710944600000005,-9.143329999999999,https://www.google.com/maps/place/Os+Caba%C3%A7as/data=!4m2!3m1!1s0xd193528f7623e5f:0x6c7ea22f5fb9c594,Os Cabaças,restaurant,want to go,
Lisboa,38.719741,-9.1487292,https://www.google.com/maps/place/Os+Tibetanos/data=!4m2!3m1!1s0xd1933791b514ec5:0xe36f3dd9a67bee3,Os Tibetanos,restaurant,want to go,
Lisboa,38.7087746,-9.1548862,https://www.google.com/maps/place/Osteria+-+Cucina+di+Amici/data=!4m2!3m1!1s0xd1934831100667d:0x387f067a265a01ed,Osteria - Cucina di Amici,restaurant,want to go,
Lisboa,38.7096823,-9.143029,https://www.google.com/maps/place/Pal%C3%A1cio+Chiado/data=!4m2!3m1!1s0xd19347e585eb435:0x6281a8a072e44871,Palácio Chiado,restaurant,want to go,
Lisboa,38.728694,-9.184483100000001,https://www.google.com/maps/place/Panor%C3%A2mico+de+Monsanto/data=!4m2!3m1!1s0xd19334a27c6ec51:0xa61a8ad0d27bbe73,Panorâmico de Monsanto,experience,want to go,
Lisboa,38.6975105,-9.203227600000002,https://www.google.com/maps/place/Past%C3%A9is+de+Bel%C3%A9m/data=!4m2!3m1!1s0xd1ecb452efd715b:0xffeff6c6b46d9665,Pastéis de Belém,shop,want to go,
Lisboa,38.710538799999995,-9.1349567,https://www.google.com/maps/place/Prado/data=!4m2!3m1!1s0xd193479d0c13959:0x3cdd26aa245a4fd3,Prado,restaurant,want to go,
Lisboa,38.705521999999995,-9.1709249,https://www.google.com/maps/place/Quimera+Brewpub/data=!4m2!3m1!1s0xd1934a3d77792a7:0x44265666c23781bc,Quimera Brewpub,restaurant,want to go,
Lisboa,38.7100544,-9.1436093,https://www.google.com/maps/place/Taberna+da+Rua+das+Flores/data=!4m2!3m1!1s0xd19347e4e168215:0xdd6d3add6ae908fd,Taberna da Rua das Flores,other,want to go,
Lisboa,38.705409700000004,-9.167126099999999,https://www.google.com/maps/place/Tact/data=!4m2!3m1!1s0xd193590695f0fe7:0x31743468599a10a,Tact,cafe,want to go,
Lisboa,38.713117499999996,-9.1419303,https://www.google.com/maps/place/Toca+da+Raposa/data=!4m2!3m1!1s0xd1935ca7cecd503:0xe2aa87d000eaa4a,Toca da Raposa,bar,want to go,
Lisboa,38.708917799999995,-9.149452799999999,https://www.google.com/maps/place/Tricky's/data=!4m2!3m1!1s0xd19353af088d677:0x2bc1d97cc7d01cd0,Tricky's,restaurant,want to go,
Lisboa,38.7462353,-9.1001887,https://www.google.com/maps/place/Underdogs+Gallery/data=!4m2!3m1!1s0xd19316295f7478f:0xf4c70874e8743ce1,Underdogs Gallery,art,want to go,
Lisboa,38.715458,-9.1476693,https://www.google.com/maps/place/UNI/data=!4m2!3m1!1s0xd1933a1c9d44b57:0xd4126faa346b8a68,UNI,bar,want to go,
Lisboa,38.7206052,-9.1474643,"https://www.google.com/maps/place/Yakuza+by+Olivier,+Lisboa/data=!4m2!3m1!1s0xd1933827b98c0c9:0x3313703e9f7aeb36","Yakuza by Olivier, Lisboa",restaurant,want to go,
Lisboa,38.715781899999996,-9.141238699999997,https://www.google.com/maps/place/Pra%C3%A7a+dos+Restauradores/data=!4m2!3m1!1s0xd193380df7aca9f:0x213be273dddd64f,Praça dos Restauradores,park,want to go,
Lisboa,38.7160776,-9.134000300000002,https://www.google.com/maps/place/Illegal+Chinese+Restaurant/data=!4m2!3m1!1s0xd1933887b7fdbab:0x172b9a5193d7ac17,Illegal Chinese Restaurant,restaurant,want to go,
Lisbon,38.7134511,-9.145383849999998,https://www.google.com/maps/place/Bairro+Alto/data=!4m2!3m1!1s0xd19348002b3abfb:0xbafe2a3ba260d0f1,Bairro Alto,other,want to go,
Litchfield,39.17750329999999,-89.6670367,https://www.google.com/maps/place/The+Ariston+Cafe/data=!4m2!3m1!1s0x8875a2e12882dc63:0x44da7c1b9d53c9e6,The Ariston Cafe,cafe,favorite,
llogara,40.1886066,19.599167100000003,https://www.google.com/maps/place/Paragliding+Albania+-+Skysports+Albania+-+Paragliding+Llogara/data=!4m2!3m1!1s0x135b2be79165f8bb:0x2eca5cf6ef0cbb45,Paragliding Albania - Skysports Albania - Paragliding Llogara,other,want to go,
Amsterdam,52.35589530000001,4.9002264,https://www.google.com/maps/place/Bulls+and+Dogs/data=!4m2!3m1!1s0x47c6098e1edfd2ed:0x9a02b96e9de11e1,Bulls and Dogs,restaurant,want to go,
London,51.5380341,-0.1023212,https://www.google.com/maps/place/GAIL's+Bakery+Islington/data=!4m2!3m1!1s0x48761b2ab2849d41:0xfee2469460cbb427,GAIL's Bakery Islington,bakery,favorite,
London,51.584297,-0.0343606,https://www.google.com/maps/place/Bonners+Fish+Bar/data=!4m2!3m1!1s0x48761dc5ee60b7e9:0xc1e220084722f594,Bonners Fish Bar,bar,favorite,
London,51.5141012,-0.0857105,"https://www.google.com/maps/place/Marco+Pierre+White+Wheeler%E2%80%99s+Oyster+Bar+%26+Grill+Room,+Bank/data=!4m2!3m1!1s0x4876035326bfd109:0xe999901a1282081c","Marco Pierre White Wheeler’s Oyster Bar & Grill Room, Bank",bar,favorite,true
London,51.4672593,-0.0665176,https://www.google.com/maps/place/Canavan's+Peckham+Pool+Club/data=!4m2!3m1!1s0x487603a3d09d32c1:0xe9637e61f57c02e1,Canavan's Peckham Pool Club,club,favorite,true
London,51.537736699999996,-0.057529799999999985,https://www.google.com/maps/place/Bright/data=!4m2!3m1!1s0x48761ce7c42f57cd:0x8f823e0eea287f8c,Bright,restaurant,favorite,true
London,51.550097900000004,-0.07539839999999999,https://www.google.com/maps/place/Dalston+Superstore/data=!4m2!3m1!1s0x48761c8c31920aab:0xa2a9809490bf83a3,Dalston Superstore,bar,favorite,
London,51.5245002,-0.0765998,https://www.google.com/maps/place/Dishoom+Shoreditch/data=!4m2!3m1!1s0x48761cba02358bc5:0xe77da8b93c776df8,Dishoom Shoreditch,restaurant,favorite,
London,51.499405499999995,-0.1632344,https://www.google.com/maps/place/Harrods/data=!4m2!3m1!1s0x48760538ed2a30ff:0x15ee630d4b4e0d42,Harrods,shop,favorite,
London,51.479694099999996,-0.1263104,https://www.google.com/maps/place/Hot+Stuff/data=!4m2!3m1!1s0x487604f0e0551e9d:0x6e24b72eca06d677,Hot Stuff,restaurant,favorite,true
London,51.559090499999996,0.0111318,https://www.google.com/maps/place/Leytonstone+Tavern/data=!4m2!3m1!1s0x47d8a75024d3d6fd:0x1cb0c60979f06c05,Leytonstone Tavern,bar,favorite,
London,51.5560675,-0.1461834,https://www.google.com/maps/place/Southampton+Arms/data=!4m2!3m1!1s0x48761aff4673e33d:0x296bcb0d6b0395a,Southampton Arms,bar,favorite,
London,51.5452778,-0.1461111,https://www.google.com/maps/place/Tapping+The+Admiral/data=!4m2!3m1!1s0x48761ae342f8b217:0x32b85b47145b286f,Tapping The Admiral,bar,favorite,
London,51.510627500000005,-0.1353358,https://www.google.com/maps/place/The+Devonshire/data=!4m2!3m1!1s0x487605074d79cfb1:0x3f0b094216e3000e,The Devonshire,bar,favorite,
London,51.51399409999999,-0.13198529999999997,https://www.google.com/maps/place/The+Dog+And+Duck/data=!4m2!3m1!1s0x487604d2d8c5dc57:0xe9fdb886b01761be,The Dog And Duck,bar,favorite,
London,51.53840859999999,-0.0438968,https://www.google.com/maps/place/The+Hawke+Pub/data=!4m2!3m1!1s0x48761dc163778fa7:0x29fb9cfcce43379b,The Hawke Pub,bar,favorite,
London,51.582526400000006,-0.012573100000000002,https://www.google.com/maps/place/The+W+Store/data=!4m2!3m1!1s0x48761d0c31bee37d:0xe6963e7b4235e9d9,The W Store,shop,favorite,
London,51.543952,-0.0758636,https://www.google.com/maps/place/Three+Sheets/data=!4m2!3m1!1s0x48761c93d33735d5:0x548e8f8a188bad71,Three Sheets,bar,favorite,
London,51.5242042,-0.0767031,https://www.google.com/maps/place/BRAT+Restaurant/data=!4m2!3m1!1s0x48761cb0b66575ed:0xbc95fbb590ac2921,BRAT Restaurant,restaurant,favorite,
London,51.582294,-0.029646199999999998,https://www.google.com/maps/place/TARO+-+WALTHAMSTOW/data=!4m2!3m1!1s0x48761d5f6323c22b:0xd620a704a91cc815,TARO - WALTHAMSTOW,shop,favorite,
London,51.52449849999999,-0.07176080000000001,https://www.google.com/maps/place/Beigel+Bake+Brick+Lane+Bakery/data=!4m2!3m1!1s0x48761dad861a488d:0xc9e1e09acd76b50c,Beigel Bake Brick Lane Bakery,bakery,want to go,
London,51.493333299999996,-0.1586111,https://www.google.com/maps/place/Bread+Ahead+Bakery+Pavilion+Road/data=!4m2!3m1!1s0x48760515fcfdfdd3:0x8777096c63ba750a,Bread Ahead Bakery Pavilion Road,bakery,want to go,
London,51.520002999999996,-0.09316210000000003,https://www.google.com/maps/place/Barbican+Conservatory/data=!4m2!3m1!1s0x48761caa036cfde1:0x8deeedcd900573b6,Barbican Conservatory,bar,want to go,
London,51.514109999999995,-0.13266709999999998,https://www.google.com/maps/place/Barrafina/data=!4m2!3m1!1s0x487604d2dc29e6a9:0xc52f51ca234cd897,Barrafina,bar,want to go,
London,51.5143895,-0.12179020000000003,https://www.google.com/maps/place/Barrafina/data=!4m2!3m1!1s0x487604cb42a998d3:0x94befe1650b40615,Barrafina,bar,want to go,
London,51.512838900000006,-0.1308,https://www.google.com/maps/place/Barshu+Restaurant/data=!4m2!3m1!1s0x487604d2f3b6c873:0x33cd98c66b65476,Barshu Restaurant,bar,want to go,
London,51.5054311,-0.0910436,https://www.google.com/maps/place/Dorset+Oysters+Bar/data=!4m2!3m1!1s0x487603f3f0de5d51:0xb3d899d3c9cc64c4,Dorset Oysters Bar,bar,want to go,
London,51.5119233,-0.13102719999999995,https://www.google.com/maps/place/Experimental+Cocktail+Club+Chinatown/data=!4m2!3m1!1s0x487604d24c1e7bd3:0xdef97653196fb5fd,Experimental Cocktail Club Chinatown,club,want to go,
London,51.516745900000004,-0.12736540000000002,https://www.google.com/maps/place/Flight+Club+Bloomsbury/data=!4m2!3m1!1s0x48761b32ef1225b1:0xffac307d92608a87,Flight Club Bloomsbury,club,want to go,
London,51.5143518,-0.12948189999999998,https://www.google.com/maps/place/Phoenix+Arts+Club/data=!4m2!3m1!1s0x487604cd93d1854b:0xcb0f513faae59465,Phoenix Arts Club,club,want to go,
London,51.5379085,-0.1027993,https://www.google.com/maps/place/12:51+By+Chef+James+Cochran/data=!4m2!3m1!1s0x48761bda49e4a8d5:0x5c8c386c69d488e3,12:51 By Chef James Cochran,restaurant,want to go,
London,51.5108639,-0.12397300000000001,https://www.google.com/maps/place/Ave+Mario/data=!4m2!3m1!1s0x487605cb1cd6a4a1:0xa7a304e719d02d13,Ave Mario,restaurant,want to go,
London,51.558357,-0.09869829999999999,https://www.google.com/maps/place/Bank+of+Friendship/data=!4m2!3m1!1s0x48761b81eb2bbdf7:0xf6846b1eb7860d40,Bank of Friendship,bar,want to go,
London,51.5150107,-0.14118719999999996,https://www.google.com/maps/place/Beyond+Retro+Soho/data=!4m2!3m1!1s0x487604d4d413fd59:0xa4a57dfc491a9a1b,Beyond Retro Soho,vintage,want to go,
London,51.505582600000004,-0.09048080000000001,https://www.google.com/maps/place/Borough+Market/data=!4m2!3m1!1s0x4876035775cf660f:0x3128e7e59ca044b9,Borough Market,shop,want to go,
London,51.5126036,-0.0916715,https://www.google.com/maps/place/Brigadiers/data=!4m2!3m1!1s0x4876035509b75753:0x46bf83485446686d,Brigadiers,restaurant,want to go,
London,51.546470199999995,-0.0511699,https://www.google.com/maps/place/Burberry+Outlet/data=!4m2!3m1!1s0x48761ce349ce6f21:0xd3517105579b1bfc,Burberry Outlet,shop,want to go,
London,51.541900049999995,-0.147552,https://www.google.com/maps/place/Camden+Market/data=!4m2!3m1!1s0x48761ae41244f149:0x47659eff1785ef08,Camden Market,flea market,want to go,
London,51.515681099999995,-0.205041,https://www.google.com/maps/place/Chai+Guys+Bakehouse/data=!4m2!3m1!1s0x4876114df9325fbb:0xaf42a418d44b5a82,Chai Guys Bakehouse,bakery,want to go,
London,51.5171895,-0.13386789999999998,https://www.google.com/maps/place/Circolo+Popolare/data=!4m2!3m1!1s0x48761ba809fd882b:0x817eee82a924ec96,Circolo Popolare,restaurant,want to go,
London,51.4885586,-0.22691919999999996,https://www.google.com/maps/place/Crisp+Pizza/data=!4m2!3m1!1s0x48760f005bf2e35d:0x98d36dbbdb5d2f55,Crisp Pizza,restaurant,want to go,
London,51.511763099999996,-0.13138940000000002,https://www.google.com/maps/place/Dumplings'+Legend/data=!4m2!3m1!1s0x487604d24c1e7981:0x835da4126f88b8df,Dumplings' Legend,restaurant,want to go,
London,51.5264863,-0.0634305,https://www.google.com/maps/place/E+Pellicci/data=!4m2!3m1!1s0x48761cc5ebe9ec3d:0x9e5d80938bd1e5ef,E Pellicci,restaurant,want to go,
London,51.5155712,-0.20489030000000003,https://www.google.com/maps/place/Electric+Cinema/data=!4m2!3m1!1s0x4876101df02076a1:0x1d56559b309dd183,Electric Cinema,other,want to go,
London,51.5932337,-0.04147560000000001,https://www.google.com/maps/place/Exale+Brewing+and+Taproom/data=!4m2!3m1!1s0x48761dfdec389b9f:0x8d889ff689efdeb3,Exale Brewing and Taproom,bar,want to go,
London,51.545991799999996,-0.10201120000000001,https://www.google.com/maps/place/F.K.A.B.A.M.+(Formerly+Known+as+Black+Axe+Mangal)/data=!4m2!3m1!1s0x48761b64ce35c83d:0xcab50f70d44bfd6f,F.K.A.B.A.M. (Formerly Known as Black Axe Mangal),restaurant,want to go,
London,51.5397374,-0.056568400000000005,https://www.google.com/maps/place/Facing+Heaven/data=!4m2!3m1!1s0x48761d0ee4d49f6b:0x95f5daee36f34e6f,Facing Heaven,restaurant,want to go,
London,51.509409999999995,-0.1327837,https://www.google.com/maps/place/Fallow/data=!4m2!3m1!1s0x487604d595786349:0x26d4df293937aa1a,Fallow,restaurant,want to go,
London,51.53711519999999,-0.0448818,https://www.google.com/maps/place/Fish+House/data=!4m2!3m1!1s0x48761d1f973b729b:0x7ac37ea3283d38b5,Fish House,restaurant,want to go,
London,51.5228207,-0.1242042,https://www.google.com/maps/place/Fortitude+Bakehouse/data=!4m2!3m1!1s0x48761b30d8071b57:0x40d437b0e50ed338,Fortitude Bakehouse,bakery,want to go,
London,51.61904620000001,-0.11276139999999998,https://www.google.com/maps/place/Genesis/data=!4m2!3m1!1s0x48761d0c83c0f655:0x6d4fd4a1b4647b9e,Genesis,restaurant,want to go,
London,51.5251266,-0.0813541,https://www.google.com/maps/place/Gloria/data=!4m2!3m1!1s0x48761d27e14edf8f:0x56a65d5c3cdf7036,Gloria,restaurant,want to go,
London,51.517867100000004,-0.09892789999999999,https://www.google.com/maps/place/Ibai/data=!4m2!3m1!1s0x48761b6d13447a93:0x14b179f97bd82d79,Ibai,restaurant,want to go,
London,51.5245578,-0.0743051,https://www.google.com/maps/place/Jolene+Redchurch+Street/data=!4m2!3m1!1s0x48761d5419f8081b:0x7fc417d07ef391c0,Jolene Redchurch Street,bakery,want to go,
London,51.53473559999999,-0.10513909999999999,https://www.google.com/maps/place/Kanada-Ya/data=!4m2!3m1!1s0x48761b5d47667451:0xda60957fd308f48d,Kanada-Ya,restaurant,want to go,
London,51.5324592,-0.11971189999999998,https://www.google.com/maps/place/King+Charles+I/data=!4m2!3m1!1s0x48761b3f3d2d04a1:0xde25cee5971f9b3,King Charles I,bar,want to go,
London,51.5166954,-0.07873360000000001,https://www.google.com/maps/place/K%C3%B6D+London+City/data=!4m2!3m1!1s0x48761db287ca81b7:0x1338e60d8af409c0,KöD London City,other,want to go,
London,51.547368500000005,-0.0523362,https://www.google.com/maps/place/Lagom/data=!4m2!3m1!1s0x48761dc9633e9875:0x3bbfefc87dc5ea96,Lagom,restaurant,want to go,
London,51.524011099999996,-0.08056080000000002,https://www.google.com/maps/place/manteca/data=!4m2!3m1!1s0x487605af3a2cdb1b:0xa231cb4af8b93b19,manteca,restaurant,want to go,
London,51.5378374,-0.057233200000000005,https://www.google.com/maps/place/Mare+street+market/data=!4m2!3m1!1s0x48761ce7b898fdcb:0xb8989a8137f5b23c,Mare street market,restaurant,want to go,
London,51.527242400000006,-0.0824333,https://www.google.com/maps/place/MEATliquor+Shoreditch/data=!4m2!3m1!1s0x48761ca5376095bd:0x4d9d8c401b60451a,MEATliquor Shoreditch,restaurant,want to go,
London,51.516280099999996,-0.14289839999999998,https://www.google.com/maps/place/MEATliquor+W1/data=!4m2!3m1!1s0x48761be08ca2ef49:0xf0eb7c20e052e3fb,MEATliquor W1,other,want to go,
London,51.5197685,-0.0750361,https://www.google.com/maps/place/Melt/data=!4m2!3m1!1s0x48761d003549c6d9:0x33fa7dea15c8cd7a,Melt,shop,want to go,
London,51.498459800000006,-0.09840959999999999,https://www.google.com/maps/place/Mercato+Metropolitano/data=!4m2!3m1!1s0x487604a1478398d3:0x21dbf63818cd65e3,Mercato Metropolitano,other,want to go,
London,51.5163012,-0.2110215,https://www.google.com/maps/place/Museum+of+Brands/data=!4m2!3m1!1s0x48760ffeea1f4791:0xab4ae518400bdd20,Museum of Brands,art,want to go,
London,51.514627,-0.0630868,https://www.google.com/maps/place/Original+Lahore+Kebab+House/data=!4m2!3m1!1s0x4876033335f03d43:0x736fe70b7dd62462,Original Lahore Kebab House,restaurant,want to go,
London,51.539750399999996,-0.1022929,https://www.google.com/maps/place/Ottolenghi+Islington/data=!4m2!3m1!1s0x48761b66f3a05861:0x33e90049b2e0ac8b,Ottolenghi Islington,restaurant,want to go,
London,51.5206715,-0.1346761,https://www.google.com/maps/place/PaStation/data=!4m2!3m1!1s0x48761b89791eddcd:0x727d5c1db1e6138b,PaStation,restaurant,want to go,
London,51.5383741,-0.0758184,https://www.google.com/maps/place/Planque/data=!4m2!3m1!1s0x48761df01fe52547:0x70b61bf96f8fefb1,Planque,restaurant,want to go,
London,51.5202041,-0.074035,https://www.google.com/maps/place/Poppies+Fish+%26+Chips/data=!4m2!3m1!1s0x48761cb68288b75f:0x5765082b2389d926,Poppies Fish & Chips,restaurant,want to go,
London,51.518464300000005,-0.124204,https://www.google.com/maps/place/Present+%26+Correct/data=!4m2!3m1!1s0x48761b44b1e0142d:0xdfd34e79c4c5d239,Present & Correct,shop,want to go,
London,51.505386099999996,-0.091019,https://www.google.com/maps/place/Richard+Haward's+Oysters/data=!4m2!3m1!1s0x4876035775d3f58b:0x1860c6af5c763aae,Richard Haward's Oysters,bar,want to go,
London,51.5257669,-0.07429179999999999,https://www.google.com/maps/place/Rochelle+Canteen/data=!4m2!3m1!1s0x48761cb9d954f035:0x761c3b782e228426,Rochelle Canteen,restaurant,want to go,
London,51.5164865,-0.09677680000000002,https://www.google.com/maps/place/Sandwich+Sandwich/data=!4m2!3m1!1s0x48761b00498f08e7:0x4c557cfc8692e61c,Sandwich Sandwich,shop,want to go,
London,51.5688444,-0.005610500000000001,https://www.google.com/maps/place/Sizzling+Sausage/data=!4m2!3m1!1s0x48761d88b5bd6ed7:0xeb856ce197f2c441,Sizzling Sausage,cafe,want to go,
London,51.512693,-0.141529,https://www.google.com/maps/place/sketch/data=!4m2!3m1!1s0x4876052a8fed866b:0xb07500db019d0324,sketch,restaurant,want to go,
London,51.5861818,-0.020459300000000003,https://www.google.com/maps/place/Sodo+Pizza+Walthamstow/data=!4m2!3m1!1s0x48761de855a03bfd:0xc635d3416013cdc2,Sodo Pizza Walthamstow,restaurant,want to go,
London,51.517246300000004,-0.0737796,https://www.google.com/maps/place/som+saa/data=!4m2!3m1!1s0x48761cb4fea7bca1:0x59471e1837364e13,som saa,restaurant,want to go,
London,51.5626591,-0.07333319999999999,https://www.google.com/maps/place/Sonora+Taquer%C3%ADa/data=!4m2!3m1!1s0x48761d110b9a03af:0xac6de93953781e10,Sonora Taquería,restaurant,want to go,
London,51.5124864,-0.09273289999999998,https://www.google.com/maps/place/Sweetings/data=!4m2!3m1!1s0x487604aa7dc28aad:0x9725b730c58d9789,Sweetings,restaurant,want to go,
London,51.5140618,-0.0803396,https://www.google.com/maps/place/Swingers+Crazy+Golf+-+City/data=!4m2!3m1!1s0x4876034d3875a40b:0x7d0977e46679edb8,Swingers Crazy Golf - City,bar,want to go,
London,51.515676799999994,-0.1432754,https://www.google.com/maps/place/Swingers+Crazy+Golf+-+West+End/data=!4m2!3m1!1s0x48761ad52267b52b:0xdc1c1807b769ab20,Swingers Crazy Golf - West End,other,want to go,
London,51.5399112,0.05078269999999999,https://www.google.com/maps/place/Thattukada_UK/data=!4m2!3m1!1s0x47d8a64bbd12eaff:0x9d7b57424b65a656,Thattukada_UK,restaurant,want to go,
London,51.5620538,-0.07945640000000001,https://www.google.com/maps/place/The+Auld+Shillelagh/data=!4m2!3m1!1s0x48761c637f39c6df:0xa9848c15a5121018,The Auld Shillelagh,bar,want to go,
London,51.442748699999996,-0.1494094,https://www.google.com/maps/place/The+Bedford/data=!4m2!3m1!1s0x487605ce31f584c1:0xd2ae330b7d18ece,The Bedford,bar,want to go,true
London,51.52655190000001,-0.08018009999999999,https://www.google.com/maps/place/The+Blues+Kitchen+Shoreditch/data=!4m2!3m1!1s0x48761cba93a75ebf:0x955260165270ffe4,The Blues Kitchen Shoreditch,bar,want to go,
London,51.5395852,-0.14249250000000002,https://www.google.com/maps/place/The+British+Boot+Company/data=!4m2!3m1!1s0x48761ae1c0ba5c75:0xff083d7e81d7e265,The British Boot Company,shop,want to go,
London,51.5044616,0.0172714,https://www.google.com/maps/place/The+Cause/data=!4m2!3m1!1s0x48761c24e0c9f3f9:0x92d9d57f57809721,The Cause,club,want to go,
London,51.5069117,-0.19480100000000003,"https://www.google.com/maps/place/The+Churchill+Arms,+Kensington/data=!4m2!3m1!1s0x48760ffa31d53019:0x379aa0d23b50cf3a","The Churchill Arms, Kensington",bar,want to go,
London,51.516918999999994,-0.07302209999999999,https://www.google.com/maps/place/The+Culpeper/data=!4m2!3m1!1s0x41703156e2f3fa01:0x3234647c9723c808,The Culpeper,bar,want to go,
London,51.5088915,-0.1429985,https://www.google.com/maps/place/The+Dover/data=!4m2!3m1!1s0x4876052d1718dbc5:0xe2f2a4581a388d86,The Dover,restaurant,want to go,
London,51.5441951,-0.047077,https://www.google.com/maps/place/The+Gun/data=!4m2!3m1!1s0x48761ce281c6fb59:0xf2ce6e3dcf48a70c,The Gun,bar,want to go,
London,51.5294458,-0.12420609999999999,https://www.google.com/maps/place/The+Library+Lounge/data=!4m2!3m1!1s0x48761b4daa622ecd:0x5354e3436d689719,The Library Lounge,restaurant,want to go,
London,51.5222292,-0.14420900000000003,https://www.google.com/maps/place/The+Lucky+Saint/data=!4m2!3m1!1s0x48761b2faa8ad275:0x5cef1ae0f00aa5a5,The Lucky Saint,bar,want to go,
London,51.5372059,-0.10037080000000001,https://www.google.com/maps/place/The+Old+Queens+Head/data=!4m2!3m1!1s0x48761b6749deb80f:0x8428ea7f6e5d24c3,The Old Queens Head,bar,want to go,
London,51.533055600000004,-0.05888889999999999,https://www.google.com/maps/place/The+Pickle+Factory/data=!4m2!3m1!1s0x48761cc32c765375:0x5a983db278aa3145,The Pickle Factory,experience,want to go,
London,51.548240400000005,-0.04775660000000001,https://www.google.com/maps/place/The+Plough/data=!4m2!3m1!1s0x48761cfd68a590d9:0xea593f618c522cf6,The Plough,bar,want to go,
London,51.580901399999995,-0.0034739,https://www.google.com/maps/place/The+Raglan/data=!4m2!3m1!1s0x48761df44b702407:0xb606a9aa10aa2c9e,The Raglan,bar,want to go,
London,51.5295318,-0.12437069999999999,"https://www.google.com/maps/place/The+Rooftop+at+The+Standard,+London/data=!4m2!3m1!1s0x48761bef06880d4f:0xc9390d8f320dd554","The Rooftop at The Standard, London",bar,want to go,
London,51.548637299999996,-0.0407243,https://www.google.com/maps/place/The+Spread+Eagle/data=!4m2!3m1!1s0x48761d0486883845:0xca3ea45382aa6a77,The Spread Eagle,bar,want to go,
London,51.53200270000001,-0.10184770000000001,https://www.google.com/maps/place/The+Tamil+Crown/data=!4m2!3m1!1s0x48761b274ef04cc5:0x3b89f9854e659957,The Tamil Crown,bar,want to go,
London,51.5409321,-0.11371409999999998,https://www.google.com/maps/place/The+Tamil+Prince/data=!4m2!3m1!1s0x48761b989b8de07f:0x8c379846d4899f33,The Tamil Prince,restaurant,want to go,
London,51.542746,-0.023253100000000002,https://www.google.com/maps/place/The+Yard+Theatre/data=!4m2!3m1!1s0x48761d6cca67e039:0xe30520bffce8814d,The Yard Theatre,other,want to go,
London,51.5144758,-0.1313169,https://www.google.com/maps/place/Trisha's/data=!4m2!3m1!1s0x487604d2ce3046f5:0x77800717cee037a,Trisha's,club,want to go,
London,51.50224660000001,-0.0846975,https://www.google.com/maps/place/Trivet/data=!4m2!3m1!1s0x487603d4b0129985:0x3832ab9ded5962c0,Trivet,restaurant,want to go,
London,51.5618011,-0.08138740000000001,https://www.google.com/maps/place/Truffle+Burger+%7C+Stoke+Newington/data=!4m2!3m1!1s0x48761de29ac48ea1:0x7827f7cd65c0da63,Truffle Burger | Stoke Newington,restaurant,want to go,
London,51.5309514,-0.0687391,https://www.google.com/maps/place/Waste+Store/data=!4m2!3m1!1s0x48761d9a37226d91:0x456a193013cb0813,Waste Store,shop,want to go,
London,51.5435374,-0.0475999,https://www.google.com/maps/place/Well+Street+Kitchen+London/data=!4m2!3m1!1s0x48761ce265a627c7:0x69d879fb79e52086,Well Street Kitchen London,cafe,want to go,
London,51.53761120000001,-0.058379499999999994,https://www.google.com/maps/place/Willy's+Pies/data=!4m2!3m1!1s0x48761da310d4e703:0x2fdf8786ca549692,Willy's Pies,other,want to go,
London,51.553816,-0.1103526,https://www.google.com/maps/place/Xi'an+Impression+London/data=!4m2!3m1!1s0x48761b768d17f291:0x20d455f22a0c62a2,Xi'an Impression London,restaurant,want to go,
London,51.502978999999996,-0.10703000000000001,https://www.google.com/maps/place/Yamagoya/data=!4m2!3m1!1s0x487604d3ad3cd515:0xf07b0b68b4469a23,Yamagoya,restaurant,want to go,
London,51.5257569,-0.07796360000000001,https://www.google.com/maps/place/Burger+and+Beyond+Shoreditch/data=!4m2!3m1!1s0x48761dbed0d2784d:0xdd1ddc46604d29d9,Burger and Beyond Shoreditch,restaurant,want to go,
London,51.5508057,-0.07494529999999999,https://www.google.com/maps/place/Mangal+2+Restaurant/data=!4m2!3m1!1s0x48761c8b8863bf4d:0x2c4c0fb5893488a9,Mangal 2 Restaurant,restaurant,want to go,
London,51.5196569,-0.0755469,https://www.google.com/maps/place/Old+Spitalfields+Market/data=!4m2!3m1!1s0x48761cb41ab7af87:0xa2f23eab2602d4bc,Old Spitalfields Market,restaurant,want to go,
London,51.5853871,-0.0198011,https://www.google.com/maps/place/The+Collab:+Signature+Brew+%26+We+Serve+Humans/data=!4m2!3m1!1s0x48761d8e9c430359:0x255eff6ea9395d1b,The Collab: Signature Brew & We Serve Humans,restaurant,want to go,
London,51.51138650000001,-0.14440280000000003,https://www.google.com/maps/place/Umu+Restaurant/data=!4m2!3m1!1s0x4876052bb143c0f5:0xc2fdba5cff5cd1ef,Umu Restaurant,restaurant,want to go,
Long Beach,33.7822944,-118.19738609999999,https://www.google.com/maps/place/The+Hawk/data=!4m2!3m1!1s0x80dd3151d24a99c3:0xe7defadd62054b70,The Hawk,bar,want to go,
Long Island City,40.745594499999996,-73.9470955,https://www.google.com/maps/place/M.+Wells+Dinette/data=!4m2!3m1!1s0x89c25928b00ae561:0x64d344b9f3a932ac,M. Wells Dinette,restaurant,favorite,true
Long Island City,40.7460847,-73.94584569999999,https://www.google.com/maps/place/Court+Square+Diner/data=!4m2!3m1!1s0x89c25928c205ac37:0xf2f4a268cc70dc32,Court Square Diner,other,want to go,
Los Angeles,34.089008299999996,-118.26898059999999,https://www.google.com/maps/place/L+%26+E+Oyster+Bar/data=!4m2!3m1!1s0x80c2c73bc6fd1349:0x442e69635ead960f,L & E Oyster Bar,bar,favorite,
Los Angeles,34.0554919,-118.26603320000001,https://www.google.com/maps/place/Pacific+Dining+Car/data=!4m2!3m1!1s0x80c2c7a5bdb09a35:0x2f8e667fc9ebd000,Pacific Dining Car,other,favorite,true
Los Angeles,34.121178500000006,-118.2059792,https://www.google.com/maps/place/Big+Bud+Press+Highland+Park/data=!4m2!3m1!1s0x80c2c1b3364ded1b:0xea491ae0050bf9c,Big Bud Press Highland Park,park,favorite,
Los Angeles,34.080234499999996,-118.2554923,https://www.google.com/maps/place/Bacetti/data=!4m2!3m1!1s0x80c2c75a08c4726f:0x156984565d96e8b,Bacetti,art,want to go,
Los Angeles,34.064015999999995,-118.297709,https://www.google.com/maps/place/Quarters+Korean+BBQ/data=!4m2!3m1!1s0x80c2c77d3cd03da3:0x34cb953bda09e5f9,Quarters Korean BBQ,art,want to go,
Los Angeles,34.040660700000004,-118.44358650000001,https://www.google.com/maps/place/B+Sweet+Dessert+Bar/data=!4m2!3m1!1s0x80c2bb74f6a656a7:0x82f5bf1e168ec94f,B Sweet Dessert Bar,bar,want to go,
Los Angeles,34.0633742,-118.29899069999998,https://www.google.com/maps/place/EMC+Seafood+%26+Raw+Bar/data=!4m2!3m1!1s0x80c2b93b9727d981:0x9d03a2e9c377afab,EMC Seafood & Raw Bar,bar,want to go,
Los Angeles,34.0491361,-118.25645559999998,https://www.google.com/maps/place/Library+Bar/data=!4m2!3m1!1s0x80c2c7b462ae2325:0xf40bb3a7ce7dc74c,Library Bar,bar,want to go,
Los Angeles,34.0835794,-118.33149199999998,https://www.google.com/maps/place/Lot+Stock+And+Barrel/data=!4m2!3m1!1s0x80c2b8cc4cd33d9f:0xdb69168b880be5c4,Lot Stock And Barrel,bar,want to go,
Los Angeles,34.06063759999999,-118.34482249999999,https://www.google.com/maps/place/Met+Her+At+A+Bar/data=!4m2!3m1!1s0x80c2b8e035261f09:0xe1292cb83246eb34,Met Her At A Bar,bar,want to go,
Los Angeles,34.06041919999999,-118.34491729999999,https://www.google.com/maps/place/Met+Him+At+A+Bar/data=!4m2!3m1!1s0x80c2b9505fa7f9af:0x4b772abf16d2aac1,Met Him At A Bar,bar,want to go,
Los Angeles,34.0745167,-118.30939999999998,https://www.google.com/maps/place/Thai+Angel/data=!4m2!3m1!1s0x80c2b8a2e194b781:0xc3b8d282d5721d45,Thai Angel,bar,want to go,
Los Angeles,34.1296435,-118.21666389999999,https://www.google.com/maps/place/Walt%E2%80%99s+Bar/data=!4m2!3m1!1s0x80c2c15b385f9ce9:0x8703af42332faa80,Walt’s Bar,bar,want to go,
Los Angeles,34.06067699999999,-118.28285299999997,https://www.google.com/maps/place/Wi+Spa/data=!4m2!3m1!1s0x80c2c77662927cdf:0x340f3f72cc9fda0f,Wi Spa,bar,want to go,
Los Angeles,34.088840999999995,-118.2686477,https://www.google.com/maps/place/LAMILL+COFFEE+Boutique/data=!4m2!3m1!1s0x80c2c73bc7571135:0x4f635800aafb2b34,LAMILL COFFEE Boutique,cafe,want to go,
Los Angeles,34.102050399999996,-118.30322029999999,https://www.google.com/maps/place/Sapp+Coffee+Shop/data=!4m2!3m1!1s0x80c2bf571d7a7c37:0x80a7256111ba6352,Sapp Coffee Shop,cafe,want to go,
Los Angeles,34.1275635,-118.21758289999998,https://www.google.com/maps/place/Capri+Club/data=!4m2!3m1!1s0x80c2c1847f62a23b:0xbbcb794febee6cb6,Capri Club,club,want to go,
Los Angeles,34.051029199999995,-118.2544174,https://www.google.com/maps/place/71Above/data=!4m2!3m1!1s0x80c2c7b36bea8483:0x317c184cda3e60ad,71Above,restaurant,want to go,
Los Angeles,34.0894895,-118.26816519999998,https://www.google.com/maps/place/Alimento/data=!4m2!3m1!1s0x80c2c73bb00d73cd:0x24f4bdb38ac4be48,Alimento,restaurant,want to go,
Los Angeles,34.0435058,-118.2545171,https://www.google.com/maps/place/Apple+Tower+Theatre/data=!4m2!3m1!1s0x80c2c775d54b00af:0x6088b1d6a5fa3bff,Apple Tower Theatre,shop,want to go,
Los Angeles,34.04148699999999,-118.23293129999998,https://www.google.com/maps/place/Bavel/data=!4m2!3m1!1s0x80c2c63ce6f00001:0x408b2a5b25d4727,Bavel,restaurant,want to go,
Los Angeles,34.1019212,-118.3059445,https://www.google.com/maps/place/Bhan+Kanom+Thai/data=!4m2!3m1!1s0x80c2bf50d2708643:0xaed006f01cf1e19e,Bhan Kanom Thai,shop,want to go,
Los Angeles,34.0835635,-118.34310719999998,https://www.google.com/maps/place/Bode/data=!4m2!3m1!1s0x80c2b95a9fb54dbd:0xb86a7c66537156fe,Bode,shop,want to go,
Los Angeles,34.0470524,-118.2565439,https://www.google.com/maps/place/Bottega+Louie/data=!4m2!3m1!1s0x80c2c7b44ee125ff:0x189e483154a17e53,Bottega Louie,restaurant,want to go,
Los Angeles,34.09987789999999,-118.25895759999999,https://www.google.com/maps/place/Burgers+Never+Say+Die/data=!4m2!3m1!1s0x80c2c748eebd79e5:0x35d71da5acdb75fa,Burgers Never Say Die,restaurant,want to go,
Los Angeles,34.0478213,-118.32414079999998,https://www.google.com/maps/place/Catch+One/data=!4m2!3m1!1s0x80c2b85ff50b96d9:0xbd9f7f8f57478448,Catch One,club,want to go,
Los Angeles,34.0993602,-118.2595171,https://www.google.com/maps/place/Cha+Cha+Lounge/data=!4m2!3m1!1s0x80c2c72eafab13bb:0xefdd02377b338296,Cha Cha Lounge,other,want to go,
Los Angeles,34.1236725,-118.2210263,https://www.google.com/maps/place/Chifa/data=!4m2!3m1!1s0x80c2c14f73014f21:0xa9c166212c3b6638,Chifa,restaurant,want to go,
Los Angeles,34.045420899999996,-118.2530005,https://www.google.com/maps/place/Clifton's+Republic/data=!4m2!3m1!1s0x80c2c7b55403a203:0x38a700ac16ce04f2,Clifton's Republic,bar,want to go,
Los Angeles,34.0447898,-118.2495086,https://www.google.com/maps/place/Cole's+French+Dip/data=!4m2!3m1!1s0x80c2c6359f6c9d81:0xf5d57a5a78e20b09,Cole's French Dip,shop,want to go,
Los Angeles,34.06208959999999,-118.30117870000001,https://www.google.com/maps/place/Commissary+at+The+LINE+LA/data=!4m2!3m1!1s0x80c2b9d84279f80f:0xe58a4c945e6e051,Commissary at The LINE LA,restaurant,want to go,
Los Angeles,34.085520499999994,-118.28705929999998,https://www.google.com/maps/place/Courage+Bagels/data=!4m2!3m1!1s0x80c2c778b57dccbb:0xc38f4ad70fb86a12,Courage Bagels,shop,want to go,
Los Angeles,34.050002299999996,-118.24005749999998,https://www.google.com/maps/place/Daikokuya+Little+Tokyo/data=!4m2!3m1!1s0x80c2c647c36efd67:0xc53f5231ed83a07c,Daikokuya Little Tokyo,restaurant,want to go,
Los Angeles,34.028291,-118.2751606,https://www.google.com/maps/place/Dirt+Dog+Inc./data=!4m2!3m1!1s0x80c2c7dd5a3ba2af:0x3f8daa02a9e6a647,Dirt Dog Inc.,restaurant,want to go,
Los Angeles,34.0613285,-118.29997169999999,https://www.google.com/maps/place/Egg+Tuck/data=!4m2!3m1!1s0x80c2b9916811df8b:0xf1bc486c34beb663,Egg Tuck,restaurant,want to go,
Los Angeles,34.0678061,-118.22162479999999,https://www.google.com/maps/place/ENTLER+Studio/data=!4m2!3m1!1s0x80c2c6640cbe0399:0x87b9d87c436ddccb,ENTLER Studio,other,want to go,
Los Angeles,34.040860599999995,-118.24804940000001,https://www.google.com/maps/place/Flower+Market/data=!4m2!3m1!1s0x80c2c6338ea3acfb:0xb51f814510ce727e,Flower Market,park,want to go,
Los Angeles,34.0447551,-118.25645559999998,https://www.google.com/maps/place/Freehand+Los+Angeles/data=!4m2!3m1!1s0x80c2c7b58e08cd13:0xb74eac0b89b08e66,Freehand Los Angeles,hotel,want to go,
Los Angeles,34.040225799999995,-118.2331693,https://www.google.com/maps/place/Girl+%26+the+Goat+Los+Angeles/data=!4m2!3m1!1s0x80c2c757501d5a5d:0x7652aeb4ecd9ad7b,Girl & the Goat Los Angeles,restaurant,want to go,
Los Angeles,34.1092691,-118.19398020000001,https://www.google.com/maps/place/Gold+Line/data=!4m2!3m1!1s0x80c2c52e53bba3df:0x1c68ff6fc2ea4bec,Gold Line,bar,want to go,
Los Angeles,34.045035299999995,-118.2562027,https://www.google.com/maps/place/Golden+Gopher/data=!4m2!3m1!1s0x80c2c7b5855c1e37:0x8df30b830907d871,Golden Gopher,bar,want to go,
Los Angeles,34.050872,-118.2490552,https://www.google.com/maps/place/Grand+Central+Market/data=!4m2!3m1!1s0x80c2c64b8e4372e7:0x489d4efdeb06d3d8,Grand Central Market,shop,want to go,
Los Angeles,34.1184341,-118.30039350000001,https://www.google.com/maps/place/Griffith+Observatory/data=!4m2!3m1!1s0x80c2bf61e9d408cb:0x73ff07b1c2d6dadc,Griffith Observatory,other,want to go,
Los Angeles,34.0982805,-118.35572239999999,https://www.google.com/maps/place/Horses/data=!4m2!3m1!1s0x80c2bf37fd7e208d:0x740fe09caf9bb9b9,Horses,restaurant,want to go,
Los Angeles,33.998498,-118.3311956,https://www.google.com/maps/place/Hotville+Chicken/data=!4m2!3m1!1s0x80c2b94b4fb746c7:0x18f79d1b50a49a01,Hotville Chicken,other,want to go,
Los Angeles,34.0615425,-118.23971410000001,https://www.google.com/maps/place/Howlin'+Ray's/data=!4m2!3m1!1s0x80c2c65af5e138b1:0x6b3390b8e0d01d0,Howlin' Ray's,restaurant,want to go,
Los Angeles,33.953706600000004,-118.3967839,https://www.google.com/maps/place/In-N-Out+Burger/data=!4m2!3m1!1s0x80c2b0d390e411e7:0xa7da5eb6f4bfdd7c,In-N-Out Burger,restaurant,want to go,
Los Angeles,34.046268999999995,-118.2571646,https://www.google.com/maps/place/Joyce+Soul+and+Sea/data=!4m2!3m1!1s0x80c2c73382f58173:0xe2dc87c688fec102,Joyce Soul and Sea,restaurant,want to go,
Los Angeles,34.0637541,-118.29727620000001,https://www.google.com/maps/place/Kang+Ho+Dong+Baekjeong/data=!4m2!3m1!1s0x80c2c77d3cd03da3:0x2ca2b2db0c50e401,Kang Ho Dong Baekjeong,restaurant,want to go,
Los Angeles,34.075404999999996,-118.2538289,https://www.google.com/maps/place/Konbi/data=!4m2!3m1!1s0x80c2c702b451384f:0xb134ac392b307646,Konbi,restaurant,want to go,
Los Angeles,34.04722929999999,-118.25607539999999,https://www.google.com/maps/place/Little+Sister+DTLA/data=!4m2!3m1!1s0x80c2c7b453c50f7b:0xf6860a1aeb1c11ad,Little Sister DTLA,restaurant,want to go,
Los Angeles,34.0321742,-118.36075330000001,https://www.google.com/maps/place/Mizlala+West+Adams/data=!4m2!3m1!1s0x80c2b96530933e7f:0xbbb5a64c955d064c,Mizlala West Adams,restaurant,want to go,
Los Angeles,34.0086445,-118.3091783,https://www.google.com/maps/place/Mustang+Motel/data=!4m2!3m1!1s0x80c2b7f8454f8f29:0x257b486da5c69dd,Mustang Motel,other,want to go,
Los Angeles,34.0869028,-118.2758444,https://www.google.com/maps/place/Night+%2B+Market+Song/data=!4m2!3m1!1s0x80c2c7389f55b855:0xb564135452d76424,Night + Market Song,restaurant,want to go,
Los Angeles,34.083304999999996,-118.2732155,https://www.google.com/maps/place/Osen+Izakaya/data=!4m2!3m1!1s0x80c2c73facb12ef3:0xaddad4e1ef08018c,Osen Izakaya,restaurant,want to go,
Los Angeles,34.059686299999996,-118.23704889999999,https://www.google.com/maps/place/Philippe+The+Original/data=!4m2!3m1!1s0x80c2c65b315cd377:0xa05d997b42357a5,Philippe The Original,shop,want to go,
Los Angeles,34.0406805,-118.25007969999999,https://www.google.com/maps/place/Poppy+%2B+Rose/data=!4m2!3m1!1s0x80c2c633792b3193:0x2ce19c3f81dfd664,Poppy + Rose,restaurant,want to go,
Los Angeles,34.034925,-118.25335829999999,https://www.google.com/maps/place/Rossoblu/data=!4m2!3m1!1s0x80c2c7cd595aa073:0x74030cd853b6818e,Rossoblu,restaurant,want to go,
Los Angeles,34.0833737,-118.34944859999999,https://www.google.com/maps/place/Round+Two/data=!4m2!3m1!1s0x80c2bed4dbd3d9b3:0x3f99d0c52ad3613e,Round Two,shop,want to go,
Los Angeles,34.0470275,-118.25593359999998,https://www.google.com/maps/place/Seven+Grand/data=!4m2!3m1!1s0x80c2c7b454a9e377:0x3ec4bf9189c57727,Seven Grand,bar,want to go,
Los Angeles,34.0442057,-118.2562657,https://www.google.com/maps/place/Shibumi/data=!4m2!3m1!1s0x80c2c7ca782fa14d:0x1ed226970f5f0d9,Shibumi,restaurant,want to go,
Los Angeles,34.0351184,-118.24172399999999,https://www.google.com/maps/place/Smorgasburg+(Los+Angeles)/data=!4m2!3m1!1s0x80c2c62f7b047c81:0x65fba4816d4a10de,Smorgasburg (Los Angeles),flea market,want to go,
Los Angeles,34.08365419999999,-118.34778139999999,https://www.google.com/maps/place/Sugar+Taco/data=!4m2!3m1!1s0x80c2bf13eef40a2b:0xa81bb032b5dc6082,Sugar Taco,restaurant,want to go,
Los Angeles,34.09090569999999,-118.3418573,https://www.google.com/maps/place/Tesla+Diner/data=!4m2!3m1!1s0x80c2bf29156fffff:0x1542bf46f5cb6a0,Tesla Diner,other,want to go,
Los Angeles,34.04065639999999,-118.4277627,https://www.google.com/maps/place/The+Apple+Pan/data=!4m2!3m1!1s0x80c2bbbd330062c9:0xc51afbd304151d0a,The Apple Pan,restaurant,want to go,
Los Angeles,34.0545021,-118.25018019999999,https://www.google.com/maps/place/The+Broad/data=!4m2!3m1!1s0x80c2c64d122ca65d:0x98f1041528d11ebf,The Broad,art,want to go,
Los Angeles,34.1210594,-118.20379640000002,https://www.google.com/maps/place/The+Hermosillo/data=!4m2!3m1!1s0x80c2c3ffb1d0e601:0xeeaa7d871ef8eb58,The Hermosillo,bar,want to go,
Los Angeles,34.1125932,-118.3511659,https://www.google.com/maps/place/Runyon+Canyon+Park/data=!4m2!3m1!1s0x80c2bee0566e7d85:0xb93ef5e6e3eadc40,Runyon Canyon Park,park,want to go,
Los Angeles,34.1013935,-118.3010942,https://www.google.com/maps/place/Carousel+Restaurant+Hollywood/data=!4m2!3m1!1s0x80c2bf5646827d33:0xe5b948b07fdbaccc,Carousel Restaurant Hollywood,restaurant,want to go,
Los Angeles,34.0471838,-118.25700990000001,https://www.google.com/maps/place/Le+Grand+Restaurant/data=!4m2!3m1!1s0x80c2c7bd8456cbf9:0xc29a55f61d718810,Le Grand Restaurant,restaurant,want to go,
Los Angeles,34.0905285,-118.2771309,https://www.google.com/maps/place/Pine+and+Crane+Silverlake/data=!4m2!3m1!1s0x80c2c7480cf7c42d:0x2b24e1e4e3f3af65,Pine and Crane Silverlake,restaurant,want to go,
Los Angeles,34.0497729,-118.2584637,https://www.google.com/maps/place/Takami+Sushi+%26+Robata+Rooftop+Restaurant/data=!4m2!3m1!1s0x80c2c7b3e391ba03:0xe58ba75be6616636,Takami Sushi & Robata Rooftop Restaurant,restaurant,want to go,
Los Angeles,34.0447551,-118.25645559999998,https://www.google.com/maps/place/The+Exchange+Restaurant/data=!4m2!3m1!1s0x80c2c7b58e08cd13:0xcb923faf90b55488,The Exchange Restaurant,restaurant,want to go,
Los Angeles,34.100184299999995,-118.29065519999999,https://www.google.com/maps/place/Dark+Horse+Tattoo/data=!4m2!3m1!1s0x80c2c0adab852825:0xb2b2752edb83d94a,Dark Horse Tattoo,tattoo,want to go,
Amsterdam,52.3530756,4.8908554,https://www.google.com/maps/place/Onigiri+YA!/data=!4m2!3m1!1s0x47c609f299b90c4f:0x6db41e7c800d7a2f,Onigiri YA!,shop,want to go,
LX Factory,38.702636,-9.1787985,https://www.google.com/maps/place/Mex+Factory/data=!4m2!3m1!1s0xd193516fa4497a5:0x5b95d29412568d18,Mex Factory,restaurant,favorite,
Amsterdam,52.3724805,4.877575000000001,https://www.google.com/maps/place/SPRMRKT+Amsterdam/data=!4m2!3m1!1s0x47c609dc746f155d:0xf751ba4eed1540c0,SPRMRKT Amsterdam,shop,favorite,true
Lübbenau-Spreewald,51.874478599999996,14.008904000000001,https://www.google.com/maps/place/Gasthaus+Wotschofska/data=!4m2!3m1!1s0x4707fd8eb3d6a1df:0x8f53e4ae30286792,Gasthaus Wotschofska,restaurant,want to go,
Amsterdam,52.3778995,4.8813478,https://www.google.com/maps/place/Green+Farmers/data=!4m2!3m1!1s0x47c6090036f7eef1:0x37063d860712f7b2,Green Farmers,restaurant,want to go,
Machico,32.77378159999999,-16.8270233,https://www.google.com/maps/place/Piscina+do+Porto+da+Cruz/data=!4m2!3m1!1s0xc606685b5c888c9:0xe36875c9f3b65c7e,Piscina do Porto da Cruz,other,want to go,
Madison,43.076215999999995,-89.3765367,https://www.google.com/maps/place/Essen+Haus+Restaurant+and+Bar/data=!4m2!3m1!1s0x8806536b325c690d:0x45e4429020e87362,Essen Haus Restaurant and Bar,bar,want to go,
Madison,43.073416699999996,-89.3850222,https://www.google.com/maps/place/Fromagination/data=!4m2!3m1!1s0x8806533924285ec9:0x36b876eeaf98e18f,Fromagination,shop,want to go,
Madison,43.0747627,-89.3811745,https://www.google.com/maps/place/Plain+Spoke+Cocktail+Company/data=!4m2!3m1!1s0x8806535e0a880967:0xd824e1b428452180,Plain Spoke Cocktail Company,bar,want to go,
Madison,43.0759194,-89.37450779999999,https://www.google.com/maps/place/Sardine/data=!4m2!3m1!1s0x8806536cab41aa07:0x7d0cce44b863b4f0,Sardine,other,want to go,
Madison,43.074217999999995,-89.381152,https://www.google.com/maps/place/Settle+Down+Tavern/data=!4m2!3m1!1s0x880653d8b2a42a13:0x8ad584c0a0392992,Settle Down Tavern,restaurant,want to go,
Madrid,40.393050699999996,-3.7216326000000004,https://www.google.com/maps/place/Kimchi+Tattoo+Madrid/data=!4m2!3m1!1s0xd4227796cb9608f:0xe22f897172a51c1a,Kimchi Tattoo Madrid,shop,favorite,
Madrid,40.411898,-3.6949265,https://www.google.com/maps/place/ACID+Caf%C3%A9/data=!4m2!3m1!1s0xd422628361b5e69:0x3ad71c37b049371e,ACID Café,cafe,want to go,
Madrid,40.439948199999996,-3.672133099999999,https://www.google.com/maps/place/Torres+Blancas/data=!4m2!3m1!1s0xd4228cf504b4521:0x3b6019e423b500b6,Torres Blancas,other,want to go,
Magdeburg,52.12178730000001,11.6004903,https://www.google.com/maps/place/MAW+Magdeburg/data=!4m2!3m1!1s0x47a5f52cb36484ed:0xaf81837b8274b261,MAW Magdeburg,club,want to go,
Mainz,50.00241,8.272050000000002,https://www.google.com/maps/place/apr%C3%A8s+coffee/data=!4m2!3m1!1s0x47bd97c40d01f7d3:0xff01648505f753e4,après coffee,bakery,favorite,
Mainz,49.99947999999999,8.276570099999997,https://www.google.com/maps/place/La+Mia+Gelateria+Mainz+-+Mach%E2%80%99s+Dir+selbst!%E2%80%9C+-+Original+italienische+%0AEiscreme+-+Die+Eisdiele+mit+Selbstbedienung/data=!4m2!3m1!1s0x47bd971a8d6da0cb:0x18d698a94e159923,La Mia Gelateria Mainz - Mach’s Dir selbst!“ - Original italienische Eiscreme - Die Eisdiele mit Selbstbedienung,bakery,favorite,
Mainz,49.9994447,8.276533700000002,https://www.google.com/maps/place/M%C3%BCller+Kaffeer%C3%B6sterei+%E2%80%93+Kaffeeladen+am+Fischtor/data=!4m2!3m1!1s0x47bd971a8d6da0cb:0x70600f46be6aca55,Müller Kaffeerösterei – Kaffeeladen am Fischtor,bakery,favorite,
Mainz,50.0023973,8.2628714,https://www.google.com/maps/place/Dorett+Bar/data=!4m2!3m1!1s0x47bd96e2d4be7e1b:0x6b8ceb367ba22bcf,Dorett Bar,bar,favorite,
Mainz,49.9991458,8.2763001,https://www.google.com/maps/place/Zum+Bierst%C3%BCbchen/data=!4m2!3m1!1s0x47bd971af497de9d:0xd6942c39d92fbbe9,Zum Bierstübchen,bar,favorite,
Mainz,49.9960787,8.2676148,https://www.google.com/maps/place/Alaska+Friseure/data=!4m2!3m1!1s0x47bd974b0ce7c83d:0xaef75df64cd44d66,Alaska Friseure,other,favorite,
Mainz,49.9987753,8.269635,https://www.google.com/maps/place/El+Burro/data=!4m2!3m1!1s0x47bd971c5d5a7217:0xd0e4501070b3738c,El Burro,other,favorite,
Mainz,49.998239999999996,8.277449999999998,https://www.google.com/maps/place/Moctezuma+Mexico/data=!4m2!3m1!1s0x47bd971a79d2d403:0xd3c935eaea86123a,Moctezuma Mexico,restaurant,favorite,
Mainz,49.9946116,8.2781861,https://www.google.com/maps/place/Spiritus/data=!4m2!3m1!1s0x47bd97176b684485:0xef869189dd650863,Spiritus,bar,favorite,
Mainz,50.006835099999996,8.254845999999999,https://www.google.com/maps/place/SORI+Ramen/data=!4m2!3m1!1s0x47bd97f43531297d:0xd2de19bbc80c39c7,SORI Ramen,restaurant,favorite,
Mainz,49.952642,8.2816437,https://www.google.com/maps/place/Manusfaktur/data=!4m2!3m1!1s0x47bd918d544fde09:0x6a7e5f50ca7b8e3f,Manusfaktur,art,want to go,
Mainz,50.0107985,8.2441292,https://www.google.com/maps/place/AMORI+Coffee+Kaffeer%C3%B6sterei/data=!4m2!3m1!1s0x47bd9754deb84705:0x89c5d1bc2f38c1ae,AMORI Coffee Kaffeerösterei,cafe,want to go,
Mainz,50.0001049,8.257134500000001,https://www.google.com/maps/place/Kelly%E2%80%98s+Fresh+Coffee+-+Speciality+Coffee+%26+gesunder+Lunch/data=!4m2!3m1!1s0x47bd9714f50cd79d:0xe341d29732349387,Kelly‘s Fresh Coffee - Speciality Coffee & gesunder Lunch,cafe,want to go,
Mainz,49.9964671,8.2168992,https://www.google.com/maps/place/3-2-1+Hallenflohmarkt+Mainz/data=!4m2!3m1!1s0x47bd9716714f5545:0x9fa4fa989e02b235,3-2-1 Hallenflohmarkt Mainz,flea market,want to go,
Mainz,50.002282699999995,8.259429,https://www.google.com/maps/place/Adam+%26+Eden+-+Mainz/data=!4m2!3m1!1s0x47bd96e357d89d31:0xf7c89bdee8acc7b5,Adam & Eden - Mainz,restaurant,want to go,
Mainz,50.0079305,8.264257599999999,https://www.google.com/maps/place/an+o+ban/data=!4m2!3m1!1s0x47bd96fe7dc434d1:0x49e4fee801dd90db,an o ban,restaurant,want to go,
Mainz,49.994934,8.267134200000001,https://www.google.com/maps/place/Ba+Bao/data=!4m2!3m1!1s0x47bd976acf85046d:0x45522a28ba73c287,Ba Bao,restaurant,want to go,
Mainz,50.0103242,8.265620699999998,https://www.google.com/maps/place/EO/data=!4m2!3m1!1s0x47bd97be28ee9eab:0xafed6cea533dfb38,EO,restaurant,want to go,
Mainz,50.00553589999999,8.260517499999999,https://www.google.com/maps/place/Fette+Henne/data=!4m2!3m1!1s0x47bd9749cffb2977:0xd8c61ebd937b7534,Fette Henne,cafe,want to go,
Mainz,50.0065054,8.258105399999998,https://www.google.com/maps/place/Goldener+Hirsch/data=!4m2!3m1!1s0x47bd96fbb9398c3b:0xbbec8d956b5c6abc,Goldener Hirsch,restaurant,want to go,
Mainz,50.002451099999995,8.2643329,https://www.google.com/maps/place/Good+Time/data=!4m2!3m1!1s0x47bd96fd4ab15795:0x3727c9f9a08359b6,Good Time,bar,want to go,
Mainz,49.999159999999996,8.267069999999999,https://www.google.com/maps/place/LeBonBon/data=!4m2!3m1!1s0x47bd971da44f35b3:0xa46d8d4a9d468ee6,LeBonBon,restaurant,want to go,
Mainz,50.00454870000001,8.2744207,https://www.google.com/maps/place/Mainzstrand/data=!4m2!3m1!1s0x47bd970465f0a15f:0x459aa475270a87de,Mainzstrand,bar,want to go,
Mainz,50.0045715,8.261447299999999,https://www.google.com/maps/place/NOAH/data=!4m2!3m1!1s0x47bd971a5bea59f1:0xb53cf9321601c39a,NOAH,restaurant,want to go,
Mainz,49.96030419999999,8.2805255,https://www.google.com/maps/place/Pankratiushof/data=!4m2!3m1!1s0x47bd90b7f24e9d37:0xae21f62f222d5254,Pankratiushof,shop,want to go,
Mainz,49.96030419999999,8.2805255,https://www.google.com/maps/place/pankratz/data=!4m2!3m1!1s0x47bd911c43407bb5:0xf016f18927fbc4e6,pankratz,restaurant,want to go,
Mainz,49.9952719,8.2672721,https://www.google.com/maps/place/WASCHMASCHINENSALON/data=!4m2!3m1!1s0x47bd9759ecdcae57:0xc52516511981eacc,WASCHMASCHINENSALON,bar,want to go,
Mainz,50.0015212,8.2603559,https://www.google.com/maps/place/Zenz+Wirtshaus/data=!4m2!3m1!1s0x47bd97af2775ae4b:0x2e3db7f8a15810ee,Zenz Wirtshaus,restaurant,want to go,
Mainz,49.9962289,8.2738552,https://www.google.com/maps/place/Zum+Goldstein/data=!4m2!3m1!1s0x47bd9719827bee4b:0x63d20e251b82fa27,Zum Goldstein,restaurant,want to go,
Mainz,50.0038931,8.213725199999999,https://www.google.com/maps/place/Gudn.+Restaurant+%26+Weingarten/data=!4m2!3m1!1s0x47bd9592caa08583:0xfc01735f88a8bf05,Gudn. Restaurant & Weingarten,restaurant,want to go,
Mainz,50.0007167,8.2709909,https://www.google.com/maps/place/Restaurant+Brauhaus+zur+Sonne+-+Mainz/data=!4m2!3m1!1s0x47bd971ca2649ba5:0xeb4bda042875848c,Restaurant Brauhaus zur Sonne - Mainz,restaurant,want to go,
Makkasan,13.751727500000003,100.5421825,https://www.google.com/maps/place/Pad+Thai+stall/data=!4m2!3m1!1s0x30e29f4ebe71ab8b:0xee2d534845941277,Pad Thai stall,restaurant,want to go,
Maldives,3.498144,73.5300622,https://www.google.com/maps/place/Cinnamon+Velifushi+Maldives/data=!4m2!3m1!1s0x3b38a7aaaaaaa80f:0xd401252cf7678c8e,Cinnamon Velifushi Maldives,hotel,want to go,
Malta,35.897494,14.5102552,https://www.google.com/maps/place/LAB+Crossover+Bar/data=!4m2!3m1!1s0x130e452cfd4306ad:0x649f15fe006e93c9,LAB Crossover Bar,bar,favorite,true
Malta,35.826077999999995,14.530314700000002,https://www.google.com/maps/place/Pops+Bar/data=!4m2!3m1!1s0x130e5bc886de5e33:0x8d4e7a2ce6968b5,Pops Bar,bar,favorite,
Malta,35.898361,14.511496,https://www.google.com/maps/place/Yard+32+Gin+%26+Tapas+Bar/data=!4m2!3m1!1s0x130e452c0af4cc6b:0xa4b0115c9d82e27b,Yard 32 Gin & Tapas Bar,bar,favorite,
Malta,35.8496624,14.5213731,https://www.google.com/maps/place/Bond's+Grocer/data=!4m2!3m1!1s0x130e5bede3d5b99f:0x47188caf0f5a51e3,Bond's Grocer,shop,favorite,
Malta,35.898653900000006,14.511108599999998,https://www.google.com/maps/place/guz%C3%A9+bistro/data=!4m2!3m1!1s0x130e452c44d21ab1:0x58b22211b81953ef,guzé bistro,restaurant,favorite,
Malta,35.8970609,14.510019599999996,https://www.google.com/maps/place/Trabuxu+Bistro/data=!4m2!3m1!1s0x130e452d1d18b677:0x7b3fbf595039feaf,Trabuxu Bistro,restaurant,favorite,
Malta,35.8987202,14.515136199999999,https://www.google.com/maps/place/La+M%C3%A8re+Restaurant/data=!4m2!3m1!1s0x130e452bb91e16c5:0xd9bf7ca5ec1b6123,La Mère Restaurant,restaurant,favorite,true
Malta,35.900143,14.514512000000002,https://www.google.com/maps/place/Alchemy+Cocktail+Bar/data=!4m2!3m1!1s0x130e45c1181fd3fd:0x93f602ef0142f5a9,Alchemy Cocktail Bar,bar,want to go,
Malta,35.8989775,14.5118802,https://www.google.com/maps/place/Fat+City+Bar/data=!4m2!3m1!1s0x130e45d837ea2483:0x4fabf55ab09037eb,Fat City Bar,bar,want to go,
Malta,35.89944119999999,14.512360699999999,https://www.google.com/maps/place/Kamy+Cocktail+Bar+Valletta/data=!4m2!3m1!1s0x130e45a664be6e59:0xaf19e7e41481f0d9,Kamy Cocktail Bar Valletta,bar,want to go,
Malta,35.8979065,14.514192099999997,https://www.google.com/maps/place/Lot+61+Coffee+Roasters/data=!4m2!3m1!1s0x130e452b9e9e6ec3:0x7c7f127eb83fc9b7,Lot 61 Coffee Roasters,cafe,want to go,
Malta,35.815751999999996,14.52086,https://www.google.com/maps/place/Cabo+Terrace/data=!4m2!3m1!1s0x130e5bd31163c5ab:0x27372cd6894e1f4b,Cabo Terrace,experience,want to go,
Malta,35.897813299999996,14.510505800000002,https://www.google.com/maps/place/Da%E2%80%99+Pippo+Trattoria/data=!4m2!3m1!1s0x130e452cfb789af7:0xcb2af4ce25f0e4c6,Da’ Pippo Trattoria,restaurant,want to go,
Malta,35.8994054,14.512733299999995,https://www.google.com/maps/place/Pastaus/data=!4m2!3m1!1s0x130e452c0b94b93d:0x133a5d87bdf8db64,Pastaus,restaurant,want to go,
Malta,35.8970254,14.5137264,https://www.google.com/maps/place/San+Paolo+Naufrago/data=!4m2!3m1!1s0x130e452b6552f1a7:0xac6f90771499b898,San Paolo Naufrago,restaurant,want to go,
Manchester,53.4842541,-2.2334731,https://www.google.com/maps/place/Bada+Bing/data=!4m2!3m1!1s0x487bb18b8b81d5d3:0xf5ef17d71c3585ea,Bada Bing,shop,want to go,
Manchester,53.4812253,-2.2322898,https://www.google.com/maps/place/Cardinal+Rule/data=!4m2!3m1!1s0x487bb19ba3b986a5:0x13a37b7d7f8be66f,Cardinal Rule,restaurant,want to go,
Manchester,53.482799400000005,-2.2360198000000002,https://www.google.com/maps/place/Pieminister/data=!4m2!3m1!1s0x487bb1b8ccdc9a77:0x2c21dca00c7ea529,Pieminister,shop,want to go,
Manhattan,40.7197165,-73.99605919999999,https://www.google.com/maps/place/Ceres/data=!4m2!3m1!1s0x89c259b36e80aa6f:0xe08722b72cd28f83,Ceres,restaurant,want to go,
Manhattan Beach,33.8876384,-118.37988800000001,https://www.google.com/maps/place/Trader+Joe's/data=!4m2!3m1!1s0x80c2b46da19e854f:0x6cb67bd024690836,Trader Joe's,shop,favorite,
Marienwerder,52.8192587,13.56885625,https://www.google.com/maps/place/Bernsteinsee/data=!4m2!3m1!1s0x47a9bad0158d5dbd:0x4f3f854fd04f834c,Bernsteinsee,park,favorite,
Marin County,38.138224,-122.914099,https://www.google.com/maps/place/Marshall+Bch/data=!4m2!3m1!1s0x8085d2197a27c927:0x1b2d5589dc68ae9c,Marshall Bch,other,want to go,
Marseille,43.2864009,5.3593718,https://www.google.com/maps/place/Le+Baron+perch%C3%A9/data=!4m2!3m1!1s0x12c9c0d1633a0333:0x6c46c477c5cfdf71,Le Baron perché,bar,favorite,
Marseille,43.2844173,5.358756099999999,https://www.google.com/maps/place/Chez+Lucienne/data=!4m2!3m1!1s0x12c9c0d3a31b6d43:0xe074750a8ff72d5,Chez Lucienne,shop,favorite,
Marseille,43.284208,5.358289000000001,https://www.google.com/maps/place/La+Fabbrica/data=!4m2!3m1!1s0x12c9c0d39bdefedd:0xe7a551a5e64041c1,La Fabbrica,restaurant,favorite,
Marseille,43.2944316,5.3854378,https://www.google.com/maps/place/Oogie/data=!4m2!3m1!1s0x12c9c0a4b494a111:0x304eb5abafeb0f39,Oogie,cafe,favorite,true
Marseille,43.292396000000004,5.375286399999999,https://www.google.com/maps/place/La+Part+Des+Anges/data=!4m2!3m1!1s0x12c9c0b856e61e8b:0x5c9123b0b0802952,La Part Des Anges,art,want to go,
Marseille,43.2839533,5.3712377,https://www.google.com/maps/place/Basilique+Notre-Dame+de+la+Garde/data=!4m2!3m1!1s0x12c9c0c976b89df5:0x89254f95b5ee2ded,Basilique Notre-Dame de la Garde,other,want to go,
Marseille,43.29210940000001,5.3850598,https://www.google.com/maps/place/BATAILLE/data=!4m2!3m1!1s0x12c9c0a51e939acb:0x2dac62701489c009,BATAILLE,other,want to go,
Marseille,43.291355,5.373084500000001,https://www.google.com/maps/place/Caf%C3%A9+Du+Tailleur/data=!4m2!3m1!1s0x12c9c0b80bcbf443:0x317cd0387f47e942,Café Du Tailleur,other,want to go,
Marseille,43.2845446,5.3849843,https://www.google.com/maps/place/Chocolatier%2F+Confiserie+Dromel+A%C3%AEn%C3%A9/data=!4m2!3m1!1s0x12c9c0addda271ff:0xc6dc2503985e9cb7,Chocolatier/ Confiserie Dromel Aîné,shop,want to go,
Marseille,43.292930999999996,5.3853729999999995,https://www.google.com/maps/place/Fietje/data=!4m2!3m1!1s0x12c9c0a4ee2f1513:0x8b746c18040ee787,Fietje,shop,want to go,
Marseille,43.299206,5.386044,https://www.google.com/maps/place/La+Bo%C3%AEte+%C3%A0+Sardine/data=!4m2!3m1!1s0x12c9c0a283d68991:0xe871be59faa78c12,La Boîte à Sardine,restaurant,want to go,
Marseille,43.2953279,5.3824583,https://www.google.com/maps/place/La+Cantinetta/data=!4m2!3m1!1s0x12c9c0bcbca8ba41:0xdc872278e543a6ff,La Cantinetta,restaurant,want to go,
Marseille,43.29604739999999,5.3683629,https://www.google.com/maps/place/La+Maison+Du+Pastis/data=!4m2!3m1!1s0x12c9c0c15a84d2e7:0x2d8c33b5243d14c2,La Maison Du Pastis,shop,want to go,
Marseille,43.2846739,5.3588509,https://www.google.com/maps/place/La+Mascotte/data=!4m2!3m1!1s0x12c9c0d3bc36a401:0xb2ded42b54ef738a,La Mascotte,bakery,want to go,
Marseille,43.289493,5.366532299999999,https://www.google.com/maps/place/La+Rel%C3%A8ve/data=!4m2!3m1!1s0x12c9c0cf6a9de1f3:0x4682ff4fc95896c4,La Relève,restaurant,want to go,
Marseille,43.287345300000005,5.389682500000001,https://www.google.com/maps/place/Le+FANTASTIQUE/data=!4m2!3m1!1s0x12c9c0a8d9604fcb:0x5f7dbca44d87b62,Le FANTASTIQUE,restaurant,want to go,
Marseille,43.296496999999995,5.373194999999999,https://www.google.com/maps/place/Le+Miramar/data=!4m2!3m1!1s0x12c9c0bf604f5a6b:0x28d317ac2e44b75a,Le Miramar,restaurant,want to go,
Marseille,43.2962206,5.3689925999999994,https://www.google.com/maps/place/Le+Poulpe/data=!4m2!3m1!1s0x12c9c0c14623919f:0x10b8efcdedfa2f3c,Le Poulpe,restaurant,want to go,
Marseille,43.29785040000001,5.371587700000001,https://www.google.com/maps/place/Les+Buvards/data=!4m2!3m1!1s0x12c9c0c05f064109:0x49ef66c849c685e6,Les Buvards,shop,want to go,
Marseille,43.20749944999999,5.4433333,https://www.google.com/maps/place/Les+Calanques/data=!4m2!3m1!1s0x12c9b9d1a9e58261:0x53dbba6e3192332,Les Calanques,other,want to go,
Marseille,43.3010867,5.3878902,https://www.google.com/maps/place/Longchamp+Palace/data=!4m2!3m1!1s0x12c9c098daddcce3:0xa11b3d2f70150891,Longchamp Palace,restaurant,want to go,
Marseille,43.2902804,5.366548199999999,https://www.google.com/maps/place/March%C3%A9+St-Victor/data=!4m2!3m1!1s0x12c9c0cf5d951d19:0x9482765b327d1912,Marché St-Victor,bar,want to go,
Marseille,43.292933700000006,5.3757551,https://www.google.com/maps/place/The+Bread+of+the+Opera/data=!4m2!3m1!1s0x12c9c0b902488701:0xe82fd4e71131659,The Bread of the Opera,bakery,want to go,
Maspeth,40.7155705,-73.9142198,https://www.google.com/maps/place/BASEMENT+NY/data=!4m2!3m1!1s0x89c25fd988f581fb:0xeb29051a029083ca,BASEMENT NY,club,want to go,
Maspeth,40.715776399999996,-73.9144982,https://www.google.com/maps/place/Knockdown+Center/data=!4m2!3m1!1s0x89c25ea2cb53d0a9:0xe6dd93729a094800,Knockdown Center,music venue,want to go,
Mauldin,34.775362799999996,-82.3132655,https://www.google.com/maps/place/Big+Apple+Donuts+%26+Cafe/data=!4m2!3m1!1s0x88582520b2735261:0x49f3fdf8ccdf5e73,Big Apple Donuts & Cafe,cafe,want to go,
Mayville Estate,51.5513088,-0.0844365,https://www.google.com/maps/place/Jolene+Bakery+%26+Restaurant/data=!4m2!3m1!1s0x48761d1b4e662873:0x2b2748b5dcf20b57,Jolene Bakery & Restaurant,bakery,want to go,
Amsterdam,52.3864948,4.8849129,https://www.google.com/maps/place/Restaurant+Apostrof/data=!4m2!3m1!1s0x47c609cd62e38dcf:0xb664140adaac10ec,Restaurant Apostrof,restaurant,want to go,
Megève,45.8302798,6.596898099999999,https://www.google.com/maps/place/Flocons+de+Sel/data=!4m2!3m1!1s0x478be2ff004a10e3:0x7e8ec200d290bffc,Flocons de Sel,hotel,want to go,
Melanthiou,37.979237399999995,23.7260948,https://www.google.com/maps/place/Handlebar/data=!4m2!3m1!1s0x14a1bd24a00e7285:0xbb3dda072f29e24d,Handlebar,bar,want to go,
Menlo Park,37.48507299999999,-122.1482824,https://www.google.com/maps/place/Facebook/data=!4m2!3m1!1s0x808fbc96de8dc419:0x64979e438bf4e3a5,Facebook,other,favorite,
Menton,43.7858386,7.527914700000001,https://www.google.com/maps/place/Restaurant+Mirazur/data=!4m2!3m1!1s0x12cdec097ad9c09b:0x970320ed1eeb6f98,Restaurant Mirazur,restaurant,want to go,
Mercado da Ribeira,38.7070608,-9.145669100000001,https://www.google.com/maps/place/Time+Out+Market+Lisbon/data=!4m2!3m1!1s0xd193487595e6075:0x138fe14e4972dc92,Time Out Market Lisbon,shop,want to go,
Metairie,30.018391599999994,-90.1229139,https://www.google.com/maps/place/Daiquiris+%26+Creams/data=!4m2!3m1!1s0x8620afb2eee53605:0x22036118c5eca666,Daiquiris & Creams,bar,want to go,
Metairie,29.9736277,-90.1410156,https://www.google.com/maps/place/Ph%E1%BB%9F+Orchid+Express/data=!4m2!3m1!1s0x8620a557e406b105:0xf1ab42fa84f28634,Phở Orchid Express,restaurant,want to go,
Metairie,30.0187054,-90.12268069999999,https://www.google.com/maps/place/Deanie's+Seafood+Restaurant+%26+Seafood+Market/data=!4m2!3m1!1s0x8620afb2e9a90647:0x1cf7cd29d6c919f6,Deanie's Seafood Restaurant & Seafood Market,restaurant,want to go,
Metro Manila,14.563774100000002,121.00113270000001,https://www.google.com/maps/place/Aling+Sosing's/data=!4m2!3m1!1s0x3397c977a6fd4307:0x9d3b584684fcc344,Aling Sosing's,restaurant,want to go,
Metro Manila,14.559011,121.05613949999999,https://www.google.com/maps/place/Gallery+By+Chele/data=!4m2!3m1!1s0x3397c948ac417ddd:0x288ae957e863e35a,Gallery By Chele,restaurant,want to go,
Metro Manila,14.531252199999999,121.02273919999999,https://www.google.com/maps/place/Inat%C3%B4/data=!4m2!3m1!1s0x3397c9007d67c731:0xb76df668bcad1cac,Inatô,restaurant,want to go,
Metro Manila,14.5310898,121.0227339,https://www.google.com/maps/place/Toyo+Eatery/data=!4m2!3m1!1s0x3397c92fe56c392d:0x66a5471d8f8b76f,Toyo Eatery,restaurant,want to go,
Metro Manila,14.5633368,121.03766040000001,https://www.google.com/maps/place/Grace+Park+Dining+by+Margarita+For%C3%A9s+-+One+Rockwell/data=!4m2!3m1!1s0x3397c855b32e9371:0xe214ed6121a92f76,Grace Park Dining by Margarita Forés - One Rockwell,park,want to go,
Metropolitan City of Cagliari,38.93237845,8.927749500000001,https://www.google.com/maps/place/Santa+Margherita+di+Pula/data=!4m2!3m1!1s0x12e6ded3495def29:0x8c7cb2b11d86601d,Santa Margherita di Pula,other,want to go,
Metzingen,48.535,9.2793533,https://www.google.com/maps/place/Gucci+-+Metzingen+Outlet/data=!4m2!3m1!1s0x4799ed1776559887:0xa1ba9224c1c41a2,Gucci - Metzingen Outlet,other,favorite,
Metzingen,48.535503399999996,9.2803044,https://www.google.com/maps/place/Crocs/data=!4m2!3m1!1s0x4799ed3d53943eab:0x391469a9d15f161a,Crocs,shop,want to go,
Metzingen,48.536095599999996,9.2827507,https://www.google.com/maps/place/Galizia+Store/data=!4m2!3m1!1s0x4799edc019c6fe91:0x5a308f982e26b558,Galizia Store,shop,want to go,
Metzingen,48.5365373,9.2819326,https://www.google.com/maps/place/Levi's%C2%AE+Factory+Outlet+Metzingen/data=!4m2!3m1!1s0x4799ed17887f2543:0xb74e5508d964c2e3,Levi's® Factory Outlet Metzingen,shop,want to go,
Metzingen,48.537431,9.2829189,https://www.google.com/maps/place/Nike+Factory+Store/data=!4m2!3m1!1s0x4799ed18712609b9:0x1a981f4dd75cafba,Nike Factory Store,shop,want to go,
Metzingen,48.53424390000001,9.278480700000001,https://www.google.com/maps/place/Prada+Outlet+Store/data=!4m2!3m1!1s0x4799eddf82354d01:0x9b390c9af088a8f0,Prada Outlet Store,shop,want to go,
Metzingen,48.537141999999996,9.2838364,https://www.google.com/maps/place/Urban+Decay/data=!4m2!3m1!1s0x4799eded8490653f:0x89f5c919076c2b12,Urban Decay,shop,want to go,
Metzingen,48.536592399999996,9.283099499999999,https://www.google.com/maps/place/WMF+Outlet+Store/data=!4m2!3m1!1s0x4799ed229fa97c7f:0x752486a9b20238c8,WMF Outlet Store,shop,want to go,
Amsterdam,52.357238499999994,4.891574999999999,https://www.google.com/maps/place/Vegan+Junk+Food+Bar/data=!4m2!3m1!1s0x47c609ed47026f37:0x5b266bccd510acdd,Vegan Junk Food Bar,bar,want to go,
Miami,25.833612900000002,-80.2067833,https://www.google.com/maps/place/Bahamian+Pot+Restaurant/data=!4m2!3m1!1s0x0:0xdbf13336aa99189c,Bahamian Pot Restaurant,restaurant,favorite,
Miami,25.813193099999996,-80.1926556,https://www.google.com/maps/place/Michael's+Genuine/data=!4m2!3m1!1s0x88d9b1572e08187d:0x8c0b8b75a24534bc,Michael's Genuine,restaurant,want to go,
Miami,25.775200299999995,-80.1950777,https://www.google.com/maps/place/T%C3%A2m+T%C3%A2m/data=!4m2!3m1!1s0x88d9b7f5db752e41:0x545262defd1a1fff,Tâm Tâm,restaurant,want to go,
Milano MI,45.4817844,9.2202279,https://www.google.com/maps/place/Palinurobar/data=!4m2!3m1!1s0x4786c7ebca742ba3:0x93ed2fa8f50ac81c,Palinurobar,bar,want to go,
Milano MI,45.471595,9.194626999999999,https://www.google.com/maps/place/DMAG+outlet/data=!4m2!3m1!1s0x4786c6b00e143099:0xcfee6b2f9b6d39c3,DMAG outlet,shop,want to go,
Milano MI,45.479651,9.183712,https://www.google.com/maps/place/Good+Blue/data=!4m2!3m1!1s0x4786c1d78a182f6f:0x6e05fca3720a2fd8,Good Blue,restaurant,want to go,
Minato City,35.662908,139.7176977,https://www.google.com/maps/place/ARTS%26SCIENCE+Aoyama/data=!4m2!3m1!1s0x60188b644bd60543:0x222ca412106e86a2,ARTS&SCIENCE Aoyama,art,want to go,
Minato City,35.65486949999999,139.73648269999998,https://www.google.com/maps/place/SAVOY+Azabujuban/data=!4m2!3m1!1s0x60188b9e21c65eb1:0x6e98556d60ee756e,SAVOY Azabujuban,restaurant,want to go,
Minato City,35.6638889,139.73288110000001,https://www.google.com/maps/place/%E3%83%9F%E3%83%BC%E3%83%88%E3%83%9E%E3%83%B3+%E5%85%AD%E6%9C%AC%E6%9C%A8%E5%BA%97/data=!4m2!3m1!1s0x60188b82b1236e75:0x6f43e8f01158a109,ミートマン 六本木店,restaurant,want to go,
Minneapolis,44.93942559999999,-93.2476485,https://www.google.com/maps/place/Matt's+Bar+and+Grill/data=!4m2!3m1!1s0x87f628121aa93683:0x7cfd097d34a7aed6,Matt's Bar and Grill,bar,want to go,
Minneapolis,45.001047299999996,-93.26672500000001,https://www.google.com/maps/place/Young+Joni/data=!4m2!3m1!1s0x52b332777496c9d1:0x5c36fc012721f82c,Young Joni,restaurant,want to go,
Amsterdam,52.3785244,4.8949226999999995,https://www.google.com/maps/place/Dille+%26+Kamille+-+Amsterdam+Centrum/data=!4m2!3m1!1s0x47c609c86ad16215:0x92a6e232e22af10,Dille & Kamille - Amsterdam Centrum,shop,favorite,
Amsterdam,52.378940899999996,4.8852603,https://www.google.com/maps/place/SLA/data=!4m2!3m1!1s0x47c609cf946a21a1:0xb4f32087a8e48245,SLA,restaurant,want to go,
Molenbeek-Saint-Jean,50.8477479,4.328653600000001,https://www.google.com/maps/place/BAR+RECYCLART/data=!4m2!3m1!1s0x47c3c504cce2f01f:0xe53e1cf2bbbba3eb,BAR RECYCLART,bar,want to go,
Montacute Yards,51.524319299999995,-0.07835229999999999,https://www.google.com/maps/place/Singburi/data=!4m2!3m1!1s0x47d8a77977935931:0xf4335aa689e9f2a7,Singburi,restaurant,want to go,
Montebello,34.0097078,-118.1058449,https://www.google.com/maps/place/Caf%C3%A9+Santo/data=!4m2!3m1!1s0x80c2d1da06597cd7:0xeb03477281b1b4d2,Café Santo,cafe,want to go,
Monterey Park,34.0617429,-118.1334398,https://www.google.com/maps/place/Tokyo+Fried+Chicken+Co./data=!4m2!3m1!1s0x80c2c55da40e07b5:0xa98cad447309da25,Tokyo Fried Chicken Co.,restaurant,want to go,
Unknown,37.06250000000001,-95.677068,https://www.google.com/maps/place/Bar+Agricole/data=!4m2!3m1!1s0x808f7e2629632709:0xd46a5b2c2deb9163,Bar Agricole,bar,favorite,
Unknown,37.06250000000001,-95.677068,https://www.google.com/maps/place/Bar+Velo/data=!4m2!3m1!1s0x89c25be15029a48d:0x10d7ec5a2b8d3d66,Bar Velo,bar,favorite,true
Unknown,37.06250000000001,-95.677068,https://www.google.com/maps/place/Monella+Bar/data=!4m2!3m1!1s0x47a84f14eb909577:0x8f5f1d7e38af21a8,Monella Bar,bar,favorite,true
Unknown,37.06250000000001,-95.677068,https://www.google.com/maps/place/neue+bellman+bar+2017/data=!4m2!3m1!1s0x47a84fb28b579401:0xf7be4eee25582428,neue bellman bar 2017,bar,favorite,true
Unknown,37.06250000000001,-95.677068,https://www.google.com/maps/place/Penny+Short+Bar/data=!4m2!3m1!1s0x47a84fa652498cb1:0xd9e6259804ba828e,Penny Short Bar,bar,favorite,true
Unknown,37.06250000000001,-95.677068,https://www.google.com/maps/place/TROPHY+BAR/data=!4m2!3m1!1s0x89c25be13cdb4dd5:0x3185534151f5db82,TROPHY BAR,bar,favorite,true
Unknown,37.06250000000001,-95.677068,https://www.google.com/maps/place/Bite+Cafe/data=!4m2!3m1!1s0x880fd2b211757021:0xd48968cd97590f21,Bite Cafe,cafe,favorite,
Unknown,37.06250000000001,-95.677068,https://www.google.com/maps/place/Railway+Station+Pristina/data=!4m2!3m1!1s0x13549efa8fdba86b:0x8714df32b0376e26,Railway Station Pristina,club,favorite,
Unknown,37.06250000000001,-95.677068,https://www.google.com/maps/place/%25+Arabica+Berlin+Kreuzberg/data=!4m2!3m1!1s0x47a84f7561ee5723:0x81794a9ce24fa025,% Arabica Berlin Kreuzberg,other,favorite,true
Unknown,37.06250000000001,-95.677068,https://www.google.com/maps/place/16411+Haas+Ave+b/data=!4m2!3m1!1s0x80c2b5741e72b069:0xebd18c2c3c6fb31a,16411 Haas Ave b,other,favorite,
Unknown,37.06250000000001,-95.677068,https://www.google.com/maps/place/180+Sanctuary/data=!4m2!3m1!1s0x30d07f7fbc6290df:0xf6f9470d543e837e,180 Sanctuary,other,favorite,
Unknown,37.06250000000001,-95.677068,https://www.google.com/maps/place/Andolinis+Pizza/data=!4m2!3m1!1s0x88fe7a139bc8b49f:0x8c39d26387033d7c,Andolinis Pizza,other,favorite,
Unknown,37.06250000000001,-95.677068,https://www.google.com/maps/place/Anna+J's/data=!4m2!3m1!1s0x8856891c15265a13:0x8066c882c92a4007,Anna J's,other,favorite,
Unknown,37.06250000000001,-95.677068,https://www.google.com/maps/place/Ausblickpunkt/data=!4m2!3m1!1s0xc479908eb9453cf:0x799e35f384a351f3,Ausblickpunkt,other,favorite,
Unknown,37.06250000000001,-95.677068,https://www.google.com/maps/place/Belfort+Berlin/data=!4m2!3m1!1s0x47a84e036c2c07a7:0xba4d5b0fd05fb19c,Belfort Berlin,other,favorite,true
Unknown,37.06250000000001,-95.677068,https://www.google.com/maps/place/Beloved/data=!4m2!3m1!1s0x89c25944377eb283:0xb76a7e718575e1a8,Beloved,other,favorite,
Unknown,37.06250000000001,-95.677068,https://www.google.com/maps/place/Bowery+Diner/data=!4m2!3m1!1s0x89c25900479cab07:0x4bf9adf92ecb9001,Bowery Diner,other,favorite,true
Unknown,37.06250000000001,-95.677068,https://www.google.com/maps/place/Boxing+Room/data=!4m2!3m1!1s0x808580988ebb8737:0xf8d2258774a146d2,Boxing Room,other,favorite,
Unknown,37.06250000000001,-95.677068,https://www.google.com/maps/place/Caf%C3%A9+Annabatterie/data=!4m2!3m1!1s0x47bd96fc78d5b48f:0x2071dfd4529f440f,Café Annabatterie,other,favorite,true
Unknown,37.06250000000001,-95.677068,https://www.google.com/maps/place/Cherry+Fix/data=!4m2!3m1!1s0x46eecf6b43ce0f19:0xc08454ad832426f1,Cherry Fix,other,favorite,
Unknown,37.06250000000001,-95.677068,https://www.google.com/maps/place/China+Chalet/data=!4m2!3m1!1s0x89c25a113a64d9af:0xd75543135d904668,China Chalet,other,favorite,true
Unknown,37.06250000000001,-95.677068,https://www.google.com/maps/place/Dear+Mom/data=!4m2!3m1!1s0x808f7e255d75c879:0xb7c95217ff7b79c7,Dear Mom,other,favorite,
Unknown,37.06250000000001,-95.677068,https://www.google.com/maps/place/DingsDums+Dumplings/data=!4m2!3m1!1s0x47a84fb34aa55555:0x75f8e9e479e3f4c1,DingsDums Dumplings,other,favorite,true
Unknown,37.06250000000001,-95.677068,https://www.google.com/maps/place/Extreme+Grill/data=!4m2!3m1!1s0x13549ee5439a64f5:0x63ab9f0bbc6a1ea4,Extreme Grill,restaurant,favorite,
Unknown,37.06250000000001,-95.677068,https://www.google.com/maps/place/Gold+Cash+Gold/data=!4m2!3m1!1s0x883b2d59c379f2ab:0x552a6058fd824974,Gold Cash Gold,other,favorite,
Unknown,37.06250000000001,-95.677068,https://www.google.com/maps/place/Goldschmiede/data=!4m2!3m1!1s0x47a851e1016d6add:0x51d8a4da42502366,Goldschmiede,other,favorite,
Unknown,37.06250000000001,-95.677068,https://www.google.com/maps/place/Graffiti+Bridge/data=!4m2!3m1!1s0x88fe7bee43d29fd7:0x74fd11eb78c525c2,Graffiti Bridge,other,favorite,
Unknown,37.06250000000001,-95.677068,https://www.google.com/maps/place/Grotte+des+abeilles/data=!4m2!3m1!1s0xc47a300743cbb57:0xa17c281f6607d441,Grotte des abeilles,other,favorite,
Unknown,37.06250000000001,-95.677068,https://www.google.com/maps/place/HoM+Charleston/data=!4m2!3m1!1s0x88fe7a69f4fdee69:0x23999db25649e8d5,HoM Charleston,other,favorite,
Unknown,37.06250000000001,-95.677068,https://www.google.com/maps/place/Institut+fuer+Zukunft/data=!4m2!3m1!1s0x47a6f9b5420395bf:0xb6cc8ec5c2e7129a,Institut fuer Zukunft,other,favorite,
Unknown,37.06250000000001,-95.677068,https://www.google.com/maps/place/Kontor+der+guten+Dinge/data=!4m2!3m1!1s0x47a8519286fd7391:0xaf947554cbb50197,Kontor der guten Dinge,other,favorite,true
Unknown,37.06250000000001,-95.677068,https://www.google.com/maps/place/La+Sirena+Clandestina/data=!4m2!3m1!1s0x880e2cd097cc6491:0x4810bdb517cc470a,La Sirena Clandestina,other,favorite,true
Unknown,37.06250000000001,-95.677068,https://www.google.com/maps/place/Makoto/data=!4m2!3m1!1s0x47a851e2226a5c87:0xbb3111bedfca7501,Makoto,other,favorite,true
Unknown,37.06250000000001,-95.677068,https://www.google.com/maps/place/Mazooka+Store/data=!4m2!3m1!1s0x47a851fc08cf127f:0xc8f57b9d2f3f7fcb,Mazooka Store,shop,favorite,true
Unknown,37.06250000000001,-95.677068,https://www.google.com/maps/place/McHale%E2%80%99s+Irish+Pub/data=!4m2!3m1!1s0x88568855957303bd:0xe74eb6f19d078a5e,McHale’s Irish Pub,bar,favorite,true
Unknown,37.06250000000001,-95.677068,https://www.google.com/maps/place/Melancholie+2/data=!4m2!3m1!1s0x47a84e25291c46fb:0xd8db697b817831b3,Melancholie 2,other,favorite,true
Unknown,37.06250000000001,-95.677068,https://www.google.com/maps/place/Mixson+Market/data=!4m2!3m1!1s0x88fe64bc706c7423:0x8138f2ffd464f398,Mixson Market,shop,favorite,
Unknown,37.06250000000001,-95.677068,https://www.google.com/maps/place/Mixson+Market/data=!4m2!3m1!1s0x88fe64bc6d850165:0x1cef0fadee9133f2,Mixson Market,shop,favorite,
Unknown,37.06250000000001,-95.677068,https://www.google.com/maps/place/Neumond/data=!4m2!3m1!1s0x47a851ec4bfb471b:0xd3cbf38f9e56720f,Neumond,other,favorite,true
Unknown,37.06250000000001,-95.677068,https://www.google.com/maps/place/New+Tendency/data=!4m2!3m1!1s0x47a84fafdf775185:0xad276755b1b58202,New Tendency,other,favorite,true
Unknown,37.06250000000001,-95.677068,https://www.google.com/maps/place/Opening+Ceremony/data=!4m2!3m1!1s0x89c2598a2427e77b:0x332e1384473ab5c4,Opening Ceremony,other,favorite,
Unknown,37.06250000000001,-95.677068,https://www.google.com/maps/place/Playa+de+la+Escalera/data=!4m2!3m1!1s0xc47b3770c9898db:0x97a108e95b6e4d12,Playa de la Escalera,other,favorite,
Unknown,37.06250000000001,-95.677068,https://www.google.com/maps/place/Playa+del+Mejill%C3%B3n/data=!4m2!3m1!1s0xc4635a9a4abf339:0x4463bb7749e5a22,Playa del Mejillón,other,favorite,
Unknown,37.06250000000001,-95.677068,https://www.google.com/maps/place/Pop+Cereal+Caf%C3%A9/data=!4m2!3m1!1s0xd19347f9700a309:0x50b91945718ac8db,Pop Cereal Café,other,favorite,
Unknown,37.06250000000001,-95.677068,https://www.google.com/maps/place/Press+Tea/data=!4m2!3m1!1s0x89c2592b0e0858e5:0x3648997e0c9fb7a1,Press Tea,other,favorite,true
Unknown,37.06250000000001,-95.677068,https://www.google.com/maps/place/Proof/data=!4m2!3m1!1s0x88fe7a6b08be7799:0x6fbd9929a3e42bbb,Proof,other,favorite,
Unknown,37.06250000000001,-95.677068,https://www.google.com/maps/place/Ramen+x+Ramen/data=!4m2!3m1!1s0x47a84e5932d11c23:0x507159a31f983d7c,Ramen x Ramen,other,favorite,true
Unknown,37.06250000000001,-95.677068,https://www.google.com/maps/place/Renaissance/data=!4m2!3m1!1s0x13549fb22ffdd41f:0x98c3b25b75c8c9a4,Renaissance,other,favorite,
Unknown,37.06250000000001,-95.677068,https://www.google.com/maps/place/Riga+Smash+Burger/data=!4m2!3m1!1s0x46eecfea47f757f3:0xfb599d838f9e7e5c,Riga Smash Burger,other,favorite,
Unknown,37.06250000000001,-95.677068,https://www.google.com/maps/place/Ristorante+Cumberland/data=!4m2!3m1!1s0x47a85154174f08f7:0x769f091f7e17f034,Ristorante Cumberland,other,favorite,true
Unknown,37.06250000000001,-95.677068,https://www.google.com/maps/place/Roberta's/data=!4m2!3m1!1s0x89c25c00e71cb3f3:0xa1a529cc35093e02,Roberta's,other,favorite,
Unknown,37.06250000000001,-95.677068,https://www.google.com/maps/place/Rosamunde+Sausage+Grill/data=!4m2!3m1!1s0x808580a6c02ad54d:0x64aa3824b1ef360d,Rosamunde Sausage Grill,restaurant,favorite,
Unknown,37.06250000000001,-95.677068,https://www.google.com/maps/place/Schloss+Sch%C3%B6now/data=!4m2!3m1!1s0x47a9f6eb1a8ddcef:0xa1ba7bf0fce00821,Schloss Schönow,other,favorite,
Unknown,37.06250000000001,-95.677068,https://www.google.com/maps/place/Serpentine/data=!4m2!3m1!1s0x808f7fb989179b7f:0x557a903aca4b04e7,Serpentine,other,favorite,
Unknown,37.06250000000001,-95.677068,https://www.google.com/maps/place/Sixtyseven+%E5%85%AD%E5%8D%81%E4%B8%83/data=!4m2!3m1!1s0x47a851e474f32157:0x50508c4379ce2253,Sixtyseven 六十七,other,favorite,true
Unknown,37.06250000000001,-95.677068,https://www.google.com/maps/place/Smoke+BBQ/data=!4m2!3m1!1s0x88fe7a6a4e9bbefd:0x20dff43392b85c00,Smoke BBQ,other,favorite,
Unknown,37.06250000000001,-95.677068,https://www.google.com/maps/place/Sporadic/data=!4m2!3m1!1s0x47a84f8930d30169:0xf4047c4ade26b882,Sporadic,other,favorite,true
Unknown,37.06250000000001,-95.677068,https://www.google.com/maps/place/Sugafari+Laden+Berlin/data=!4m2!3m1!1s0x47a85204633ef60d:0x4c8e752d1fdb6516,Sugafari Laden Berlin,other,favorite,true
Unknown,37.06250000000001,-95.677068,https://www.google.com/maps/place/Tacolicious/data=!4m2!3m1!1s0x808f7e3d1e500d69:0xd033c75d555c011b,Tacolicious,other,favorite,
Unknown,37.06250000000001,-95.677068,https://www.google.com/maps/place/Tahoe+Mountain+Home+(Fjeldheim)/data=!4m2!3m1!1s0x8099909df43b0d4f:0xa9fb65fa3876a907,Tahoe Mountain Home (Fjeldheim),nature,favorite,
Unknown,37.06250000000001,-95.677068,https://www.google.com/maps/place/The+Future+Breakfast/data=!4m2!3m1!1s0x47a84f47f4eaf8ed:0xb5cb4a1bf0762e90,The Future Breakfast,other,favorite,true
Unknown,37.06250000000001,-95.677068,https://www.google.com/maps/place/The+Well/data=!4m2!3m1!1s0x89c25bffdd72d423:0xfc20fc3b75dbb288,The Well,other,favorite,true
Unknown,37.06250000000001,-95.677068,https://www.google.com/maps/place/TYPE+HYPE/data=!4m2!3m1!1s0x47a84e1e30643969:0xd2928605ad5d86fc,TYPE HYPE,other,favorite,true
Unknown,37.06250000000001,-95.677068,https://www.google.com/maps/place/ULT+Ramen/data=!4m2!3m1!1s0x47a8522a369ffabf:0x636d3dcca7b92c0f,ULT Ramen,other,favorite,true
Unknown,37.06250000000001,-95.677068,https://www.google.com/maps/place/Vice+Versa+Distribution/data=!4m2!3m1!1s0x47a84e050da1aa17:0xf3bfe416b3ad4745,Vice Versa Distribution,other,favorite,true
Unknown,37.06250000000001,-95.677068,https://www.google.com/maps/place/Vista+panor%C3%A1mica+Las+Palmas/data=!4m2!3m1!1s0xc479890fe30c4b1:0x9643649bc470c4e5,Vista panorámica Las Palmas,other,favorite,
Unknown,37.06250000000001,-95.677068,https://www.google.com/maps/place/Yuuka+Buffet/data=!4m2!3m1!1s0x47a851e9795b87cb:0xd71c124a9f857a5a,Yuuka Buffet,other,favorite,true
Unknown,37.06250000000001,-95.677068,https://www.google.com/maps/place/Zonal/data=!4m2!3m1!1s0x808580a243a1aa3b:0x3d3f6bcf4296cad2,Zonal,other,favorite,
Unknown,37.06250000000001,-95.677068,https://www.google.com/maps/place/Tremont+Music+Hall/data=!4m2!3m1!1s0x8856a02135892277:0x4a4575c3a1113922,Tremont Music Hall,music venue,favorite,
Unknown,37.06250000000001,-95.677068,https://www.google.com/maps/place/Flugplatz+Johannisthal/data=!4m2!3m1!1s0x47a8461dc7ba6ac7:0x2f2fb1d1c3fb5842,Flugplatz Johannisthal,park,favorite,
Unknown,37.06250000000001,-95.677068,https://www.google.com/maps/place/Lichtenberger+Winterzeit+2024/data=!4m2!3m1!1s0x47a84f9412ea0187:0x58b1fe66579f26dc,Lichtenberger Winterzeit 2024,park,favorite,
Unknown,37.06250000000001,-95.677068,https://www.google.com/maps/place/ATTLA+Restaurante/data=!4m2!3m1!1s0xd19355012cd9399:0x86a747978537f86f,ATTLA Restaurante,restaurant,favorite,
Unknown,37.06250000000001,-95.677068,https://www.google.com/maps/place/Bushwick+Food+Cooperative/data=!4m2!3m1!1s0x89c25c03b474607b:0x6462501672038a17,Bushwick Food Cooperative,restaurant,favorite,true
Unknown,37.06250000000001,-95.677068,https://www.google.com/maps/place/Soma+StrEat+Food+Park/data=!4m2!3m1!1s0x808f7e28b17fa279:0xcaa79b9fbbc34ee,Soma StrEat Food Park,restaurant,favorite,
Unknown,37.06250000000001,-95.677068,https://www.google.com/maps/place/Bar:+Holmen+Channel/data=!4m2!3m1!1s0x46525317d095c683:0xcec78a81f715ea7e,Bar: Holmen Channel,bar,want to go,
Unknown,37.06250000000001,-95.677068,https://www.google.com/maps/place/Laurenz+Weinbar+Restaurant/data=!4m2!3m1!1s0x47bd96fcf24f7911:0x331a09cd0e7f0b53,Laurenz Weinbar Restaurant,bar,want to go,
Unknown,37.06250000000001,-95.677068,https://www.google.com/maps/place/Bunkier+Cafe/data=!4m2!3m1!1s0x47165b0eeda0da1b:0x3158c70bf835e2d1,Bunkier Cafe,cafe,want to go,
Unknown,37.06250000000001,-95.677068,https://www.google.com/maps/place/Matty's+Patty's+Burger+Club/data=!4m2!3m1!1s0x882b356660c69cf3:0x5964276216cd1694,Matty's Patty's Burger Club,club,want to go,
Unknown,37.06250000000001,-95.677068,https://www.google.com/maps/place/Mensch+Meier+%2F%2F+club+and+culture+house/data=!4m2!3m1!1s0x47a84e76decc63c5:0x9b9878c41929a2fa,Mensch Meier // club and culture house,club,want to go,
Unknown,37.06250000000001,-95.677068,https://www.google.com/maps/place/Aqui+en+Bella+Puebla/data=!4m2!3m1!1s0x89c25fb0a71350c9:0xda26815438bf3454,Aqui en Bella Puebla,other,want to go,
Unknown,37.06250000000001,-95.677068,https://www.google.com/maps/place/Baohaus/data=!4m2!3m1!1s0x89c259810f06cbc7:0xa8c2f3179940a8cb,Baohaus,other,want to go,
Unknown,37.06250000000001,-95.677068,https://www.google.com/maps/place/Chicha/data=!4m2!3m1!1s0x89c25ea85d81f609:0x480697ce66c6749b,Chicha,other,want to go,true
Unknown,37.06250000000001,-95.677068,https://www.google.com/maps/place/Chichiko/data=!4m2!3m1!1s0x40d4ce5c262e3695:0x843592bd71950780,Chichiko,other,want to go,
Unknown,37.06250000000001,-95.677068,https://www.google.com/maps/place/Coperni/data=!4m2!3m1!1s0x47e66e1aec37081d:0xcf8e9677ac8d05af,Coperni,other,want to go,
Unknown,37.06250000000001,-95.677068,https://www.google.com/maps/place/Daalder+Atelier/data=!4m2!3m1!1s0x47c609ff0e58512d:0x23d04ee1824670c4,Daalder Atelier,other,want to go,
Unknown,37.06250000000001,-95.677068,https://www.google.com/maps/place/Devil's+Saddle+-+Panoramic+view/data=!4m2!3m1!1s0x12e7338e81919fb1:0xd1ddecd677c5ac26,Devil's Saddle - Panoramic view,other,want to go,
Unknown,37.06250000000001,-95.677068,https://www.google.com/maps/place/Eszeweria/data=!4m2!3m1!1s0x47165b6a16d435e1:0x906ad3ec6b91b34e,Eszeweria,other,want to go,
Unknown,37.06250000000001,-95.677068,https://www.google.com/maps/place/Feverdream/data=!4m2!3m1!1s0x880fcd4dde5cc567:0x54a183a7c04a1c4c,Feverdream,other,want to go,
Unknown,37.06250000000001,-95.677068,https://www.google.com/maps/place/Gor%C4%85ce+P%C4%85czki/data=!4m2!3m1!1s0x47165b0e90689421:0xc7e9bd21c8567978,Gorące Pączki,other,want to go,
Unknown,37.06250000000001,-95.677068,https://www.google.com/maps/place/Groen%2BAkker/data=!4m2!3m1!1s0x47c6096ede02d063:0xca775cb750566819,Groen+Akker,other,want to go,
Unknown,37.06250000000001,-95.677068,https://www.google.com/maps/place/Grumman'78/data=!4m2!3m1!1s0x4cc910996e4a572f:0x4f3dd03606f055d6,Grumman'78,other,want to go,
Unknown,37.06250000000001,-95.677068,https://www.google.com/maps/place/High+Pie+Pizza/data=!4m2!3m1!1s0x88fe7bb91db69259:0x9e75b5bd96bb4b4c,High Pie Pizza,other,want to go,
Unknown,37.06250000000001,-95.677068,https://www.google.com/maps/place//data=!4m2!3m1!1s0x9105c88886db03b7:0x6d959b101d762d55,9fCMabuuN4KRxc8Ps8nbsAU,other,want to go,
Unknown,37.06250000000001,-95.677068,https://www.google.com/maps/place/KONA+BREAKFAST+%26+BRUNCH/data=!4m2!3m1!1s0x4797cf66f86f7beb:0xdc0fdff362c5982d,KONA BREAKFAST & BRUNCH,other,want to go,
Unknown,37.06250000000001,-95.677068,https://www.google.com/maps/place/Little+Suzy%E2%80%99s+Smoke+Shack+BBQ/data=!4m2!3m1!1s0x47bcf9fb641deae7:0xe03440cd7f986ca7,Little Suzy’s Smoke Shack BBQ,other,want to go,
Unknown,37.06250000000001,-95.677068,https://www.google.com/maps/place/Madonna+Warszawa/data=!4m2!3m1!1s0x471eccef17db508b:0x139b3122cbf59963,Madonna Warszawa,other,want to go,
Unknown,37.06250000000001,-95.677068,https://www.google.com/maps/place/Mama+Dut/data=!4m2!3m1!1s0x5495a17a484bff5b:0x955b069d6fb6559a,Mama Dut,other,want to go,
Unknown,37.06250000000001,-95.677068,https://www.google.com/maps/place/Miejsc%C3%B3wka+%7C+Craft+Beer+Pub/data=!4m2!3m1!1s0x47165b4373778bd1:0x2d33ab91d59b5483,Miejscówka | Craft Beer Pub,bar,want to go,
Unknown,37.06250000000001,-95.677068,https://www.google.com/maps/place/Mirador+Es+Colomer/data=!4m2!3m1!1s0x12962aa49ebeb1bf:0xa057c1fcfbbd208,Mirador Es Colomer,other,want to go,
Unknown,37.06250000000001,-95.677068,https://www.google.com/maps/place/Nodi+Studio/data=!4m2!3m1!1s0x471ecdb823a91bb9:0xd4762579419e40af,Nodi Studio,other,want to go,
Unknown,37.06250000000001,-95.677068,https://www.google.com/maps/place/Outlet+city+metzingen/data=!4m2!3m1!1s0x4799ed16aa62e9ed:0xbdcee5a7931f56a9,Outlet city metzingen,other,want to go,
Unknown,37.06250000000001,-95.677068,"https://www.google.com/maps/place/Patriarcal+-+Panifica%C3%A7%C3%A3o+Reunida+de+S%C3%A3o+Roque,+Lda./data=!4m2!3m1!1s0xd19337f7921c5fb:0x270d4f8eba691b9b","Patriarcal - Panificação Reunida de São Roque, Lda.",other,want to go,
Unknown,37.06250000000001,-95.677068,https://www.google.com/maps/place/Pijalnia+W%C3%B3dki+i+Piwa/data=!4m2!3m1!1s0x47165b0e2233bf83:0x3be477bd017dacb5,Pijalnia Wódki i Piwa,other,want to go,
Unknown,37.06250000000001,-95.677068,https://www.google.com/maps/place/Pla%C3%A7a+de+Gaud%C3%AD/data=!4m2!3m1!1s0x12a4a2dcc089b11f:0xfc4047f9ddb104b7,Plaça de Gaudí,other,want to go,
Unknown,37.06250000000001,-95.677068,https://www.google.com/maps/place/RS94109/data=!4m2!3m1!1s0x808580914b49ce85:0x1315ca1abe381c6c,RS94109,other,want to go,
Unknown,37.06250000000001,-95.677068,https://www.google.com/maps/place/Rue+B/data=!4m2!3m1!1s0x89c25976fabfec4b:0xc5d188e98856082a,Rue B,other,want to go,
Unknown,37.06250000000001,-95.677068,https://www.google.com/maps/place/Running+Sushi+Nara/data=!4m2!3m1!1s0x4799ed2275ffc0e5:0xfc4a7faa969d92cc,Running Sushi Nara,other,want to go,
Unknown,37.06250000000001,-95.677068,https://www.google.com/maps/place/Tasty/data=!4m2!3m1!1s0x5495a1acbd4872d1:0xc94d668de9fc101d,Tasty,other,want to go,
Unknown,37.06250000000001,-95.677068,https://www.google.com/maps/place/Tasty+n+Alder/data=!4m2!3m1!1s0x5495aa6aaaaaaaab:0x6844b5b1a7570a70,Tasty n Alder,other,want to go,
Unknown,37.06250000000001,-95.677068,https://www.google.com/maps/place/Tegui/data=!4m2!3m1!1s0x95bcb593a9ebcf01:0x8048a844957c147c,Tegui,other,want to go,
Unknown,37.06250000000001,-95.677068,https://www.google.com/maps/place/Textile+Center+Building/data=!4m2!3m1!1s0x80c2c63497fc5889:0x4adc2bf0ac34bc4c,Textile Center Building,other,want to go,
Unknown,37.06250000000001,-95.677068,https://www.google.com/maps/place/The+Beatrice+Inn/data=!4m2!3m1!1s0x89c259957a7f49cb:0x669533a1b37fd3e2,The Beatrice Inn,hotel,want to go,
Unknown,37.06250000000001,-95.677068,https://www.google.com/maps/place/UNDERCOVER/data=!4m2!3m1!1s0x47c6090fe2a9ae17:0x1d5d49e6e5035689,UNDERCOVER,other,want to go,
Unknown,37.06250000000001,-95.677068,https://www.google.com/maps/place/Verico/data=!4m2!3m1!1s0x129821544563648b:0x1b2bd51536b1faae,Verico,other,want to go,
Unknown,37.06250000000001,-95.677068,https://www.google.com/maps/place/Viva+M'Boma/data=!4m2!3m1!1s0x47c3c3862bfba589:0x1570491042fbd257,Viva M'Boma,other,want to go,
Unknown,37.06250000000001,-95.677068,https://www.google.com/maps/place/Window+on+the+mountains/data=!4m2!3m1!1s0x13526d40aceefe89:0xf00aae134091683e,Window on the mountains,nature,want to go,
Unknown,37.06250000000001,-95.677068,https://www.google.com/maps/place/Zarzuela/data=!4m2!3m1!1s0xd19347c3362bf5b:0x7f5d322612eeaa88,Zarzuela,other,want to go,
Unknown,37.06250000000001,-95.677068,https://www.google.com/maps/place/%D0%A1%D1%82%D0%B5%D0%B9%D0%BA%D1%85%D0%B0%D1%83%D1%81/data=!4m2!3m1!1s0x40d4ce582ce2c8b5:0xea1a8913c5926494,Стейкхаус,other,want to go,
Unknown,37.06250000000001,-95.677068,https://www.google.com/maps/place/Parkland+Walk+(South)+-+Stapleton+Hall+Road/data=!4m2!3m1!1s0x48761bcb4fcfe20d:0x3878390f6000a1d0,Parkland Walk (South) - Stapleton Hall Road,park,want to go,
Unknown,37.06250000000001,-95.677068,https://www.google.com/maps/place/KONG/data=!4m2!3m1!1s0x47a84fbae1599935:0xfb248c0056f727a3,KONG,restaurant,want to go,
Unknown,37.06250000000001,-95.677068,https://www.google.com/maps/place/restaurant+grace/data=!4m2!3m1!1s0x476d077f85e3eb85:0x721a08f43086faf1,restaurant grace,restaurant,want to go,
Unknown,37.06250000000001,-95.677068,https://www.google.com/maps/place/Restaurant+GUSTAV/data=!4m2!3m1!1s0x47bd094ccddb2827:0x83fe2648e840d26,Restaurant GUSTAV,restaurant,want to go,
Unknown,37.06250000000001,-95.677068,https://www.google.com/maps/place/Restaurante+Sala+7/data=!4m2!3m1!1s0xc409538713fcd2f:0x6a3a2edb472eb5c1,Restaurante Sala 7,restaurant,want to go,
Unknown,37.06250000000001,-95.677068,https://www.google.com/maps/place/Unfckd/data=!4m2!3m1!1s0x47a851f9f46a8189:0x5c89dfca2ed314d9,Unfckd,restaurant,want to go,
Unknown,37.06250000000001,-95.677068,https://www.google.com/maps/place/eicie+digitaler+Leinwand-+%2B+Stoffdruck/data=!4m2!3m1!1s0x47a84e007b87ea69:0x5ce3f87c0dd38016,eicie digitaler Leinwand- + Stoffdruck,shop,want to go,
Montreal,45.481066299999995,-73.5786057,https://www.google.com/maps/place/Buck+15+Espresso+Bar/data=!4m2!3m1!1s0x4cc91a777e62f60f:0x71ed04f36d725927,Buck 15 Espresso Bar,bar,favorite,true
Montreal,45.517575099999995,-73.5907148,https://www.google.com/maps/place/Scarpetta+Bar+a+vin/data=!4m2!3m1!1s0x4cc91a2b60c88fdf:0x209534901225482e,Scarpetta Bar a vin,bar,favorite,true
Montreal,45.5216667,-73.58944439999999,https://www.google.com/maps/place/Le+Comptoir/data=!4m2!3m1!1s0x4cc91bd467c8fdc7:0xdff3961ca503c190,Le Comptoir,restaurant,favorite,true
Montreal,45.523782499999996,-73.59401629999999,https://www.google.com/maps/place/Hotel+Herman/data=!4m2!3m1!1s0x4cc9197e058b3b87:0x168d26e6f9e49905,Hotel Herman,hotel,favorite,true
Montreal,45.5180321,-73.5814716,https://www.google.com/maps/place/BAR+-+Big+in+Japan/data=!4m2!3m1!1s0x4cc91bcd365376af:0x1bd17c7377c44265,BAR - Big in Japan,bar,want to go,
Montreal,45.517467800000006,-73.5823901,https://www.google.com/maps/place/T+%26+T+Tacos+and+Tortas+-+Mexican+resto-+bar/data=!4m2!3m1!1s0x4cc91a32b47d220f:0x75394c931a966793,T & T Tacos and Tortas - Mexican resto- bar,bar,want to go,
Montreal,45.482772999999995,-73.5751911,https://www.google.com/maps/place/Burgundy+Lion/data=!4m2!3m1!1s0x4cc91a7a21244839:0xb3ea42116fbc6ee3,Burgundy Lion,restaurant,want to go,
Montreal,45.524104799999996,-73.6002501,https://www.google.com/maps/place/Caf%C3%A9+Olimpico+-+Mile+End/data=!4m2!3m1!1s0x4cc9197949885067:0xbaf85bce3cee2770,Café Olimpico - Mile End,cafe,want to go,
Montreal,45.531371899999996,-73.613134,https://www.google.com/maps/place/Dinette+Triple+Crown/data=!4m2!3m1!1s0x4cc919728537c021:0xe88785c8ec7808b3,Dinette Triple Crown,restaurant,want to go,
Montreal,45.5333468,-73.61299029999999,https://www.google.com/maps/place/Gema+Pizzeria/data=!4m2!3m1!1s0x4cc9196d3ebec09d:0x7a4edd6366ebff64,Gema Pizzeria,restaurant,want to go,
Montreal,45.4888413,-73.5845934,https://www.google.com/maps/place/IMADAKE+IZAKAYA/data=!4m2!3m1!1s0x4cc91a729d9d957d:0xaeeee959f468388f,IMADAKE IZAKAYA,restaurant,want to go,
Montreal,45.5331078,-73.613192,https://www.google.com/maps/place/Impasto/data=!4m2!3m1!1s0x4cc9196d3f2f4857:0x95283e45febf184d,Impasto,restaurant,want to go,
Montreal,45.48305559999999,-73.5752778,https://www.google.com/maps/place/Joe+Beef/data=!4m2!3m1!1s0x4cc91a7a23de0961:0x4dda44b6c1dd33da,Joe Beef,restaurant,want to go,
Montreal,45.482788899999996,-73.5755712,https://www.google.com/maps/place/Le+Vin+Papillon/data=!4m2!3m1!1s0x4cc91a7a207c556d:0xa0e82d6c52920693,Le Vin Papillon,restaurant,want to go,
Montreal,45.5180533,-73.5814759,https://www.google.com/maps/place/Patati+Patata+Friterie+de+Luxe/data=!4m2!3m1!1s0x4cc91bcd378d2221:0x6a065d0f00540828,Patati Patata Friterie de Luxe,restaurant,want to go,
Montreal,45.47354800000001,-73.5882039,https://www.google.com/maps/place/P%C3%A2tisserie+Rustique/data=!4m2!3m1!1s0x4cc9109bf314ddcf:0x54a8e6c436e0e60,Pâtisserie Rustique,shop,want to go,
Montreal,45.5235074,-73.5950412,https://www.google.com/maps/place/Faberg%C3%A9+Restaurant/data=!4m2!3m1!1s0x4cc9197e120439bf:0x2bbf97f8715e7bc5,Fabergé Restaurant,restaurant,want to go,
Montreal,45.525062999999996,-73.59943,https://www.google.com/maps/place/Pub+Bishop+%26+Bagg/data=!4m2!3m1!1s0x4cc9197bff20a9b7:0xfcdf86010a51553e,Pub Bishop & Bagg,shop,want to go,
Montréal,45.5311156,-73.6077957,https://www.google.com/maps/place/Caf%C3%A9+Odessa/data=!4m2!3m1!1s0x4cc9196e1e6cb55b:0x9a78a9a30475518e,Café Odessa,cafe,want to go,
Montréal,45.523942999999996,-73.605494,https://www.google.com/maps/place/Nouveau+Palais/data=!4m2!3m1!1s0x4cc91979cf2bbc4f:0xeaa5e542a3c9dc98,Nouveau Palais,restaurant,want to go,
Montréal,45.501224199999996,-73.55648219999999,https://www.google.com/maps/place/Olive+et+Gourmando/data=!4m2!3m1!1s0x4cc91a5902615863:0x8bd5e7b9b0be142a,Olive et Gourmando,cafe,want to go,
Montréal,45.4794972,-73.58089439999999,https://www.google.com/maps/place/Sumac/data=!4m2!3m1!1s0x4cc91a77c1f85547:0xc62d38db36106378,Sumac,restaurant,want to go,
Morocco,31.641015799999998,-7.9913796999999995,https://www.google.com/maps/place/Riad+Ayni/data=!4m2!3m1!1s0xdafee7000fbdccf:0x6d5fc753ab4bf61a,Riad Ayni,other,favorite,
Morocco,31.636347400000005,-7.994325099999999,https://www.google.com/maps/place/Riad+le+Plein+Sud/data=!4m2!3m1!1s0xdafee65b2cf91f5:0x51664bf42ddfdd73,Riad le Plein Sud,hotel,favorite,
Morocco,31.638259799999997,-7.990387599999999,https://www.google.com/maps/place/Riad+Shama/data=!4m2!3m1!1s0xdafee6fb93cde23:0xb704c8cc56f2547e,Riad Shama,hotel,favorite,
Morocco,31.6368611,-7.994693099999999,https://www.google.com/maps/place/Ryad+Amiran+SPA/data=!4m2!3m1!1s0xdafee65007f9099:0xa56e347091e0e7a9,Ryad Amiran SPA,other,favorite,
Morocco,31.626952499999998,-7.9931709,"https://www.google.com/maps/place/El+Fenn+Hotel,+Restaurant+and+Rooftop+Bar/data=!4m2!3m1!1s0xdafee5d4000e099:0x4c8cda334eec2b54","El Fenn Hotel, Restaurant and Rooftop Bar",bar,want to go,
Morocco,31.570638,-8.028903000000001,https://www.google.com/maps/place/Beldi+Country+Club/data=!4m2!3m1!1s0xdafef433680c277:0xb6d08dba582fd2dc,Beldi Country Club,club,want to go,
Morocco,31.623158099999998,-7.9847039,https://www.google.com/maps/place/La+Famille/data=!4m2!3m1!1s0xdafee468e8f6e81:0xc09af5a3e274f472,La Famille,restaurant,want to go,
Morocco,31.626423799999998,-7.986970000000001,https://www.google.com/maps/place/Le+Salama/data=!4m2!3m1!1s0xdafee422b547dcb:0x77d12fb6b8ea2d42,Le Salama,restaurant,want to go,
Morocco,31.6285931,-7.987530399999998,https://www.google.com/maps/place/Nomad/data=!4m2!3m1!1s0xdafee42094a4f09:0xd73943db8d0a0e50,Nomad,restaurant,want to go,
Morocco,31.631829899999996,-7.991656299999998,https://www.google.com/maps/place/Riad+Jaaneman/data=!4m2!3m1!1s0xdafee6880cfee67:0xe653fbc2a3490c9c,Riad Jaaneman,hotel,want to go,
Morocco,31.625800499999997,-7.9851886,https://www.google.com/maps/place/Riad+ker+Saada/data=!4m2!3m1!1s0xdafee4112b9e1b7:0xb167d93645051752,Riad ker Saada,other,want to go,
Morschach,46.9610105,8.653679,https://www.google.com/maps/place/Gratwanderung+Stoos/data=!4m2!3m1!1s0x478545f53ece0cbb:0x4be6d6e56828d589,Gratwanderung Stoos,other,want to go,
Amsterdam,52.3673193,4.9019018999999995,https://www.google.com/maps/place/De+Hapjeshoek/data=!4m2!3m1!1s0x47c609bde4f2f865:0x822eaddd08ff6966,De Hapjeshoek,restaurant,want to go,
Mt Pleasant,32.7995715,-79.8893638,https://www.google.com/maps/place/Regal+Cinebarre+Mt.+Pleasant/data=!4m2!3m1!1s0x88fe70f6cf921afd:0xd722c5b1a344ca7f,Regal Cinebarre Mt. Pleasant,bar,favorite,true
Music store,25.0493529,121.5202225,https://www.google.com/maps/place/Waiting+Room/data=!4m2!3m1!1s0x3442a985bdc481c7:0x469d24a695a9e344,Waiting Room,shop,want to go,
Möckern,52.236682599999995,12.0594735,https://www.google.com/maps/place/McDonald's/data=!4m2!3m1!1s0x47a8ad4a5bd708f3:0x6463e11bd0135eec,McDonald's,restaurant,favorite,
Mölsheim,49.646575999999996,8.166962999999999,https://www.google.com/maps/place/Kl%C3%B6ter+Chicken+Ranch+-+Kl%C3%B6ter+Gastst%C3%A4tten+GmbH/data=!4m2!3m1!1s0x479625d5ce54be45:0x153a99a1f3dcdf0c,Klöter Chicken Ranch - Klöter Gaststätten GmbH,restaurant,favorite,
Mülheim an der Ruhr,51.4285393,6.879361599999999,https://www.google.com/maps/place/Makroscope/data=!4m2!3m1!1s0x47b8c112ae3dd3fd:0xadc7e0fef46cea2f,Makroscope,art,want to go,
München,48.1314923,11.585990999999998,https://www.google.com/maps/place/BLITZ+Club/data=!4m2!3m1!1s0x479ddf62d1638fd1:0x23608906958fc06b,BLITZ Club,club,favorite,
München,48.1424873,11.5600259,https://www.google.com/maps/place/Caf%C3%A9+Kosmos/data=!4m2!3m1!1s0x479e75fbc9b08a7d:0x70ef9fb83ad539ad,Café Kosmos,cafe,favorite,
München,48.1202469,11.570701900000001,https://www.google.com/maps/place/CHARLIE/data=!4m2!3m1!1s0x479ddf6a27dd7617:0xfeb464ba2ca2d25a,CHARLIE,club,favorite,
München,48.136075700000006,11.570507600000001,https://www.google.com/maps/place/KOMU/data=!4m2!3m1!1s0x479e75f59a397591:0xbbdee6ff14d48df4,KOMU,restaurant,favorite,
München,48.1434971,11.5579548,https://www.google.com/maps/place/SAUNA/data=!4m2!3m1!1s0x479e75fb8770af7d:0xddaa2021981e0173,SAUNA,club,favorite,
München,48.169796,11.588339,https://www.google.com/maps/place/Tantris/data=!4m2!3m1!1s0x479e75ca0a8821b5:0x2a229bc3d223efb0,Tantris,restaurant,favorite,
München,48.1584702,11.5422859,https://www.google.com/maps/place/YOUNGSTARS+PARLOUR/data=!4m2!3m1!1s0x479e777fb3ecb41b:0x2373262b8b428c2b,YOUNGSTARS PARLOUR,tattoo,favorite,
München,48.1376609,11.577170299999997,https://www.google.com/maps/place/BAR+TATAR+in+der+Schreiberei/data=!4m2!3m1!1s0x479e758b17900001:0x8ce11214bec02e00,BAR TATAR in der Schreiberei,bar,want to go,
München,48.1818655,11.611502000000002,https://www.google.com/maps/place/Kade/data=!4m2!3m1!1s0x479e75002fdaa315:0xcd22cac2dc07a7d2,Kade,club,want to go,
München,48.13594439999999,11.584233000000001,https://www.google.com/maps/place/Restaurant+Jin/data=!4m2!3m1!1s0x479e7589ad28456f:0x2bd7e0d62070b6ea,Restaurant Jin,restaurant,want to go,
Münstertal-Schwarzwald,47.8775209,7.837392299999999,https://www.google.com/maps/place/Romantik+Hotel+Spielweg/data=!4m2!3m1!1s0x4791016a20849a6f:0x2cfbf16685ff3d06,Romantik Hotel Spielweg,restaurant,want to go,
Na Moráni,50.0735818,14.4161455,https://www.google.com/maps/place/Budo+Mor%C3%A1%C5%88/data=!4m2!3m1!1s0x470b94f5d494e80d:0xafc0d4b91f08b9d0,Budo Moráň,shop,favorite,true
Nakagyo Ward,35.0072788,135.77081080000002,https://www.google.com/maps/place/Kichi+Kichi+Omurice/data=!4m2!3m1!1s0x60010894b20b41dd:0x98dd4445067a93b4,Kichi Kichi Omurice,restaurant,want to go,
Nakagyo Ward,35.005025800000006,135.764723,https://www.google.com/maps/place/Nishiki+Market/data=!4m2!3m1!1s0x6001089ccd8ccb4f:0xb69ea31001ec6c9c,Nishiki Market,flea market,want to go,
Nakhon Pathom,13.784659399999999,100.3280666,https://www.google.com/maps/place/Nai+Ngieb+Noodles+in+Fish+Ball+Soup/data=!4m2!3m1!1s0x30e2950d21e4ae83:0x6f8e92ec51094654,Nai Ngieb Noodles in Fish Ball Soup,restaurant,want to go,
Napa,38.297937,-122.284696,https://www.google.com/maps/place/The+Thomas/data=!4m2!3m1!1s0x808506688288635f:0xbe5dd052408ffe39,The Thomas,restaurant,favorite,true
Napoli NA,40.849756299999996,14.263300199999998,https://www.google.com/maps/place/L'Antica+Pizzeria+da+Michele/data=!4m2!3m1!1s0x133b083f8db6b079:0x5ab2972d7365b642,L'Antica Pizzeria da Michele,restaurant,want to go,
Narbonne,43.17438250000001,2.994222,https://www.google.com/maps/place/Les+Grands+Buffets/data=!4m2!3m1!1s0x12b1acf58fe5f283:0x6d61348e6452886f,Les Grands Buffets,restaurant,want to go,
Nashville,36.173947,-86.76132059999999,https://www.google.com/maps/place/Bolton's+Spicy+Chicken+%26+Fish/data=!4m2!3m1!1s0x886466357b35e889:0xa42cf670d006a8a,Bolton's Spicy Chicken & Fish,restaurant,want to go,
Nashville,36.1825557,-86.7485355,https://www.google.com/maps/place/Chopper/data=!4m2!3m1!1s0x8864670d67944c79:0x1e13a8fac7504acb,Chopper,bar,want to go,
Nashville,36.1642723,-86.7784921,https://www.google.com/maps/place/Daddy%E2%80%99s+Dogs/data=!4m2!3m1!1s0x886467c92d1a0977:0xff11758eecd452a7,Daddy’s Dogs,restaurant,want to go,
Nashville,36.1273778,-86.7893698,https://www.google.com/maps/place/Locust/data=!4m2!3m1!1s0x88646577d8143965:0xbcd0a4aca1795efd,Locust,restaurant,want to go,
Nashville,36.1825636,-86.7485344,https://www.google.com/maps/place/Maiz+De+La+Vida/data=!4m2!3m1!1s0x88643b32ce1feec9:0xf050bb6fe845389d,Maiz De La Vida,restaurant,want to go,
Nashville,36.1891848,-86.7462619,https://www.google.com/maps/place/Pelican+%26+Pig/data=!4m2!3m1!1s0x886467f6cd76f7c9:0x18329e6f6c33c6e6,Pelican & Pig,restaurant,want to go,
Nashville,36.1505934,-86.778688,https://www.google.com/maps/place/The+Catbird+Seat/data=!4m2!3m1!1s0x88646692495f7bab:0x44c610fe5e04492e,The Catbird Seat,restaurant,want to go,
Nashville,36.17511699999999,-86.7566362,https://www.google.com/maps/place/Joyland+Restaurant/data=!4m2!3m1!1s0x886467a19465d991:0x642adfc884eee6c0,Joyland Restaurant,restaurant,want to go,
Nave-sul. Átrio Público Partidas,38.7694579,-9.1295086,https://www.google.com/maps/place/CTT+Aeroporto/data=!4m2!3m1!1s0xd193244255aaab3:0x3f7e049c0f18f93,CTT Aeroporto,other,want to go,
Amsterdam,52.3872042,4.8827514,https://www.google.com/maps/place/Queen+of+Tarts/data=!4m2!3m1!1s0x47c609b8bb179ec9:0x17a30dd4a1633c0b,Queen of Tarts,art,want to go,
Neißeaue,51.295722,15.0169553,https://www.google.com/maps/place/Turisede+Amusement+Park+%26+Tree+Hotel/data=!4m2!3m1!1s0x4708c25218b7ebf9:0x48b0765fe63b3dc4,Turisede Amusement Park & Tree Hotel,hotel,want to go,
Neubrandenburg,53.5577058,13.2608587,https://www.google.com/maps/place/Turmcaf%C3%A9-nb/data=!4m2!3m1!1s0x47abc372e19a53ff:0xd2e63c865a9989,Turmcafé-nb,cafe,favorite,
Neubrandenburg,53.561446000000004,13.2563617,https://www.google.com/maps/place/Last+Orders+Pub/data=!4m2!3m1!1s0x47abc30b825d37eb:0xc91c2d62e20cd66f,Last Orders Pub,bar,want to go,
Neubrandenburg,53.56098559999999,13.252694199999999,https://www.google.com/maps/place/Nobel-Hobel/data=!4m2!3m1!1s0x47abc30c014f7801:0xfe8b62f56e4bd504,Nobel-Hobel,hotel,want to go,
Neubrandenburg,53.553759299999996,13.261379199999995,https://www.google.com/maps/place/Stargarder+Tor/data=!4m2!3m1!1s0x47abc36d98f11129:0x120961237edb1971,Stargarder Tor,experience,want to go,
New Glarus,42.8177027,-89.6292414,https://www.google.com/maps/place/New+Glarus+Brewing+Company/data=!4m2!3m1!1s0x8807c151f0f06799:0x1f05a1dd8eef666f,New Glarus Brewing Company,bar,want to go,
New Orleans,29.963808099999998,-90.0719561,https://www.google.com/maps/place/Fritai/data=!4m2!3m1!1s0x8620a7e56b4aedcd:0xc6ebd2fd0b587d9e,Fritai,restaurant,want to go,
New Orleans,29.927929300000006,-90.0789655,https://www.google.com/maps/place/Molly's+Rise+and+Shine/data=!4m2!3m1!1s0x8620a5988f0227c9:0x7a37504488ca260,Molly's Rise and Shine,restaurant,want to go,
New Orleans,29.9271843,-90.07433929999999,https://www.google.com/maps/place/Turkey+%26+the+Wolf/data=!4m2!3m1!1s0x8620a6800491c2b5:0x3adc0fd5ca546eff,Turkey & the Wolf,shop,want to go,
New Orleans,29.9479257,-90.0674355,https://www.google.com/maps/place/Old+No.+77+Hotel/data=!4m2!3m1!1s0x8620a672563559d9:0x13828c48f59495f1,Old No. 77 Hotel,hotel,want to go,
NYC,40.729208299999996,-73.98441500000001,https://www.google.com/maps/place/Momofuku+Noodle+Bar/data=!4m2!3m1!1s0x89c25983fc377491:0x37263a6ebc19be13,Momofuku Noodle Bar,bar,favorite,
NYC,40.731075499999996,-73.9883598,https://www.google.com/maps/place/Ruby's+Cafe/data=!4m2!3m1!1s0x89c259cc2ccd5ef9:0xd4f24bdc53986ac1,Ruby's Cafe,cafe,favorite,
NYC,40.7189292,-73.9858958,https://www.google.com/maps/place/Spreadhouse+Cafe/data=!4m2!3m1!1s0x89c2598e91e40fad:0x22d1d83a69468b66,Spreadhouse Cafe,cafe,favorite,
NYC,40.74540890000001,-73.993284,https://www.google.com/maps/place/2nd+STREET+Chelsea/data=!4m2!3m1!1s0x89c2596e1d7aef9f:0x1896d8d4af376d82,2nd STREET Chelsea,shop,favorite,
NYC,40.724527800000004,-73.97811109999999,https://www.google.com/maps/place/40%C2%B043'28.3%22N+73%C2%B058'41.2%22W/data=!4m2!3m1!1s0x89c25979f8f33a71:0x57c6da8d95876c9b,"40°43'28.3""N 73°58'41.2""W",other,favorite,true
NYC,40.7287968,-73.9887127,https://www.google.com/maps/place/886/data=!4m2!3m1!1s0x89c2599c7fcbb829:0x7b5e34986081ae61,886,restaurant,favorite,
NYC,40.7185311,-74.0055695,https://www.google.com/maps/place/All+Good+Things/data=!4m2!3m1!1s0x89c25a2008b56227:0x16dedd88a14851f,All Good Things,shop,favorite,true
NYC,40.722589799999994,-73.98837639999999,https://www.google.com/maps/place/Army+%26+Navy+Bags/data=!4m2!3m1!1s0x89c259838cf909eb:0x8742674f403b1920,Army & Navy Bags,shop,favorite,
NYC,40.7145423,-73.99156529999999,https://www.google.com/maps/place/Bacaro/data=!4m2!3m1!1s0x89c25a29ab92b3d5:0xb81c35d63dcc5cc3,Bacaro,restaurant,favorite,
NYC,40.72266799999999,-73.99822979999999,https://www.google.com/maps/place/Balthazar/data=!4m2!3m1!1s0x89c259892cccb7b7:0xbf8343b3f54c1b09,Balthazar,restaurant,favorite,
NYC,40.7257392,-73.9995285,https://www.google.com/maps/place/Blu+Dot/data=!4m2!3m1!1s0x89c2598e66984309:0xf1eb9f080a5b63a4,Blu Dot,shop,favorite,true
NYC,40.742998899999996,-74.0066978,https://www.google.com/maps/place/Bowery+Kitchen+Supplies/data=!4m2!3m1!1s0x89c259bf144c69c3:0x9c7a81c94588008a,Bowery Kitchen Supplies,shop,favorite,true
NYC,40.745034,-73.99233800000002,https://www.google.com/maps/place/Buffalo+Exchange/data=!4m2!3m1!1s0x89c259a50e649e29:0xcbf0f170ef5513f2,Buffalo Exchange,shop,favorite,
NYC,40.720479999999995,-74.000957,https://www.google.com/maps/place/CB2/data=!4m2!3m1!1s0x89c2598a2caa922d:0x24746a5c5ed1ef5c,CB2,shop,favorite,
NYC,40.721264,-73.9838497,https://www.google.com/maps/place/Clinton+St.+Baking+Company/data=!4m2!3m1!1s0x89c259821bab0de1:0xc97c4df9856335f1,Clinton St. Baking Company,restaurant,favorite,
NYC,40.7149913,-73.9917124,https://www.google.com/maps/place/Coming+Soon/data=!4m2!3m1!1s0x89c25a29c9536351:0xffbe03f1e3530a14,Coming Soon,shop,favorite,
NYC,40.725919999999995,-73.9846452,https://www.google.com/maps/place/Death+%26+Company/data=!4m2!3m1!1s0x89c2599d344c4d29:0xf2d675ae58a2b743,Death & Company,bar,favorite,
NYC,40.739424199999995,-73.9924001,https://www.google.com/maps/place/Dough+Doughnuts/data=!4m2!3m1!1s0x89c25b95afd60215:0xe10552c10c47bb9d,Dough Doughnuts,shop,favorite,
NYC,40.74204499999999,-73.9900845,https://www.google.com/maps/place/Eataly+NYC+Flatiron/data=!4m2!3m1!1s0x89c259a4119ce269:0x9dec0c979b575972,Eataly NYC Flatiron,shop,favorite,
NYC,40.7137006,-73.997193,https://www.google.com/maps/place/Golden+Unicorn/data=!4m2!3m1!1s0x89c25a2665c2cc5d:0xede58acf7633b27a,Golden Unicorn,restaurant,favorite,
NYC,40.7414688,-74.0033873,https://www.google.com/maps/place/Google/data=!4m2!3m1!1s0x89c259bf5c1654f3:0xc80f9cfce5383d5d,Google,other,favorite,
NYC,40.7185522,-73.9921884,https://www.google.com/maps/place/Ha's+Dac+Biet/data=!4m2!3m1!1s0x89c259004491e3fb:0x590b42e96cca938e,Ha's Dac Biet,restaurant,favorite,true
NYC,40.7442451,-73.9906286,https://www.google.com/maps/place/Hanjan/data=!4m2!3m1!1s0x89c259a5b776414d:0xbe8fae94d22c97cb,Hanjan,restaurant,favorite,true
NYC,40.72072999999999,-73.997102,https://www.google.com/maps/place/Happy+Bones/data=!4m2!3m1!1s0x89c259855420a911:0x7ca10593ce39c5,Happy Bones,cafe,favorite,
NYC,40.7405933,-73.9896246,https://www.google.com/maps/place/Harry+Potter+New+York/data=!4m2!3m1!1s0x89c25918e96a6ceb:0x481f7c32c685918f,Harry Potter New York,shop,favorite,
NYC,40.798662900000004,-73.966588,https://www.google.com/maps/place/HI+New+York+City+Hostel/data=!4m2!3m1!1s0x89c2f6246837073b:0xc9dcfc4023c86664,HI New York City Hostel,hotel,favorite,
NYC,40.78288919999999,-73.9788567,https://www.google.com/maps/place/Jing+Fong/data=!4m2!3m1!1s0x89c25a27a4786b25:0x1181c2aa6ceec015,Jing Fong,restaurant,favorite,
NYC,40.724319799999996,-73.9784447,https://www.google.com/maps/place/Kafana/data=!4m2!3m1!1s0x89c25979dd8915a1:0x4731dcb3a23ecf1b,Kafana,restaurant,favorite,
NYC,40.7162194,-73.99976319999999,https://www.google.com/maps/place/Lalito/data=!4m2!3m1!1s0x89c25a273af1d23b:0xfa21fa076480a8a9,Lalito,restaurant,favorite,true
NYC,40.743930999999996,-73.98127149999999,https://www.google.com/maps/place/Lallisse/data=!4m2!3m1!1s0x89c259086a57c3b1:0x438764790a796f1c,Lallisse,restaurant,favorite,true
NYC,40.720540899999996,-73.9883859,https://www.google.com/maps/place/Ludlow+House/data=!4m2!3m1!1s0x89c259814e593579:0x77fe9614771c013a,Ludlow House,club,favorite,
NYC,40.713913999999995,-73.98969559999999,https://www.google.com/maps/place/Mission/data=!4m2!3m1!1s0x89c2598152ae11f1:0x778df2824b1172c1,Mission,restaurant,favorite,true
NYC,40.726811,-74.0018583,https://www.google.com/maps/place/Navy/data=!4m2!3m1!1s0x89c2598dea8350ab:0xd02d19f49b11f135,Navy,restaurant,favorite,true
NYC,40.719288899999995,-73.9848028,https://www.google.com/maps/place/Pig+and+Khao/data=!4m2!3m1!1s0x89c25981bc0101af:0x6f023e0cb73a8463,Pig and Khao,restaurant,favorite,
NYC,40.72713709999999,-73.98374110000002,https://www.google.com/maps/place/Please+Don't+Tell/data=!4m2!3m1!1s0x89c2599d65feae6f:0x9d16a571af581047,Please Don't Tell,bar,favorite,
NYC,40.7290674,-73.9781228,https://www.google.com/maps/place/Pouring+Ribbons/data=!4m2!3m1!1s0x89c25976a4bc51e1:0x78de16f650691f7e,Pouring Ribbons,bar,favorite,
NYC,40.723919,-73.99597589999999,https://www.google.com/maps/place/Pravda+New+York/data=!4m2!3m1!1s0x89c2598f6cb3b435:0x8e8f9b000aebd92a,Pravda New York,restaurant,favorite,true
NYC,40.7387132,-73.9946006,https://www.google.com/maps/place/Raines+Law+Room+Chelsea/data=!4m2!3m1!1s0x89c259a2cd05eba7:0x450ebfcb32992677,Raines Law Room Chelsea,bar,favorite,
NYC,40.72166669999999,-73.9855556,https://www.google.com/maps/place/Remedy+Diner/data=!4m2!3m1!1s0x89c25982316de51f:0x87c12a9da7df5121,Remedy Diner,other,favorite,
NYC,40.7595127,-73.98046409999999,https://www.google.com/maps/place/Rough+Trade+NYC/data=!4m2!3m1!1s0x89c25967f4a0ce91:0xbe1b892d08329d22,Rough Trade NYC,shop,favorite,
NYC,40.7225803,-73.9883134,https://www.google.com/maps/place/Russ+%26+Daughters/data=!4m2!3m1!1s0x89c259838d0451ed:0x28bb3770b1dd464b,Russ & Daughters,shop,favorite,
NYC,40.722555,-74.008585,https://www.google.com/maps/place/Schoolhouse/data=!4m2!3m1!1s0x89c259f4ee7ce2cd:0x33a9df078fd9dc08,Schoolhouse,shop,favorite,true
NYC,40.7653714,-73.98308279999999,https://www.google.com/maps/place/Soba+Noodle+Azuma/data=!4m2!3m1!1s0x89c2585800d2958d:0x6aeaa94bb09d73d3,Soba Noodle Azuma,shop,favorite,
NYC,40.72402290000001,-73.9938545,https://www.google.com/maps/place/Tacombi/data=!4m2!3m1!1s0x89c259859afcf075:0x6ba12d708df1ab3b,Tacombi,restaurant,favorite,
NYC,40.7207143,-73.99565,https://www.google.com/maps/place/Thai+Diner/data=!4m2!3m1!1s0x89c259e1eb6b2143:0xf8ef42b02bc96daf,Thai Diner,restaurant,favorite,
NYC,40.72926650000001,-73.9987786,https://www.google.com/maps/place/The+Dove+Parlour/data=!4m2!3m1!1s0x89c25991bc0f029d:0x58bc2ddebc54709d,The Dove Parlour,bar,favorite,true
NYC,40.7265833,-73.9936417,https://www.google.com/maps/place/The+Smile/data=!4m2!3m1!1s0x89c2598549614711:0xeabb687a523e20d4,The Smile,restaurant,favorite,
NYC,40.74728,-74.0047984,https://www.google.com/maps/place/T%C3%ADa+Pol/data=!4m2!3m1!1s0x89c259b83eed18f1:0xceb40ab57cc49555,Tía Pol,restaurant,favorite,
NYC,40.72137779999999,-73.9943972,https://www.google.com/maps/place/Uncle+Boons/data=!4m2!3m1!1s0x89c259861c05d8e5:0xd5652f97f2376594,Uncle Boons,restaurant,favorite,true
NYC,40.7218606,-73.9926692,https://www.google.com/maps/place/Untitled+at+3+Freeman+Alley/data=!4m2!3m1!1s0x89c2594cb9280e7b:0xcc2ab32a33f7d4c2,Untitled at 3 Freeman Alley,hotel,favorite,
NYC,40.722012,-73.98799919999999,https://www.google.com/maps/place/Zucco/data=!4m2!3m1!1s0x89c25983ee3a9627:0xc6f42101d4baf838,Zucco,restaurant,favorite,true
NYC,40.72424979999999,-73.9789883,https://www.google.com/maps/place/Zum+Schneider+NYC/data=!4m2!3m1!1s0x89c25979dcad5647:0xeb77bc74cd054f06,Zum Schneider NYC,restaurant,favorite,true
NYC,40.72523849999999,-73.984342,https://www.google.com/maps/place/Somtum+Der/data=!4m2!3m1!1s0x89c25982b641fd63:0x8e5b0fd1a57ec0fa,Somtum Der,park,favorite,
NYC,40.72450599999999,-73.99286699999999,https://www.google.com/maps/place/Chef+Restaurant+Supplies/data=!4m2!3m1!1s0x89c25985099b1985:0x80d376e5970c670a,Chef Restaurant Supplies,restaurant,favorite,
NYC,40.7177113,-74.00448329999999,https://www.google.com/maps/place/Billy's+Bakery/data=!4m2!3m1!1s0x89c25a2068d37b29:0xa3762b778335afa8,Billy's Bakery,bakery,want to go,
NYC,40.7773553,-73.9552613,https://www.google.com/maps/place/Levain+Bakery+-+Upper+East+Side/data=!4m2!3m1!1s0x89c259ff4563b743:0xf3755323f76bb77a,Levain Bakery - Upper East Side,bakery,want to go,
NYC,40.7391283,-73.9881953,https://www.google.com/maps/place/Lys%C3%A9e/data=!4m2!3m1!1s0x89c2596ac07cd8c3:0xb8aa92d60c6bd28a,Lysée,bakery,want to go,
NYC,40.7636385,-73.9947182,https://www.google.com/maps/place/Sullivan+Street+Bakery/data=!4m2!3m1!1s0x89c25851d7f66eed:0x5c54863a6515f55b,Sullivan Street Bakery,bakery,want to go,
NYC,40.73308869999999,-73.9902141,https://www.google.com/maps/place/Unregular+Bakery/data=!4m2!3m1!1s0x89c2594b2d0c64e7:0x63a354b147b80567,Unregular Bakery,bakery,want to go,
NYC,40.7138889,-73.9897222,https://www.google.com/maps/place/169+Bar/data=!4m2!3m1!1s0x89c25a2977d1e555:0x9132324f2de48525,169 Bar,bar,want to go,
NYC,40.732934799999995,-74.0034603,https://www.google.com/maps/place/Bar+Pisellino/data=!4m2!3m1!1s0x89c259f5369f4b1d:0xa7e350947b64ee68,Bar Pisellino,bar,want to go,
NYC,40.768279,-73.9828769,https://www.google.com/maps/place/B%C4%81ng+Bar/data=!4m2!3m1!1s0x89c259533920ed1b:0xf4aba1c4a3bbbb54,Bāng Bar,bar,want to go,
NYC,40.72051570000001,-73.9981652,https://www.google.com/maps/place/La+Compagnie+des+Vins+Surnaturels/data=!4m2!3m1!1s0x89c259890423d52d:0xf6a2ea4a3192b113,La Compagnie des Vins Surnaturels,bar,want to go,
NYC,40.71459499999999,-73.998267,https://www.google.com/maps/place/Lei/data=!4m2!3m1!1s0x89c25b0033d4de5f:0x174933560f655420,Lei,bar,want to go,
NYC,40.737611099999995,-73.9891583,https://www.google.com/maps/place/Old+Town+Bar/data=!4m2!3m1!1s0x89c259a22241efc3:0x47fed87e18b07624,Old Town Bar,bar,want to go,
NYC,40.721182,-73.992504,https://www.google.com/maps/place/Ray%E2%80%99s/data=!4m2!3m1!1s0x89c2593ce2c5ab29:0x9628c28786871ea6,Ray’s,bar,want to go,
NYC,40.726376,-73.9864745,https://www.google.com/maps/place/schmuck./data=!4m2!3m1!1s0x89c2590077fd65ab:0x74ceb66d0bd25576,schmuck.,bar,want to go,
NYC,40.738299999999995,-74.0094167,https://www.google.com/maps/place/The+Jane+Hotel/data=!4m2!3m1!1s0x89c259955a4f5839:0x31c1bad4b65ed0c5,The Jane Hotel,bar,want to go,
NYC,40.713825,-73.9953355,https://www.google.com/maps/place/Winnie%E2%80%99s+Bar/data=!4m2!3m1!1s0x89c25b9c41ba71c3:0x6ba067746dc0706f,Winnie’s Bar,bar,want to go,
NYC,40.727685099999995,-74.00048509999999,https://www.google.com/maps/place/ZZ's+Clam+Bar/data=!4m2!3m1!1s0x89c2598e00df05c9:0x22edc6a8fe15c399,ZZ's Clam Bar,bar,want to go,
NYC,40.725501799999996,-73.99477739999999,https://www.google.com/maps/place/Gasoline+Alley+Coffee/data=!4m2!3m1!1s0x89c2598f884b4abb:0x2fabb152e5edbf1d,Gasoline Alley Coffee,cafe,want to go,
NYC,40.7197434,-73.9895105,https://www.google.com/maps/place/Good+Thanks+Cafe/data=!4m2!3m1!1s0x89c259a31b639d95:0x90a673b3e3ed8540,Good Thanks Cafe,cafe,want to go,
NYC,40.7242903,-74.001961,https://www.google.com/maps/place/Ground+Support+Cafe/data=!4m2!3m1!1s0x89c2598c15907921:0x194df40b518f1187,Ground Support Cafe,cafe,want to go,
NYC,40.7563374,-73.9664884,https://www.google.com/maps/place/212+Steakhouse/data=!4m2!3m1!1s0x89c258e3c19cabbd:0xb514cbc3d0f7361d,212 Steakhouse,other,want to go,
NYC,40.7196523,-73.9884113,https://www.google.com/maps/place/375%C2%B0+Chicken+'n+Fries/data=!4m2!3m1!1s0x89c2598131459005:0x9297fb18d0300a47,375° Chicken 'n Fries,restaurant,want to go,
NYC,40.7196111,-74.00097219999999,https://www.google.com/maps/place/40%C2%B043'10.6%22N+74%C2%B000'03.5%22W/data=!4m2!3m1!1s0x89c2598a2427e77b:0x332e1384473ab5c4,"40°43'10.6""N 74°00'03.5""W",other,want to go,
NYC,40.73777499999999,-73.9896167,https://www.google.com/maps/place/abc+kitchen/data=!4m2!3m1!1s0x89c259a222887949:0x7fa97785ae431822,abc kitchen,restaurant,want to go,
NYC,40.7575809,-73.9981332,https://www.google.com/maps/place/Ada's+Place/data=!4m2!3m1!1s0x89c25916c2176037:0x814380566e8fdfa3,Ada's Place,bar,want to go,
NYC,40.7181473,-74.00482,https://www.google.com/maps/place/AIRE+Ancient+Baths+New+York/data=!4m2!3m1!1s0x89c25a206d5e73eb:0x7fb77b50ca8f3b9c,AIRE Ancient Baths New York,other,want to go,
NYC,40.78132409999999,-73.9739882,https://www.google.com/maps/place/American+Museum+of+Natural+History/data=!4m2!3m1!1s0x89c258f4b00f7a09:0xa27d8172624c5db1,American Museum of Natural History,art,want to go,
NYC,40.8025958,-73.9501971,https://www.google.com/maps/place/Amy+Ruth's/data=!4m2!3m1!1s0x89c2f611ab995fed:0x5c12a83e012a1c1,Amy Ruth's,restaurant,want to go,
NYC,40.7144,-73.99817999999999,https://www.google.com/maps/place/Apotheke/data=!4m2!3m1!1s0x89c25a26f12e1137:0x16c8e1352e0c1901,Apotheke,bar,want to go,
NYC,40.718882,-73.99137999999999,https://www.google.com/maps/place/Attaboy/data=!4m2!3m1!1s0x89c25987040cb40d:0x20e5151ff00b2e55,Attaboy,bar,want to go,
NYC,40.73378729999999,-74.005496,https://www.google.com/maps/place/Big+Night/data=!4m2!3m1!1s0x89c259520214d4b1:0x3db4bf5b0afbd1e4,Big Night,shop,want to go,
NYC,40.7440305,-73.98547150000002,https://www.google.com/maps/place/Blu+Dot/data=!4m2!3m1!1s0x89c259a7b7609bcd:0x16a01c5d4a8c44fb,Blu Dot,shop,want to go,true
NYC,40.7320465,-73.9996685,https://www.google.com/maps/place/Blue+Hill/data=!4m2!3m1!1s0x89c259914454d08b:0xdb5d5d0c22afca0d,Blue Hill,restaurant,want to go,
NYC,40.764215,-73.97855969999999,https://www.google.com/maps/place/burger+joint/data=!4m2!3m1!1s0x89c258f9e15bf1c1:0xafe511716724bf3f,burger joint,restaurant,want to go,
NYC,40.732625899999995,-74.00432839999999,https://www.google.com/maps/place/Buvette/data=!4m2!3m1!1s0x89c2599371d90113:0x93a1212483085df3,Buvette,restaurant,want to go,
NYC,40.7147533,-73.99078089999999,https://www.google.com/maps/place/Clandestino/data=!4m2!3m1!1s0x89c25a2a0f5d99d1:0x94ea58f30d0bf2ff,Clandestino,bar,want to go,
NYC,40.720301,-73.9930462,https://www.google.com/maps/place/Cocoron/data=!4m2!3m1!1s0x89c259889ec882a9:0x94b396ae47745bc9,Cocoron,shop,want to go,
NYC,40.7397859,-73.9843032,https://www.google.com/maps/place/Comodo/data=!4m2!3m1!1s0x89c2598d8dedb9dd:0x9aa4070357d2cbd8,Comodo,restaurant,want to go,
NYC,40.7376901,-74.0037742,https://www.google.com/maps/place/Cubbyhole/data=!4m2!3m1!1s0x89c25995777bcd01:0xc3382e79d491615,Cubbyhole,bar,want to go,
NYC,40.718242599999996,-73.9879902,https://www.google.com/maps/place/Dhamaka/data=!4m2!3m1!1s0x89c259ed25db2327:0x376080ea1043c7bb,Dhamaka,restaurant,want to go,
NYC,40.714970799999996,-73.991567,https://www.google.com/maps/place/Dimes/data=!4m2!3m1!1s0x89c25a29a6e65c83:0x2f598f5e48e9dbd6,Dimes,cafe,want to go,
NYC,40.7378037,-74.00209389999999,https://www.google.com/maps/place/Don+Angie/data=!4m2!3m1!1s0x89c25995f4b5107f:0xb7d70b00818a6b5f,Don Angie,restaurant,want to go,
NYC,40.7163226,-73.9886495,https://www.google.com/maps/place/Doughnut+Plant/data=!4m2!3m1!1s0x89c25a2a074b26d9:0x5d638c1617230de6,Doughnut Plant,shop,want to go,
NYC,40.7441358,-73.98177299999999,https://www.google.com/maps/place/Dover+Street+Market/data=!4m2!3m1!1s0x89c25908147e2f4d:0x708cff5aee1ebb71,Dover Street Market,shop,want to go,
NYC,40.72623139999999,-73.99000459999999,https://www.google.com/maps/place/Ella+Funt/data=!4m2!3m1!1s0x89c25961591257a1:0x8aaeb163644eb38d,Ella Funt,other,want to go,
NYC,40.7273322,-74.0024485,https://www.google.com/maps/place/Emmett's/data=!4m2!3m1!1s0x89c2598d915410ab:0x51cb210c4b2de633,Emmett's,restaurant,want to go,
NYC,40.7142731,-73.9854371,https://www.google.com/maps/place/Ernesto's/data=!4m2!3m1!1s0x89c25b94fec7a4c9:0xbc005d2c0f9584a7,Ernesto's,restaurant,want to go,
NYC,40.7561836,-73.9701973,https://www.google.com/maps/place/Ess-a-Bagel/data=!4m2!3m1!1s0x89c258e324502567:0x526c7b526bf4ab10,Ess-a-Bagel,shop,want to go,
NYC,40.7246254,-73.9987757,https://www.google.com/maps/place/Fanelli+Caf%C3%A9/data=!4m2!3m1!1s0x89c2598eede478ef:0xa80cdf61092779f1,Fanelli Café,restaurant,want to go,
NYC,40.7284097,-74.00433,https://www.google.com/maps/place/Film+Forum/data=!4m2!3m1!1s0x89c2598d62ba7a5b:0x5b2c96dc784c7ac2,Film Forum,other,want to go,
NYC,40.7197867,-73.9848624,https://www.google.com/maps/place/Fluffies+Hot+Chicken+-+LES/data=!4m2!3m1!1s0x89c259001629d6c7:0x97e3a2a7b01a1fe7,Fluffies Hot Chicken - LES,restaurant,want to go,
NYC,40.7220379,-73.9924233,https://www.google.com/maps/place/Freemans/data=!4m2!3m1!1s0x89c25985d782c045:0x63207e6fa38398bc,Freemans,restaurant,want to go,
NYC,40.7167321,-73.9931816,https://www.google.com/maps/place/Fussy/data=!4m2!3m1!1s0x89c25bd4cfb7e9f9:0x12da75fee232c0d2,Fussy,shop,want to go,
NYC,40.7331466,-73.99877819999999,https://www.google.com/maps/place/Goods+For+The+Study/data=!4m2!3m1!1s0x89c25996c92cf403:0x68367f5aefd4550c,Goods For The Study,shop,want to go,
NYC,40.7384555,-73.98850639999999,https://www.google.com/maps/place/Gramercy+Tavern/data=!4m2!3m1!1s0x89c259a1820824bd:0x2b79dcdc251b8415,Gramercy Tavern,restaurant,want to go,
NYC,40.7150213,-73.997071,https://www.google.com/maps/place/Great+NY+Noodletown/data=!4m2!3m1!1s0x89c25a26531815c7:0x2ac264f74bc5f997,Great NY Noodletown,restaurant,want to go,
NYC,40.715231700000004,-73.99420660000001,https://www.google.com/maps/place/HAPPY99/data=!4m2!3m1!1s0x89c25bcfb985ff63:0x58148752cf894fac,HAPPY99,shop,want to go,
NYC,40.7643481,-73.9855722,https://www.google.com/maps/place/Hide-Chan+Ramen/data=!4m2!3m1!1s0x89c25857994b29bf:0x79989a3d371b2c14,Hide-Chan Ramen,restaurant,want to go,
NYC,40.717601699999996,-73.9997659,https://www.google.com/maps/place/Index/data=!4m2!3m1!1s0x89c25b4360da6e31:0xd2227f6cfdd53148,Index,other,want to go,
NYC,40.7911551,-73.9690457,https://www.google.com/maps/place/Jacob's+Pickles/data=!4m2!3m1!1s0x89c25884484ee809:0x22a2b5cc2aa388b3,Jacob's Pickles,restaurant,want to go,
NYC,40.7507861,-73.9864611,https://www.google.com/maps/place/Keens+Steakhouse/data=!4m2!3m1!1s0x89c259a92938cde7:0xa89dbb19d96569cc,Keens Steakhouse,other,want to go,
NYC,40.734787999999995,-74.004958,https://www.google.com/maps/place/L'OBJET/data=!4m2!3m1!1s0x89c25994eab851b7:0xdd5e18b6a8365b1d,L'OBJET,shop,want to go,
NYC,40.729445899999995,-73.9868353,https://www.google.com/maps/place/La+Cabra/data=!4m2!3m1!1s0x89c259e94678df4f:0x6dddc4c5f900a76,La Cabra,cafe,want to go,
NYC,40.7408249,-74.0079698,https://www.google.com/maps/place/Le+Bain/data=!4m2!3m1!1s0x89c259c06677ef37:0xa4ce5b3f2e1e2aa7,Le Bain,club,want to go,
NYC,40.761421799999994,-73.9817558,https://www.google.com/maps/place/Le+Bernardin/data=!4m2!3m1!1s0x89c25947ea10b457:0x6548e99cd73a1e6b,Le Bernardin,restaurant,want to go,
NYC,40.71476,-73.99094339999999,https://www.google.com/maps/place/Le+Dive/data=!4m2!3m1!1s0x89c25b44d3d085a3:0xced6a4583d9f6aa2,Le Dive,bar,want to go,
NYC,40.7575931,-73.9979884,https://www.google.com/maps/place/Legacy+Records/data=!4m2!3m1!1s0x89c2584cd2328203:0xe477c11e0bbcc2f3,Legacy Records,restaurant,want to go,
NYC,40.737684,-74.0040136,https://www.google.com/maps/place/Les+Trois+Chevaux/data=!4m2!3m1!1s0x89c259b83bd01065:0x95227602b52c0b27,Les Trois Chevaux,restaurant,want to go,
NYC,40.7330955,-73.9981009,https://www.google.com/maps/place/Mace/data=!4m2!3m1!1s0x89c25977448ab0db:0xb5f9e20a45e1c900,Mace,bar,want to go,
NYC,40.7271235,-73.98818560000001,https://www.google.com/maps/place/Mayamezcal/data=!4m2!3m1!1s0x89c2599cbca93027:0x56fe6712f664de21,Mayamezcal,bar,want to go,
NYC,40.71896459999999,-74.0101127,https://www.google.com/maps/place/Meadow+Lane/data=!4m2!3m1!1s0x89c25b7d1dd4f3c9:0x9fe063c93222caff,Meadow Lane,shop,want to go,
NYC,40.7151726,-73.9989063,https://www.google.com/maps/place/Mei+Lai+Wah/data=!4m2!3m1!1s0x89c25a2706a57733:0x2a57a93e7c2a324,Mei Lai Wah,restaurant,want to go,
NYC,40.723998,-73.98294899999999,https://www.google.com/maps/place/Minca/data=!4m2!3m1!1s0x89c2597874df74b1:0xc25e55f62818c3f2,Minca,restaurant,want to go,
NYC,40.721582999999995,-73.99304339999999,https://www.google.com/maps/place/Morgenstern's+Finest+Ice+Cream/data=!4m2!3m1!1s0x89c2598673e4a61d:0xc9ce3cab29b57b36,Morgenstern's Finest Ice Cream,shop,want to go,
NYC,40.727249799999996,-73.99986779999999,https://www.google.com/maps/place/Morgenstern%E2%80%99s+Finest+Ice+Cream/data=!4m2!3m1!1s0x89c259549cf1617d:0x85dedf8de6c323a7,Morgenstern’s Finest Ice Cream,shop,want to go,
NYC,40.7271443,-73.9854189,https://www.google.com/maps/place/M%C3%A1L%C3%A0+Project/data=!4m2!3m1!1s0x89c2599d18426333:0xc8d3339791c26903,MáLà Project,restaurant,want to go,
NYC,40.7186071,-73.99972919999999,https://www.google.com/maps/place/New+Top+Jewelry/data=!4m2!3m1!1s0x89c25989e57d3a05:0x948f3de77bc162fe,New Top Jewelry,other,want to go,
NYC,40.725913399999996,-73.98346140000001,https://www.google.com/maps/place/Niagara/data=!4m2!3m1!1s0x89c2599d513be0ab:0x24e2dbea66c7d90b,Niagara,bar,want to go,
NYC,40.7145089,-73.998188,https://www.google.com/maps/place/Nom+Wah+Tea+Parlor/data=!4m2!3m1!1s0x89c25a26f0c50bab:0x3d1851088da22ec2,Nom Wah Tea Parlor,restaurant,want to go,
NYC,40.72535740000001,-73.9833014,https://www.google.com/maps/place/Nowon/data=!4m2!3m1!1s0x89c259ac4080178d:0x5f2796bd79da7a9e,Nowon,restaurant,want to go,
NYC,40.7221555,-74.00367419999999,https://www.google.com/maps/place/Papatzul+Soho/data=!4m2!3m1!1s0x89c2598898b94fcf:0x2cc53c77fc0be91a,Papatzul Soho,restaurant,want to go,
NYC,40.7682178,-73.9828988,https://www.google.com/maps/place/Per+Se/data=!4m2!3m1!1s0x89c258f62fec73a7:0x5e24118dffac8a65,Per Se,restaurant,want to go,
NYC,40.719702999999996,-73.9951354,https://www.google.com/maps/place/Piacere/data=!4m2!3m1!1s0x89c259887e0853dd:0xc1dca7bbbf8d1dc7,Piacere,restaurant,want to go,
NYC,40.72104759999999,-73.98772830000001,https://www.google.com/maps/place/Pianos/data=!4m2!3m1!1s0x89c259815f49ec3f:0x72a9103227903ccb,Pianos,other,want to go,
NYC,40.7210232,-73.99473449999999,https://www.google.com/maps/place/Pietro+Nolita/data=!4m2!3m1!1s0x89c259861f9550b5:0x9893d03ea626f9c9,Pietro Nolita,bar,want to go,
NYC,40.714422,-73.99858400000001,https://www.google.com/maps/place/Pings/data=!4m2!3m1!1s0x89c25a26ee9fa003:0x624677e40933aa86,Pings,restaurant,want to go,
NYC,40.7199984,-73.9883077,https://www.google.com/maps/place/Pretty+Ricky%E2%80%99s/data=!4m2!3m1!1s0x89c259e8657ea0af:0x478400f0f3554162,Pretty Ricky’s,bar,want to go,
NYC,40.719023,-73.994908,https://www.google.com/maps/place/Prince+Tea+House/data=!4m2!3m1!1s0x89c259ec9415e72d:0x6217554308abbde9,Prince Tea House,cafe,want to go,
NYC,40.719966500000005,-73.9936577,https://www.google.com/maps/place/Procell/data=!4m2!3m1!1s0x89c2598637a6e25d:0xfb0e9df770d12f7f,Procell,vintage,want to go,
NYC,40.723918000000005,-73.98936599999999,https://www.google.com/maps/place/Prune/data=!4m2!3m1!1s0x89c259848765ee05:0x92b1500a3a7c4906,Prune,restaurant,want to go,
NYC,40.7291753,-73.9987336,https://www.google.com/maps/place/Quantum+Leap/data=!4m2!3m1!1s0x89c25991bc1cfed9:0x4015d3a50d513144,Quantum Leap,restaurant,want to go,
NYC,40.7612789,-73.9641664,https://www.google.com/maps/place/Roosevelt+Island+Tramway/data=!4m2!3m1!1s0x89c2598c1aef007d:0x4b6720a44d132bf,Roosevelt Island Tramway,other,want to go,
NYC,40.72642640000001,-73.9841019,https://www.google.com/maps/place/Ruffian/data=!4m2!3m1!1s0x89c2599d46edfb1d:0xab10419df1449112,Ruffian,bar,want to go,
NYC,40.73021200000001,-73.983724,https://www.google.com/maps/place/S'MAC+East+Village/data=!4m2!3m1!1s0x89c2599de3f56c0b:0x3d44e07448f46e76,S'MAC East Village,restaurant,want to go,
NYC,40.70635,-74.0054286,https://www.google.com/maps/place/Salon+21/data=!4m2!3m1!1s0x89c259cdbb3d98a1:0xbe5c3933193fad24,Salon 21,other,want to go,
NYC,40.71572379999999,-73.99161149999999,https://www.google.com/maps/place/Scarr's+Pizza/data=!4m2!3m1!1s0x89c25a29b69a4a39:0xb65f303d4ac5eb82,Scarr's Pizza,restaurant,want to go,
NYC,40.7360304,-74.0005639,https://www.google.com/maps/place/Semma/data=!4m2!3m1!1s0x89c259b83bb399c5:0x85e1948bb3e567c7,Semma,restaurant,want to go,
NYC,40.7323017,-73.9873417,https://www.google.com/maps/place/Soothr/data=!4m2!3m1!1s0x89c25923d7bca4d1:0x5bbeae84d9924f22,Soothr,restaurant,want to go,
NYC,40.73725889999999,-73.999146,https://www.google.com/maps/place/Sotto+13/data=!4m2!3m1!1s0x89c259962236fe5b:0x28c4e1327fe04321,Sotto 13,restaurant,want to go,
NYC,40.717002799999996,-73.9934222,https://www.google.com/maps/place/Spicy+Village/data=!4m2!3m1!1s0x89c25a281fc4cab7:0xefe26f1bb5922e6,Spicy Village,restaurant,want to go,
NYC,40.7226298,-73.996844,https://www.google.com/maps/place/StockX/data=!4m2!3m1!1s0x89c259b313c604d5:0x9a51173f3e86cc5e,StockX,shop,want to go,
NYC,40.715066199999995,-73.9933358,https://www.google.com/maps/place/Super+Taste/data=!4m2!3m1!1s0x89c25a2867d11da1:0xf6be49a877751fc1,Super Taste,restaurant,want to go,
NYC,40.72648399999999,-73.983509,https://www.google.com/maps/place/Superiority+Burger/data=!4m2!3m1!1s0x89c2599d7acaa7db:0x15e363a022cdfcac,Superiority Burger,restaurant,want to go,
NYC,40.7157461,-73.99173569999999,https://www.google.com/maps/place/Susan+Alexandra/data=!4m2!3m1!1s0x89c25b4b22147299:0x71965c8d232e59a2,Susan Alexandra,shop,want to go,
NYC,40.73145509999999,-74.0064215,https://www.google.com/maps/place/Sushi+456/data=!4m2!3m1!1s0x89c259f0deacdb33:0x90ff92915feaffd3,Sushi 456,restaurant,want to go,
NYC,40.786856,-73.94992549999999,https://www.google.com/maps/place/Sushi+W/data=!4m2!3m1!1s0x89c25947ab2fa379:0x5f2e78a3d9b4e150,Sushi W,restaurant,want to go,
NYC,40.7148672,-73.99203,https://www.google.com/maps/place/Swan+Room/data=!4m2!3m1!1s0x89c25bbb948c5fa7:0xa04abe4decc5dec3,Swan Room,bar,want to go,
NYC,40.71492670000001,-73.9995424,https://www.google.com/maps/place/Tasty+Dumpling/data=!4m2!3m1!1s0x89c25a26dfa3a383:0x65e91ab05b8238c0,Tasty Dumpling,restaurant,want to go,
NYC,40.772786200000006,-73.983104,https://www.google.com/maps/place/Tatiana+by+Kwame+Onwuachi/data=!4m2!3m1!1s0x89c2594c33122dc7:0xfd94158c7fb4f0e6,Tatiana by Kwame Onwuachi,restaurant,want to go,
NYC,40.7482048,-73.9749241,https://www.google.com/maps/place/Tempura+Matsui/data=!4m2!3m1!1s0x89c25904658ea8dd:0x76c9c241a47938c9,Tempura Matsui,restaurant,want to go,
NYC,40.721883,-73.99221,https://www.google.com/maps/place/The+Box/data=!4m2!3m1!1s0x89c25985d616067d:0xa44ed683c9ffbf7d,The Box,club,want to go,
NYC,40.70326850000001,-74.0110218,https://www.google.com/maps/place/The+Dead+Rabbit+NYC/data=!4m2!3m1!1s0x89c25a1469891821:0xea6b2acef790acd8,The Dead Rabbit NYC,bar,want to go,
NYC,40.7265328,-74.0021536,https://www.google.com/maps/place/The+Dutch/data=!4m2!3m1!1s0x89c2598db87d10dd:0x9261e9e15b5722c4,The Dutch,restaurant,want to go,
NYC,40.7348417,-73.9996815,https://www.google.com/maps/place/The+Happiest+Hour/data=!4m2!3m1!1s0x89c259968ecff765:0x496d8402766d2371,The Happiest Hour,bar,want to go,
NYC,40.7267145,-73.98734,https://www.google.com/maps/place/THE+IZAKAYA+NYC/data=!4m2!3m1!1s0x89c2599cc7ef6729:0x28d1f5a39880e4a5,THE IZAKAYA NYC,restaurant,want to go,
NYC,40.7141008,-73.9909993,https://www.google.com/maps/place/The+Little+One/data=!4m2!3m1!1s0x89c25a290885c18b:0xa6782b53eced5068,The Little One,shop,want to go,
NYC,40.716978999999995,-74.007834,https://www.google.com/maps/place/The+Odeon/data=!4m2!3m1!1s0x89c25a1f98b4eb4b:0xe5cb4eafb1f4b167,The Odeon,restaurant,want to go,
NYC,40.716437,-73.98906199999999,https://www.google.com/maps/place/The+Pickle+Guys/data=!4m2!3m1!1s0x89c259875630be5d:0xa016ec4fd5321fe7,The Pickle Guys,shop,want to go,
NYC,40.717828499999996,-73.9898524,https://www.google.com/maps/place/The+Ten+Bells/data=!4m2!3m1!1s0x89c25987389ae03d:0xf9cfb6586afabd5e,The Ten Bells,bar,want to go,
NYC,40.7246306,-73.99321669999999,https://www.google.com/maps/place/Tom+and+Jerry's/data=!4m2!3m1!1s0x89c2598574c6aeff:0xd681d51064cf8508,Tom and Jerry's,bar,want to go,
NYC,40.728228,-73.982291,https://www.google.com/maps/place/Tompkins+Square+Bagels/data=!4m2!3m1!1s0x89c259762e26a813:0xf37426d261b7d2db,Tompkins Square Bagels,shop,want to go,
NYC,40.7463235,-73.9799922,https://www.google.com/maps/place/Utopia+Bagels/data=!4m2!3m1!1s0x89c2597d96f09a51:0xbd972c75713e5f9e,Utopia Bagels,shop,want to go,
NYC,40.73314369999999,-74.0036671,https://www.google.com/maps/place/Via+Carota/data=!4m2!3m1!1s0x89c259937f4eb1af:0xe49ad5dc628370bb,Via Carota,restaurant,want to go,
NYC,40.7313497,-74.0006547,https://www.google.com/maps/place/Vol+de+Nuit/data=!4m2!3m1!1s0x89c2599161df22cf:0x13a14b323affd5c4,Vol de Nuit,bar,want to go,
NYC,40.72271689999999,-74.002968,https://www.google.com/maps/place/What+Goes+Around+Comes+Around/data=!4m2!3m1!1s0x89c2598b8357a1e9:0x322de9032b17c132,What Goes Around Comes Around,vintage,want to go,
NYC,40.7182551,-73.9911655,https://www.google.com/maps/place/Williamsburg+Pizza/data=!4m2!3m1!1s0x89c259870de81673:0x50f7c4dd054d5cfd,Williamsburg Pizza,restaurant,want to go,
NYC,40.7142762,-73.998921,https://www.google.com/maps/place/Wo+Hop/data=!4m2!3m1!1s0x89c25bf26cccf805:0x422cf585e503c4ad,Wo Hop,restaurant,want to go,
NYC,40.7138317,-73.989964,https://www.google.com/maps/place/Wu's+Wonton+King/data=!4m2!3m1!1s0x89c25a2976a4914f:0x74ff0631de81dccb,Wu's Wonton King,restaurant,want to go,
NYC,40.741651899999994,-73.9872353,https://www.google.com/maps/place/Eleven+Madison+Park/data=!4m2!3m1!1s0x89c259a6cfd76611:0x5654dfd3ae8aa92c,Eleven Madison Park,park,want to go,
NYC,40.7351398,-74.0006547,https://www.google.com/maps/place/4+Charles+Prime+Rib/data=!4m2!3m1!1s0x89c259942a0eb0fb:0x157ade6f9c17ad32,4 Charles Prime Rib,restaurant,want to go,
NYC,40.7280142,-74.00257669999999,https://www.google.com/maps/place/Hamburger+America/data=!4m2!3m1!1s0x89c259989e9ec917:0x74f027a5a0b6dcd3,Hamburger America,restaurant,want to go,
NYC,40.77107379999999,-73.9593297,https://www.google.com/maps/place/JG+Melon/data=!4m2!3m1!1s0x89c258c003ad1b39:0x636a5a8ae5c286ea,JG Melon,restaurant,want to go,
NYC,40.7626274,-73.98084109999999,https://www.google.com/maps/place/La+Grande+Boucherie/data=!4m2!3m1!1s0x89c259ca33adc3e7:0x2b571ca84f83de6d,La Grande Boucherie,restaurant,want to go,
NYC,40.72860980000001,-74.0007614,https://www.google.com/maps/place/Nice+Day+Chinese+Takeout/data=!4m2!3m1!1s0x89c2590e63a7422f:0x79578f13068bd280,Nice Day Chinese Takeout,restaurant,want to go,
NYC,40.747680700000004,-73.9741598,https://www.google.com/maps/place/Sachi+Asian+Bistro/data=!4m2!3m1!1s0x89c259048aac4487:0xf92f935fb7b3a28a,Sachi Asian Bistro,restaurant,want to go,
NYC,40.721411999999994,-73.9975948,https://www.google.com/maps/place/Santo+Taco/data=!4m2!3m1!1s0x89c2598da5edd583:0x6eee76f17c0813f2,Santo Taco,restaurant,want to go,
NYC,40.717318899999995,-73.9944649,https://www.google.com/maps/place/Wah+Fung+No.1+Fast+Food/data=!4m2!3m1!1s0x89c25987ffa99e09:0xfbce3ee954c0d58a,Wah Fung No.1 Fast Food,restaurant,want to go,
NYC,40.7442827,-73.99886529999999,https://www.google.com/maps/place/Spirited+Away+-+Booze+Free+Bottle+Shop/data=!4m2!3m1!1s0x89c25923c4bfc705:0x2eda81d24ed3a1c2,Spirited Away - Booze Free Bottle Shop,shop,want to go,
Newhaven,55.981580699999995,-3.1949112,https://www.google.com/maps/place/The+Fishmarket/data=!4m2!3m1!1s0x4887c7fd2f3fffff:0x8543a63b6fbaff61,The Fishmarket,restaurant,want to go,
Nice,43.6959697,7.276118200000001,https://www.google.com/maps/place/Barrique/data=!4m2!3m1!1s0x12cddb9feb80ea65:0x6782763e2ae68d20,Barrique,bar,want to go,
Nice,43.6951943,7.2757176999999995,https://www.google.com/maps/place/Babel+Babel/data=!4m2!3m1!1s0x12cddb92e7f15425:0x11a3fabb0cd9507e,Babel Babel,restaurant,want to go,
Niederzier,50.8825861,6.5086683999999995,https://www.google.com/maps/place/Aussichtspunkt+Tagebau+Hambach/data=!4m2!3m1!1s0x47bf4307cf82e80b:0xe10114328a05685f,Aussichtspunkt Tagebau Hambach,other,want to go,
Nienhagen,54.16278380000001,11.940455600000002,https://www.google.com/maps/place/Gespensterwald/data=!4m2!3m1!1s0x47ac553b7485635f:0x72e60ce6d532ceb1,Gespensterwald,other,want to go,
Nienhagen,54.164643399999996,11.9472911,https://www.google.com/maps/place/Strand+Nienhagen/data=!4m2!3m1!1s0x47ac553e9b952ee3:0xb4326879dd8d61b,Strand Nienhagen,bar,want to go,
Nine Elms,51.4820687,-0.13079279999999996,https://www.google.com/maps/place/Darby's/data=!4m2!3m1!1s0x487605a41aa53d11:0x8752414ad0537354,Darby's,restaurant,want to go,
Nipomo,35.04291260000001,-120.47634149999999,https://www.google.com/maps/place/Jocko's/data=!4m2!3m1!1s0x80ec688b8b89e637:0xc67ce56f116bb593,Jocko's,other,favorite,
Amsterdam,52.370993899999995,4.869612,https://www.google.com/maps/place/Five+Brothers+Fat+West/data=!4m2!3m1!1s0x47c609df700dc039:0x2c794506d4d38f76,Five Brothers Fat West,restaurant,want to go,
Amsterdam,52.374328999999996,4.893091,https://www.google.com/maps/place/Cafe+Belgique/data=!4m2!3m1!1s0x47c609c704433f5d:0xd0bd99f9655ad8da,Cafe Belgique,cafe,favorite,
Nonthaburi,13.881592099999999,100.53629439999999,https://www.google.com/maps/place/Chai+Phochana/data=!4m2!3m1!1s0x30e28350b7d60d1d:0x41c7cc19b7edff83,Chai Phochana,restaurant,want to go,
Nonthaburi,13.883801700000001,100.5257046,https://www.google.com/maps/place/Hia+Tee+Crispy+Pork+Rice+@Samakkhi+Branch/data=!4m2!3m1!1s0x30e285b00d852945:0xaa454481dc2cfa72,Hia Tee Crispy Pork Rice @Samakkhi Branch,restaurant,want to go,
North Bondi NSW,-33.89053800000001,151.282926,https://www.google.com/maps/place/Speedos+Cafe/data=!4m2!3m1!1s0x6b12ad75b2088955:0x793e95f1df3d7a21,Speedos Cafe,cafe,want to go,
Charleston,32.9162208,-80.026737,https://www.google.com/maps/place/Ye+Ole+Fashioned+Cafe+%26+Ice+Cream/data=!4m2!3m1!1s0x88fe63975b8eb261:0x6c8e0a7fe5750b23,Ye Ole Fashioned Cafe & Ice Cream,cafe,favorite,
Charleston,32.89107500000001,-80.01089999999999,https://www.google.com/maps/place/H+%26+L+Asian+Market/data=!4m2!3m1!1s0x88fe6362daf7db9f:0x9637849051e2bfa9,H & L Asian Market,shop,favorite,
Charleston,32.8813035,-79.97744980000002,https://www.google.com/maps/place/Jackrabbit+Filly/data=!4m2!3m1!1s0x88fe65be5c67264f:0xecb2b5136ce7b484,Jackrabbit Filly,restaurant,favorite,
Charleston,32.8744239,-79.9942245,https://www.google.com/maps/place/Paradiso+Charleston/data=!4m2!3m1!1s0x88fe64bc6e08c8e9:0xff76a91d2ad8aee0,Paradiso Charleston,club,favorite,
Charleston,32.8813982,-79.97696859999999,https://www.google.com/maps/place/EVO+Pizzeria/data=!4m2!3m1!1s0x88fe64e8f67fbf4b:0x3a72cad20ea2395f,EVO Pizzeria,restaurant,want to go,
Charleston,32.83620689999999,-79.9580563,https://www.google.com/maps/place/Homey's+Tea+Kettle+BBQ+Pit/data=!4m2!3m1!1s0x88fe7adc2191c62f:0xa92b4c87c8d8c9e5,Homey's Tea Kettle BBQ Pit,bar,want to go,
Charleston,32.8338508,-79.9536722,https://www.google.com/maps/place/LO-Fi+Brewing/data=!4m2!3m1!1s0x88fe7add2563af83:0xe0f86af818eb5d5,LO-Fi Brewing,bar,want to go,
Charleston,32.841863499999995,-79.9659377,https://www.google.com/maps/place/The+Purple+Buffalo/data=!4m2!3m1!1s0x88fe7b27bb20e25f:0xbabeef22b50ac994,The Purple Buffalo,bar,want to go,
Charleston,32.88248130000001,-79.9771682,https://www.google.com/maps/place/The+Tattooed+Moose/data=!4m2!3m1!1s0x88fe7af6509db2d9:0x808bbd706cad034a,The Tattooed Moose,tattoo,want to go,
North Macedonia,41.999632899999995,21.4238844,https://www.google.com/maps/place/Japanese+Restaurant+SushiCo/data=!4m2!3m1!1s0x1354144c45309e6d:0x909411e7f60c5f1f,Japanese Restaurant SushiCo,restaurant,want to go,
Northern District,57.00116549999999,24.11666945,https://www.google.com/maps/place/Sarkandaugava/data=!4m2!3m1!1s0x46eecf71d2b61c5f:0x7c1541704f7d610a,Sarkandaugava,other,favorite,
Norway,62.11080279999999,7.120613700000001,https://www.google.com/maps/place/Skagefl%C3%A5/data=!4m2!3m1!1s0x4614278e2152570f:0xb0d9d55fe558319e,Skageflå,experience,want to go,
Norway,62.48580055,7.7178023,https://www.google.com/maps/place/Troll+Wall/data=!4m2!3m1!1s0x46140c3b9657f9cb:0xf7606439db4bc46a,Troll Wall,other,want to go,
Noordwijk,52.2528462,4.4353617,https://www.google.com/maps/place/Tulum/data=!4m2!3m1!1s0x47c5c073b87f34b5:0x20c7d98c025d0afc,Tulum,restaurant,want to go,
Nürnberg,49.4537188,11.080512899999999,https://www.google.com/maps/place/Orko/data=!4m2!3m1!1s0x479f57546008d947:0x8eec689c574ad102,Orko,cafe,want to go,
Nürnberg,49.430561399999995,11.09474,https://www.google.com/maps/place/Z-Bau+-+House+of+Contemporary+Culture/data=!4m2!3m1!1s0x479f576f67abbd9d:0xcdc37501ecd384bc,Z-Bau - House of Contemporary Culture,other,want to go,
Oakland,37.8146689,-122.26719299999999,https://www.google.com/maps/place/Pal's+Take+Away/data=!4m2!3m1!1s0x808f7e495956a8e1:0xd3a646e7fc413359,Pal's Take Away,shop,favorite,true
Oakland,37.8455681,-122.2525292,https://www.google.com/maps/place/Trader+Joe's/data=!4m2!3m1!1s0x80857dc3053a0cb1:0x39f8388d1953c423,Trader Joe's,shop,favorite,
Oakland,37.8099731,-122.2443809,https://www.google.com/maps/place/Trader+Joe's/data=!4m2!3m1!1s0x808f874191610697:0xd7eecd61759ad680,Trader Joe's,shop,favorite,
Oakland,37.80745939999999,-122.26991799999999,https://www.google.com/maps/place/Hopscotch/data=!4m2!3m1!1s0x808f80ae5ae98e41:0x77d349a4ec94a7e3,Hopscotch,other,want to go,
Oakland,37.8350925,-122.26264350000001,https://www.google.com/maps/place/Marufuku+Ramen/data=!4m2!3m1!1s0x80857de19d3623a3:0xcaca2c218406acd5,Marufuku Ramen,restaurant,want to go,
Oakland,37.8366167,-122.26226390000001,https://www.google.com/maps/place/Pizzaiolo/data=!4m2!3m1!1s0x80857de1012bd661:0x35a292bcedf52b5d,Pizzaiolo,restaurant,want to go,
Oakland,37.8363405,-122.2622947,https://www.google.com/maps/place/Roses'+Taproom/data=!4m2!3m1!1s0x80857de10f1602c7:0xbb3bcc60e2927505,Roses' Taproom,bar,want to go,
Oakland,37.830355999999995,-122.264491,https://www.google.com/maps/place/Temescal+Brewing/data=!4m2!3m1!1s0x80857de2962c6043:0x895109030d6e5326,Temescal Brewing,bar,want to go,
Oakland,37.8065462,-122.27218999999998,https://www.google.com/maps/place/World+Famous+HotBoys/data=!4m2!3m1!1s0x808f81e4da362f23:0xed34e87f5ab7f793,World Famous HotBoys,other,want to go,
Oakland,37.84636809999999,-122.2518071,https://www.google.com/maps/place/Ramen+Shop/data=!4m2!3m1!1s0x80857dc372123eab:0xb09a84cb2ea24603,Ramen Shop,shop,want to go,
Oberammergau,47.596338499999995,11.048938500000002,https://www.google.com/maps/place/Alpine+Coaster/data=!4m2!3m1!1s0x479dab28ff2c6597:0xe0a87b13ca318337,Alpine Coaster,other,want to go,
Oberkrämer,52.68053640000001,13.148318799999998,https://www.google.com/maps/place/Historische+Bauelemente/data=!4m2!3m1!1s0x47a901c07b64b1ef:0xa45734f4150e8649,Historische Bauelemente,shop,want to go,
Oberstaufen,47.551028099999996,10.0497076,https://www.google.com/maps/place/Sommerrodelbahn+H%C3%BCndle/data=!4m2!3m1!1s0x4107d9a72c5d383b:0x89414f41f9719b92,Sommerrodelbahn Hündle,other,want to go,
Oeversee,54.7028254,9.4331545,https://www.google.com/maps/place/Vintage+Galore/data=!4m2!3m1!1s0x47a84fb5d08c8651:0xbfcf8c88c096b1b5,Vintage Galore,vintage,want to go,
Offenbach am Main,50.1116483,8.739209500000001,https://www.google.com/maps/place/Robert+Johnson/data=!4m2!3m1!1s0x47bd0e71f92eb0cd:0x40f240c86dff54e3,Robert Johnson,club,favorite,
Old Ford,51.532439,-0.0314998,https://www.google.com/maps/place/G+Kelly/data=!4m2!3m1!1s0x48761d3c5b4e73f7:0xc45d7f81675abb31,G Kelly,shop,want to go,
Old Spitalfields Market Horner square Inside,51.51974740000001,-0.07540079999999999,https://www.google.com/maps/place/Dirty+Bagels+-+Pulled+Pork+Specialist/data=!4m2!3m1!1s0x48761d32b2353bf9:0x9215db52bf2c5cce,Dirty Bagels - Pulled Pork Specialist,shop,want to go,
Orlando,28.5533969,-81.3631001,https://www.google.com/maps/place/Sampaguita+Ice+Cream/data=!4m2!3m1!1s0x88e77bbab98ae74d:0x6c0eaefa3ae1822,Sampaguita Ice Cream,shop,want to go,
Orlando,28.4738556,-81.46568599999999,https://www.google.com/maps/place/Voodoo+Doughnut/data=!4m2!3m1!1s0x88e77ee748a82245:0x45346bd87f1ee19a,Voodoo Doughnut,shop,want to go,
Osinów Dolny,52.844084200000005,14.131464599999997,https://www.google.com/maps/place/Polenmarkt+Hohenwutzen/data=!4m2!3m1!1s0x47a9dcf93b514d4b:0x833d0cebb11ba42a,Polenmarkt Hohenwutzen,other,want to go,
Osnabrück,52.277084099999996,8.0411419,https://www.google.com/maps/place/la+vie/data=!4m2!3m1!1s0x47b9e5951c373ae1:0x574fdcb9f9ad2ed9,la vie,restaurant,favorite,true
Ottawa,45.4152834,-75.6885452,https://www.google.com/maps/place/Stay+Gold+Detroit-Style+Pizza/data=!4m2!3m1!1s0x4cce0582dd6a8979:0x7760983b5d1d4434,Stay Gold Detroit-Style Pizza,restaurant,want to go,
Ouches,46.0102462,3.9917339999999997,https://www.google.com/maps/place/Troisgros/data=!4m2!3m1!1s0x47f40f60f1f8030b:0x4b70fbf68bf55313,Troisgros,restaurant,want to go,
Amsterdam,52.3841384,4.8683342000000005,https://www.google.com/maps/place/Caf%C3%A9+Restaurant+Amsterdam/data=!4m2!3m1!1s0x47c5e27f2c4e787b:0x9115af2c5802b144,Café Restaurant Amsterdam,restaurant,want to go,
Pacific Palisades,34.0297804,-118.5194112,https://www.google.com/maps/place/Eames+Foundation/data=!4m2!3m1!1s0x80c2a49a9b674df5:0xa7bfc760a83f910,Eames Foundation,art,want to go,
Paddington NSW,-33.886374100000005,151.23185669999998,https://www.google.com/maps/place/Saint+Peter+at+The+Grand+National+Hotel/data=!4m2!3m1!1s0x6b12ae065a1be5f7:0xde7423a2b454d86b,Saint Peter at The Grand National Hotel,hotel,want to go,
Palermo PA,38.1177114,13.360023900000002,https://www.google.com/maps/place/Ke+Palle/data=!4m2!3m1!1s0x1319e5f5352c628b:0x7c4e8c049b7b3e8a,Ke Palle,other,want to go,
Pallati i Rinisë dhe Sporteve Prishtinë,42.661598,21.157066000000007,https://www.google.com/maps/place/Teatri+ODA/data=!4m2!3m1!1s0x0:0x4eb0e97b73552b27,Teatri ODA,other,want to go,
Palm Springs,33.8042358,-116.54663099999999,https://www.google.com/maps/place/Neon+Oasis+Club/data=!4m2!3m1!1s0x80db1b0069b22a55:0xd3e0c2f64b3cfb48,Neon Oasis Club,club,want to go,
Palm Springs,33.7952328,-116.4998313,https://www.google.com/maps/place/Parker+Palm+Springs/data=!4m2!3m1!1s0x80db1cba9bf877d9:0x117d27d99ec5ed42,Parker Palm Springs,park,want to go,
Paraga,37.40690790000001,25.347629599999998,https://www.google.com/maps/place/Scorpios/data=!4m2!3m1!1s0x14a2be90a4707039:0xeb495d87dde86e71,Scorpios,restaurant,want to go,
Paris,48.8687917,2.3552062,https://www.google.com/maps/place/Boulangerie+BO%26MIE+-+Saint+Martin/data=!4m2!3m1!1s0x47e66f7533c4d909:0x8f0073c86ac50b5,Boulangerie BO&MIE - Saint Martin,art,favorite,
Paris,48.8694999,2.3556980999999997,https://www.google.com/maps/place/BaraNaan+Street+Food+%26+Cocktail+Bar/data=!4m2!3m1!1s0x47e66e11c3efdf77:0xed44303e0ab30bb8,BaraNaan Street Food & Cocktail Bar,bar,favorite,
Paris,48.8636036,2.3672314,https://www.google.com/maps/place/Le+Clown+Bar/data=!4m2!3m1!1s0x47e672007997a0fd:0x161ef10244689ce1,Le Clown Bar,bar,favorite,
Paris,48.882203600000004,2.3624600000000004,https://www.google.com/maps/place/Carbone+Club/data=!4m2!3m1!1s0x47e66f7cb99523ab:0x454f9632d19d2bc1,Carbone Club,club,favorite,
Paris,48.8698489,2.3692918,https://www.google.com/maps/place/Benichat/data=!4m2!3m1!1s0x47e66de2142dd751:0x1f49ca25dd3cdf25,Benichat,bar,favorite,true
Paris,48.8640778,2.3504508999999993,https://www.google.com/maps/place/BO%26MIE/data=!4m2!3m1!1s0x47e66e1a3cdaef13:0xdfec97758168b9c6,BO&MIE,bakery,favorite,
Paris,48.8629825,2.3640307,https://www.google.com/maps/place/Candelaria/data=!4m2!3m1!1s0x47e66e06f0ade5e7:0xfe5e1d4c40b38ec0,Candelaria,restaurant,favorite,
Paris,48.8815448,2.3375062,https://www.google.com/maps/place/Dirty+Dick/data=!4m2!3m1!1s0x47e66e45d62a91d3:0xf22d231860adadbe,Dirty Dick,bar,favorite,
Paris,48.8712453,2.3628904,https://www.google.com/maps/place/Du+Pain+et+des+Id%C3%A9es/data=!4m2!3m1!1s0x47e66e0bfc163805:0x3413388064195613,Du Pain et des Idées,bakery,favorite,
Paris,48.8713663,2.3621938000000005,https://www.google.com/maps/place/El+Guacamole/data=!4m2!3m1!1s0x47e66e0c041f34dd:0xc3d081b374186616,El Guacamole,restaurant,favorite,
Paris,48.862783300000004,2.3647928,https://www.google.com/maps/place/fringe/data=!4m2!3m1!1s0x47e66e071cd2b1e7:0xa3701807d8d89fe,fringe,cafe,favorite,
Paris,48.8714928,2.3657866,https://www.google.com/maps/place/Gros+Bao/data=!4m2!3m1!1s0x47e66fa31292b655:0x8450269052232a44,Gros Bao,restaurant,favorite,
Paris,48.878444900000005,2.3582579,https://www.google.com/maps/place/H%C3%B4tel+Les+Deux+Gares/data=!4m2!3m1!1s0x47e66f6f7cb5bf0d:0x8624a5a4ad81fd1e,Hôtel Les Deux Gares,hotel,favorite,
Paris,48.8441513,2.3714698999999992,https://www.google.com/maps/place/Laho+Rooftop/data=!4m2!3m1!1s0x47e673b676b4ab0f:0x457ab3d6dc1a1dda,Laho Rooftop,bar,favorite,
Paris,48.872424099999996,2.3649709000000003,https://www.google.com/maps/place/Le+Comptoir+G%C3%A9n%C3%A9ral/data=!4m2!3m1!1s0x47e66e0bca348265:0x3464e454c1ba8775,Le Comptoir Général,restaurant,favorite,
Paris,48.8676253,2.3213955000000004,https://www.google.com/maps/place/Les+Ambassadeurs/data=!4m2!3m1!1s0x47e66e3e263debf7:0xb082aa969b4782ee,Les Ambassadeurs,restaurant,favorite,
Paris,48.8732566,2.3172733000000005,https://www.google.com/maps/place/Morning/data=!4m2!3m1!1s0x47e66f74cd3ea589:0xec371e084be9d1d0,Morning,other,favorite,
Paris,48.8706183,2.3638315,https://www.google.com/maps/place/Moustache/data=!4m2!3m1!1s0x47e66de16ac0a3f5:0xf08bb65b533a259c,Moustache,shop,favorite,
Paris,48.8809496,2.3827609,https://www.google.com/maps/place/Parc+des+Buttes-Chaumont/data=!4m2!3m1!1s0x47e66dc6143ed387:0xf26bed6076959491,Parc des Buttes-Chaumont,park,favorite,
Paris,48.874624000000004,2.356158,https://www.google.com/maps/place/Petite+Amour/data=!4m2!3m1!1s0x47e66e128ff70e3b:0xd32859b4f4650ee3,Petite Amour,bar,favorite,true
Paris,48.8594088,2.3424653,https://www.google.com/maps/place/Samaritaine+Paris+Pont-Neuf/data=!4m2!3m1!1s0x47e66e21b987fced:0x35361b69f3e8956c,Samaritaine Paris Pont-Neuf,shop,favorite,
Paris,48.87972209999999,2.3324616999999996,https://www.google.com/maps/place/Soho+House+Paris/data=!4m2!3m1!1s0x47e66f575a00c649:0x227cf0d2373d5c06,Soho House Paris,hotel,favorite,
Paris,48.8801268,2.3316144,https://www.google.com/maps/place/The+French+Donuts/data=!4m2!3m1!1s0x47e66e4910ac4d0b:0xe53483af6f035d04,The French Donuts,shop,favorite,
Paris,48.870232,2.3690029999999997,https://www.google.com/maps/place/Tien+Hiang/data=!4m2!3m1!1s0x47e66df0d103feff:0x8aa61089f4a362a0,Tien Hiang,restaurant,favorite,
Paris,48.869245,2.3401929,https://www.google.com/maps/place/Vaudeville+_/data=!4m2!3m1!1s0x47e66e30705fa5d1:0x125f7a9e795862d9,Vaudeville _,restaurant,favorite,
Paris,48.861603699999996,2.3621628999999995,https://www.google.com/maps/place/H%C3%B4tel+du+Petit+Moulin+Paris+%7C+Le+Marais/data=!4m2!3m1!1s0x47e66e06a5070d0d:0x52e123997850c7d3,Hôtel du Petit Moulin Paris | Le Marais,hotel,favorite,
Paris,48.8746241,2.3561581000000005,https://www.google.com/maps/place/H%C3%B4tel+Grand+Amour/data=!4m2!3m1!1s0x47e66e12941ee1b3:0xcea053646d5d12f9,Hôtel Grand Amour,hotel,favorite,
Paris,48.86148499999999,2.3648626999999993,https://www.google.com/maps/place/H%C3%B4tel+Sookie/data=!4m2!3m1!1s0x47e66f8bf4618ad3:0xd598515ddf1f6a78,Hôtel Sookie,hotel,favorite,
Paris,48.87188999999999,2.3700799999999997,https://www.google.com/maps/place/LA+PLANQUE+HOTEL/data=!4m2!3m1!1s0x47e66de1968c0905:0x800b2a213e387eb3,LA PLANQUE HOTEL,hotel,favorite,
Paris,48.855761,2.3753759999999997,https://www.google.com/maps/place/Baby+Jane+Tattoo+Parlor/data=!4m2!3m1!1s0x47e66d803fd5c391:0x5104a3f71330cb60,Baby Jane Tattoo Parlor,shop,favorite,
Paris,48.88787,2.3353235,https://www.google.com/maps/place/H%C3%B4tel+Particulier+Montmartre/data=!4m2!3m1!1s0x47e66e5072344621:0x7141c17a51c5c6d8,Hôtel Particulier Montmartre,art,want to go,
Paris,48.8741879,2.3532897999999998,https://www.google.com/maps/place/La+Cevicheria+-+Martel/data=!4m2!3m1!1s0x47e66e130fb55bcf:0xfb35a879d5383028,La Cevicheria - Martel,art,want to go,
Paris,48.832639199999996,2.3892933000000003,https://www.google.com/maps/place/The+Pavillons+of+Bercy+-+Museum+of+Fairground+Arts/data=!4m2!3m1!1s0x47e67240f6423fa3:0x3b31b5b4616f253d,The Pavillons of Bercy - Museum of Fairground Arts,art,want to go,
Paris,48.863886699999995,2.3606412999999997,https://www.google.com/maps/place/Bontemps+La+P%C3%A2tisserie/data=!4m2!3m1!1s0x47e66e05c9ad7b27:0xf764e62300b267c9,Bontemps La Pâtisserie,bakery,want to go,
Paris,48.8829005,2.2996108,https://www.google.com/maps/place/Le+Jardin+Sucr%C3%A9/data=!4m2!3m1!1s0x47e66f96700514fb:0x649305842672edb5,Le Jardin Sucré,bakery,want to go,
Paris,48.875723699999995,2.3406146,https://www.google.com/maps/place/Maison+Louvard/data=!4m2!3m1!1s0x47e66f8f1c63425d:0x77f2049d04265469,Maison Louvard,bakery,want to go,
Paris,48.8706034,2.3597106,https://www.google.com/maps/place/Mamiche/data=!4m2!3m1!1s0x47e66e0e875fbefd:0x7c7fccc8262aa4bf,Mamiche,bakery,want to go,
Paris,48.8637237,2.3568063,https://www.google.com/maps/place/Sain+Boulangerie/data=!4m2!3m1!1s0x47e66f91f93e051d:0x9abcca62b81c0273,Sain Boulangerie,bakery,want to go,
Paris,48.8535421,2.3799766,https://www.google.com/maps/place/Tapisserie+-+Charonne/data=!4m2!3m1!1s0x47e6730fc631d013:0xf4a4859fbe23c2ce,Tapisserie - Charonne,bakery,want to go,
Paris,48.86152459999999,2.3781328,https://www.google.com/maps/place/Bar+Principal/data=!4m2!3m1!1s0x47e66d5b3f4e158b:0xbd9695398b0076cf,Bar Principal,bar,want to go,
Paris,48.895447499999996,2.3921595999999994,https://www.google.com/maps/place/Cabaret+Sauvage/data=!4m2!3m1!1s0x47e66dc9729693a7:0x5f05466fa3458ca8,Cabaret Sauvage,bar,want to go,
Paris,48.8684697,2.3618696999999997,https://www.google.com/maps/place/Lavomatic/data=!4m2!3m1!1s0x47e66e0ed7a65d85:0xbc77fb6512194a19,Lavomatic,bar,want to go,
Paris,48.857758700000005,2.3674568000000002,https://www.google.com/maps/place/The+Coffee/data=!4m2!3m1!1s0x47e66d984a319553:0x98cd8e75be1c9a24,The Coffee,cafe,want to go,
Paris,48.883180499999995,2.3269691,https://www.google.com/maps/place/La+F%C3%AAte/data=!4m2!3m1!1s0x47e66fc95d67236b:0x3fcf27b689bb92d3,La Fête,club,want to go,
Paris,48.866877200000005,2.3361589999999994,https://www.google.com/maps/place/ACABA+Gantier/data=!4m2!3m1!1s0x47e66e3acdfef3f9:0xccf68d9d028ca884,ACABA Gantier,shop,want to go,
Paris,48.8613821,2.3697899000000002,https://www.google.com/maps/place/BAMBINO/data=!4m2!3m1!1s0x47e66d1f76934707:0xbbdda8c0fa869553,BAMBINO,restaurant,want to go,
Paris,48.8620551,2.3636352,https://www.google.com/maps/place/BigLove/data=!4m2!3m1!1s0x47e66e06c2277b11:0x279d5b76254a3ec7,BigLove,restaurant,want to go,
Paris,48.8640676,2.3658365,https://www.google.com/maps/place/Bisou./data=!4m2!3m1!1s0x47e66e07bb61ed45:0xa86b96e90dc6418,Bisou.,bar,want to go,
Paris,48.868204500000004,2.3783885000000002,https://www.google.com/maps/place/Bouche+Paris/data=!4m2!3m1!1s0x47e66dde16f05439:0x2f1a0a74894a8abc,Bouche Paris,restaurant,want to go,
Paris,48.870563499999996,2.3532275,https://www.google.com/maps/place/Brasserie+Julien/data=!4m2!3m1!1s0x47e66e116508c983:0xadf952dc7b6ab650,Brasserie Julien,other,want to go,
Paris,48.855633999999995,2.3613819999999994,https://www.google.com/maps/place/Breakfast+in+America+-+Marais/data=!4m2!3m1!1s0x47e671fdfd96fd53:0xc469698627af24c7,Breakfast in America - Marais,restaurant,want to go,
Paris,48.8560543,2.3670497999999998,https://www.google.com/maps/place/Brigat'/data=!4m2!3m1!1s0x47e66d08e339c7b5:0x8e4b60e48fd4acfc,Brigat',other,want to go,
Paris,48.853553899999994,2.3808208,https://www.google.com/maps/place/Clamato/data=!4m2!3m1!1s0x47e6720852a2f609:0xc9fa5741464e322b,Clamato,restaurant,want to go,
Paris,48.8659828,2.3018809999999994,https://www.google.com/maps/place/Crazy+Horse+Paris/data=!4m2!3m1!1s0x47e66fdd4014e847:0x87af9c4647ab600f,Crazy Horse Paris,other,want to go,
Paris,48.871531,2.3807934,https://www.google.com/maps/place/Dame+Jane/data=!4m2!3m1!1s0x47e66de8b8b842cb:0x13a5e9a207703ff1,Dame Jane,restaurant,want to go,
Paris,48.8644321,2.3595206,https://www.google.com/maps/place/Demain+Retro/data=!4m2!3m1!1s0x47e66fa1f4ecc49b:0xb3e0a8e8ae10e6d3,Demain Retro,vintage,want to go,
Paris,48.8639164,2.3426922,https://www.google.com/maps/place/E.+DEHILLERIN/data=!4m2!3m1!1s0x47e66e22f89b3b71:0x8a0d9fd90f5ae79,E. DEHILLERIN,other,want to go,
Paris,48.8510615,2.3777782999999997,https://www.google.com/maps/place/East+mamma/data=!4m2!3m1!1s0x47e67208a9d560ab:0xb6d96a498687bd6b,East mamma,restaurant,want to go,
Paris,48.8673578,2.3594516,https://www.google.com/maps/place/Elmer/data=!4m2!3m1!1s0x47e66e0f0a710655:0xeef3da58fc2389f,Elmer,restaurant,want to go,
Paris,48.8677099,2.3479183,https://www.google.com/maps/place/Frenchie/data=!4m2!3m1!1s0x47e66e17a6bac05f:0x933306126d5b9f03,Frenchie,restaurant,want to go,
Paris,48.854814999999995,2.3759872,https://www.google.com/maps/place/Fr%C3%A9quence/data=!4m2!3m1!1s0x47e67207907c0001:0x5eb3760c23c0d1d,Fréquence,bar,want to go,
Paris,48.8676822,2.3476898,https://www.google.com/maps/place/FTG/data=!4m2!3m1!1s0x47e66e17a3243e11:0x4c2aa311be0a60e,FTG,shop,want to go,
Paris,48.8613182,2.3649383,https://www.google.com/maps/place/Gaijin+Paris/data=!4m2!3m1!1s0x47e66ff236d0531f:0x9dea79553510d3d6,Gaijin Paris,vintage,want to go,
Paris,48.8491274,2.2824432000000003,https://www.google.com/maps/place/Galeries+Lafayette+Beaugrenelle/data=!4m2!3m1!1s0x47e671f88985359b:0xd3a0241bc005918b,Galeries Lafayette Beaugrenelle,shop,want to go,
Paris,48.859595399999996,2.3539417000000005,https://www.google.com/maps/place/Hippy+Market/data=!4m2!3m1!1s0x47e66e1cffc4c1f3:0xc358f04e06660abf,Hippy Market,shop,want to go,
Paris,48.8529439,2.3388434,https://www.google.com/maps/place/Homer+Lobster/data=!4m2!3m1!1s0x47e6716c19685dc3:0x27dd825f0617b314,Homer Lobster,restaurant,want to go,
Paris,48.860732899999995,2.3547084,https://www.google.com/maps/place/Homer+Lobster+-+Marais/data=!4m2!3m1!1s0x47e66e1ca2210d0b:0xec67d68547f09c61,Homer Lobster - Marais,shop,want to go,
Paris,48.87783645,2.2650026,https://www.google.com/maps/place/Jardin+d'Acclimatation/data=!4m2!3m1!1s0x47e66533f74a6505:0x8ac32ed9b41ff362,Jardin d'Acclimatation,park,want to go,
Paris,48.871543200000005,2.3708899,https://www.google.com/maps/place/Kubo+P%C3%A2tisserie/data=!4m2!3m1!1s0x47e66dae42f97fd5:0x344079ecd4a4b392,Kubo Pâtisserie,shop,want to go,
Paris,48.873408100000006,2.3707301,https://www.google.com/maps/place/La+Tete+Dans+les+Olives/data=!4m2!3m1!1s0x47e66de0fa61eeff:0xea88aeff60c16185,La Tete Dans les Olives,shop,want to go,
Paris,48.861534,2.3440010000000004,https://www.google.com/maps/place/La+Tour+Montlh%C3%A9ry+-+Chez+Denise/data=!4m2!3m1!1s0x47e66e221c836ef7:0x7336f3b964e0b4e4,La Tour Montlhéry - Chez Denise,restaurant,want to go,
Paris,48.855120199999995,2.3415551999999993,https://www.google.com/maps/place/Lap%C3%A9rouse/data=!4m2!3m1!1s0x47e671df758e9bd7:0xa0f8765a558551c3,Lapérouse,restaurant,want to go,
Paris,48.8757064,2.3873235,https://www.google.com/maps/place/Le+Cheval+d'Or/data=!4m2!3m1!1s0x47e66dc1d96fe719:0x9fbb8537a1cb288,Le Cheval d'Or,restaurant,want to go,
Paris,48.8617412,2.3650124000000003,https://www.google.com/maps/place/Le+Mary+Celeste/data=!4m2!3m1!1s0x47e66e07246bcc87:0xc1b5dc7dc3ad06b,Le Mary Celeste,restaurant,want to go,
Paris,48.852991300000006,2.3387975,https://www.google.com/maps/place/Le+Procope/data=!4m2!3m1!1s0x47e671deccfb0975:0x2d2503c1a3d5a984,Le Procope,restaurant,want to go,
Paris,48.8844679,2.341091,https://www.google.com/maps/place/Le+Refuge+des+Fondus/data=!4m2!3m1!1s0x47e66e4384e0fc9b:0x5f43326c3fa731dd,Le Refuge des Fondus,restaurant,want to go,
Paris,48.8615061,2.3710351999999997,https://www.google.com/maps/place/Le+Saint+S%C3%A9bastien/data=!4m2!3m1!1s0x47e66dcf5ea0e87d:0x7959dc37f4aa97b6,Le Saint Sébastien,restaurant,want to go,
Paris,48.8718637,2.3536501,https://www.google.com/maps/place/Le+Syndicat/data=!4m2!3m1!1s0x47e66e13ce2e25f9:0xbecdd1ae01a3a933,Le Syndicat,bar,want to go,
Paris,48.87557569999999,2.3502332,https://www.google.com/maps/place/Libertino/data=!4m2!3m1!1s0x47e66f768005d5ed:0x3691d8686d39ae02,Libertino,restaurant,want to go,
Paris,48.8636097,2.3636334999999993,https://www.google.com/maps/place/Little+Red+Door/data=!4m2!3m1!1s0x47e66e065c14f5df:0xc55c51b6f1cd947e,Little Red Door,bar,want to go,
Paris,48.867432,2.3461217,https://www.google.com/maps/place/Mabel+Paris/data=!4m2!3m1!1s0x47e66e17e88f3e95:0xd24beb8ad42f2cb4,Mabel Paris,bar,want to go,
Paris,48.883638499999996,2.3314562,https://www.google.com/maps/place/Maison+Souquet/data=!4m2!3m1!1s0x47e66e4ef2ee6ac5:0x6f4bb7c75bf9ecf8,Maison Souquet,hotel,want to go,
Paris,48.88357250000001,2.3205759,https://www.google.com/maps/place/Mamma+Primi/data=!4m2!3m1!1s0x47e66fb3c0b63f3f:0xfc411937c9141457,Mamma Primi,restaurant,want to go,
Paris,48.862755,2.3620004000000003,https://www.google.com/maps/place/March%C3%A9+des+Enfants+Rouges/data=!4m2!3m1!1s0x47e66e069cdd2ebf:0x2d98da7c10786f1,Marché des Enfants Rouges,other,want to go,
Paris,48.8656108,2.3708025999999998,https://www.google.com/maps/place/Melt/data=!4m2!3m1!1s0x47e66dfcd4f529df:0x4b464519191cc8c,Melt,restaurant,want to go,
Paris,48.86378839999999,2.3226723999999996,https://www.google.com/maps/place/Mus%C3%A9e+de+l'Orangerie/data=!4m2!3m1!1s0x47e66e2eeaaaaaa3:0xdc3fd08aa701960a,Musée de l'Orangerie,art,want to go,
Paris,48.881939800000005,2.3344840000000002,https://www.google.com/maps/place/No+Entry/data=!4m2!3m1!1s0x47e66e4f52148269:0x5760f358e8bc76a6,No Entry,bar,want to go,
Paris,48.8644739,2.3701387,https://www.google.com/maps/place/Ober+Mamma/data=!4m2!3m1!1s0x47e66dfd18c303f7:0xe4582768b5b64fb9,Ober Mamma,restaurant,want to go,
Paris,48.86420305,2.29709135,https://www.google.com/maps/place/Palais+de+Tokyo/data=!4m2!3m1!1s0x47e66fe6f937420b:0xc92ed17a5e1ca31d,Palais de Tokyo,art,want to go,
Paris,48.881946899999996,2.3345308999999994,https://www.google.com/maps/place/Pink+Mamma/data=!4m2!3m1!1s0x47e66e4f52148269:0xc26d9bf3451087c,Pink Mamma,restaurant,want to go,
Paris,48.8680344,2.34349,https://www.google.com/maps/place/Pizzeria+Popolare/data=!4m2!3m1!1s0x47e66e3d1a980efb:0x275048cb2c137af5,Pizzeria Popolare,restaurant,want to go,
Paris,48.857859999999995,2.3571598,https://www.google.com/maps/place/PNY+MARAIS/data=!4m2!3m1!1s0x47e66ffffbf1145f:0x40d9dc45f3d4207d,PNY MARAIS,restaurant,want to go,
Paris,48.873779500000005,2.3281392,https://www.google.com/maps/place/Printemps+Haussmann/data=!4m2!3m1!1s0x47e66f051e3f022b:0xf443f2dee951e103,Printemps Haussmann,shop,want to go,
Paris,48.8553072,2.3158354,https://www.google.com/maps/place/Rodin+Museum/data=!4m2!3m1!1s0x47e6702a1eccdb43:0x6468d82811b67058,Rodin Museum,art,want to go,
Paris,48.857700099999995,2.3059504000000004,https://www.google.com/maps/place/Rue+Cler/data=!4m2!3m1!1s0x47e66fd8a428d99b:0x824c8275cb8ed19e,Rue Cler,other,want to go,
Paris,48.8715594,2.3671281000000004,https://www.google.com/maps/place/Sain+Boulangerie/data=!4m2!3m1!1s0x47e66fe2886e0f81:0x7d16075b363f8e02,Sain Boulangerie,bakery,want to go,
Paris,48.8535723,2.3809332999999997,https://www.google.com/maps/place/Septime/data=!4m2!3m1!1s0x47e672085202a913:0x3230715dda06499,Septime,restaurant,want to go,
Paris,48.853728,2.3802033999999996,https://www.google.com/maps/place/Septime+La+Cave/data=!4m2!3m1!1s0x47e672084f975379:0x90726963d36bab02,Septime La Cave,bar,want to go,
Paris,48.8525632,2.3471302999999994,https://www.google.com/maps/place/Shakespeare+and+Company/data=!4m2!3m1!1s0x47e671e11e57b6ff:0x1338ace04de752b3,Shakespeare and Company,shop,want to go,
Paris,48.850034,2.2797065,https://www.google.com/maps/place/Statue+of+Liberty/data=!4m2!3m1!1s0x47e67006ff4e55cd:0xda71f1e9d47af8ec,Statue of Liberty,other,want to go,
Paris,48.8778058,2.3650967,https://www.google.com/maps/place/STREET+BANGKOK+-+Canal/data=!4m2!3m1!1s0x47e66e74efcc9957:0x38ce95c554e91a55,STREET BANGKOK - Canal,restaurant,want to go,
Paris,48.8735985,2.3480095,https://www.google.com/maps/place/Taco+Mesa/data=!4m2!3m1!1s0x47e66f8809bd744f:0xa961c6435559b741,Taco Mesa,restaurant,want to go,
Paris,48.863742599999995,2.3569278000000002,https://www.google.com/maps/place/Terra/data=!4m2!3m1!1s0x47e66e0529100001:0xbbfca0e6edbaf291,Terra,restaurant,want to go,
Paris,48.860642000000006,2.352245,https://www.google.com/maps/place/The+Centre+Pompidou/data=!4m2!3m1!1s0x47e66e1c09b820a3:0xb7ac6c7e59dc3345,The Centre Pompidou,other,want to go,
Paris,48.8648095,2.3728563,https://www.google.com/maps/place/The+French+Bastards+-+Oberkampf/data=!4m2!3m1!1s0x47e66dc17f9e295f:0x26e14ad9513452f,The French Bastards - Oberkampf,bakery,want to go,
Paris,48.9006622,2.3220267,https://www.google.com/maps/place/Virage+Paris/data=!4m2!3m1!1s0x47e66fc882de3f9b:0x5cd49626ad35390a,Virage Paris,club,want to go,
Paris,48.8738226,2.3497774,https://www.google.com/maps/place/Vivant+2/data=!4m2!3m1!1s0x47e66fb8fce537e9:0x68a4bf0c904dbe32,Vivant 2,restaurant,want to go,
Paris,48.87198069999999,2.3668728,https://www.google.com/maps/place/%C3%85KE+-+Table+%26+Vin/data=!4m2!3m1!1s0x47e66f75a21fca3f:0x43ccd350fba7d182,ÅKE - Table & Vin,restaurant,want to go,
Paris,48.863517599999994,2.3437221,https://www.google.com/maps/place/Au+Pied+de+Cochon/data=!4m2!3m1!1s0x47e66e22674a0b41:0x3add2de5bc477885,Au Pied de Cochon,park,want to go,
Paris,48.86168490000001,2.3691189,https://www.google.com/maps/place/Restaurant+Au+Passage/data=!4m2!3m1!1s0x47e66dfde8fef7db:0xcb752e8052dc0fd9,Restaurant Au Passage,restaurant,want to go,
Paris,48.853648799999995,2.3402059,https://www.google.com/maps/place/Roger+La+Grenouille/data=!4m2!3m1!1s0x47e671dee10435e5:0xac8c4e3af046dd13,Roger La Grenouille,restaurant,want to go,
Paris,48.8593371,2.350356,https://www.google.com/maps/place/Fioko.shop+-+Beaubourg/data=!4m2!3m1!1s0x47e66f116dfe515d:0x15765bfcd5846818,Fioko.shop - Beaubourg,shop,want to go,
Paris,48.868103500000004,2.3549537,https://www.google.com/maps/place/MC+VINTAGE+Friperie/data=!4m2!3m1!1s0x47e66f419eb83a7f:0x33a1968863ba92f1,MC VINTAGE Friperie,vintage,want to go,
Paris,48.8731477,2.3530343,https://www.google.com/maps/place/Super+vintage/data=!4m2!3m1!1s0x47e66f62a026b82f:0xaa61e3a91988b474,Super vintage,vintage,want to go,
Pasadena,34.1346349,-118.1470559,https://www.google.com/maps/place/Lucky+Boy/data=!4m2!3m1!1s0x80c2c362c9382859:0x9db0b57aee61f529,Lucky Boy,restaurant,want to go,
Paso Robles,35.6556886,-120.7577145,https://www.google.com/maps/place/McPrice+Myers+Wines/data=!4m2!3m1!1s0x80ecc587b5a1fc8d:0x3fad93704a9c88af,McPrice Myers Wines,bar,favorite,
Pathum Wan,13.732935499999998,100.5300735,https://www.google.com/maps/place/Nailfie+Always+%E0%B8%82%E0%B8%B2%E0%B8%A2%E0%B8%AA%E0%B9%88%E0%B8%87%E0%B8%AD%E0%B8%B8%E0%B8%9B%E0%B8%81%E0%B8%A3%E0%B8%93%E0%B9%8C%E0%B8%97%E0%B8%B3%E0%B9%80%E0%B8%A5%E0%B9%87%E0%B8%9A%E0%B8%95%E0%B9%88%E0%B8%AD%E0%B8%82%E0%B8%99%E0%B8%95%E0%B8%B2+%E0%B8%96%E0%B8%B9%E0%B8%81%2F%E0%B9%83%E0%B8%AB%E0%B8%8D%E0%B9%88%E0%B8%97%E0%B8%B5%E0%B9%88%E0%B8%AA%E0%B8%B8%E0%B8%94%E0%B9%83%E0%B8%99%E0%B9%80%E0%B8%AD%E0%B9%80%E0%B8%8A%E0%B8%B5%E0%B8%A2/data=!4m2!3m1!1s0x30e29927b9f66db5:0x70016de51dd13e84,Nailfie Always ขายส่งอุปกรณ์ทำเล็บต่อขนตา ถูก/ใหญ่ที่สุดในเอเชีย,shop,favorite,
Pathumwan,13.7443005,100.5331747,https://www.google.com/maps/place/GENTLEWOMAN+Flagship+Store+Siam+Square/data=!4m2!3m1!1s0x30e29f9a8f372c7b:0x1d8a7a128e9c3f25,GENTLEWOMAN Flagship Store Siam Square,shop,favorite,
Amsterdam,52.353456099999995,4.8942191,https://www.google.com/maps/place/Scandinavian+Embassy/data=!4m2!3m1!1s0x47c6098ce2073365:0x75d2236bdea77179,Scandinavian Embassy,cafe,favorite,
Amsterdam,52.3691886,4.891481499999999,https://www.google.com/maps/place/Gartine/data=!4m2!3m1!1s0x47c609c1ab64f803:0x9d3c18b3c133b53a,Gartine,art,want to go,
perama,39.5831048,19.9150439,https://www.google.com/maps/place/Avra/data=!4m2!3m1!1s0x135b5e4e16755109:0x72132ef1e598fc1,Avra,restaurant,want to go,
Peru,-12.131809199999998,-77.0307148,https://www.google.com/maps/place//data=!4m2!3m1!1s0x9105b7e04b3a5e75:0x885a3b8e1d726b70,Trattoria Mambrino,art,want to go,
Peru,-12.1198105,-77.0283461,https://www.google.com/maps/place/Al+Toke+Pez/data=!4m2!3m1!1s0x9105c811f9bfd7f5:0x7a281d822620896,Al Toke Pez,restaurant,want to go,
Peru,-12.131957799999999,-77.03049159999999,https://www.google.com/maps/place//data=!4m2!3m1!1s0x9105b7e1b4b5a533:0xa549043226dcfb18,Larcomar,shop,want to go,
Peru,-12.131578499999998,-77.0237345,https://www.google.com/maps/place//data=!4m2!3m1!1s0x9105b7e2eb98ba15:0x4169335e5d5afd6e,Fiesta Restaurant,restaurant,want to go,
Peru,-12.146801000000002,-77.0222702,https://www.google.com/maps/place//data=!4m2!3m1!1s0x9105b7ee06c6e0d7:0x5cf2be4a10553492,Canta Rana,restaurant,want to go,
Peru,-12.1167718,-77.0237832,https://www.google.com/maps/place//data=!4m2!3m1!1s0x9105c81045eb8aff:0x9cce78ba3005d3f2,La Picantería,restaurant,want to go,
Peru,-12.115797299999999,-77.028229,https://www.google.com/maps/place//data=!4m2!3m1!1s0x9105c816c9367df5:0x7f2690ff3726d8e0,Mercado Indio,other,want to go,
Peru,-12.110309499999998,-77.0487574,https://www.google.com/maps/place//data=!4m2!3m1!1s0x9105c8364659706d:0x2ffdf0eca78ace58,Jeronimo,restaurant,want to go,
Peru,-12.111454,-77.04860640000001,https://www.google.com/maps/place//data=!4m2!3m1!1s0x9105c83658249d37:0xf8109d8136a004d4,El Mercado,restaurant,want to go,
Peru,-12.106057900000001,-77.0387573,https://www.google.com/maps/place//data=!4m2!3m1!1s0x9105c840efd76039:0x49b0953a3318a839,Osaka Pardo y Aliaga,restaurant,want to go,
Peru,-12.106767099999997,-77.0404822,https://www.google.com/maps/place//data=!4m2!3m1!1s0x9105c84740811689:0xd6655a51eff4f2a7,Kuna - Lima- Miguel Dasso,shop,want to go,
Peru,-12.0901048,-77.0157507,https://www.google.com/maps/place//data=!4m2!3m1!1s0x9105c87eac18d489:0x2af6ec548a0f92c0,TITI,restaurant,want to go,
Peru,-13.5152229,-71.9746542,https://www.google.com/maps/place/Pachapapa/data=!4m2!3m1!1s0x916dd60cc29b29e5:0x7602023a21873820,Pachapapa,restaurant,want to go,
Peru,-12.125420199999999,-77.03057439999999,https://www.google.com/maps/place//data=!4m2!3m1!1s0x9105c81f27e4bc39:0xb4f22dc28850601,Maido,restaurant,want to go,
Peru,-12.1253816,-77.0313508,https://www.google.com/maps/place//data=!4m2!3m1!1s0x9105c81f28aa9579:0x624600bb96996178,Rafael,restaurant,want to go,
Pflugerville,30.449203999999998,-97.66140039999999,https://www.google.com/maps/place/DA+BOOT+PO-BOYS+SEAFOOD+%26+SOULFOOD/data=!4m2!3m1!1s0x8644ce8d7e7ec169:0x5d804a8a13325bf7,DA BOOT PO-BOYS SEAFOOD & SOULFOOD,restaurant,want to go,
Philadelphia,39.9967524,-75.1772174,https://www.google.com/maps/place/Down+North+Pizza/data=!4m2!3m1!1s0x89c6c7f4afee976b:0xfe290024532dfb31,Down North Pizza,restaurant,want to go,
Philadelphia,39.975649,-75.133089,https://www.google.com/maps/place/Kalaya/data=!4m2!3m1!1s0x89c6c77807c6c22d:0x7eb34fd45ee034b5,Kalaya,restaurant,want to go,
Philadelphia,39.941879899999996,-75.15183429999999,https://www.google.com/maps/place/Tattooed+Mom/data=!4m2!3m1!1s0x89c6c89e630fc7d1:0x98bb03f77bc875c,Tattooed Mom,tattoo,want to go,
Phoenix,33.449152399999996,-112.06564069999999,https://www.google.com/maps/place/Pizzeria+Bianco/data=!4m2!3m1!1s0x872b121c2089dfe7:0xf24445b5df824c2,Pizzeria Bianco,art,want to go,
Phoenix,33.5073309,-112.0375126,https://www.google.com/maps/place/Pizzeria+Bianco/data=!4m2!3m1!1s0x872b0d65907ce0c5:0x1c1e23cc23b75454,Pizzeria Bianco,restaurant,want to go,
Phra Borom Maha Ratchawang,13.744135100000001,100.49173479999999,https://www.google.com/maps/place/Supanniga+Eating+Room+Tha+Tien/data=!4m2!3m1!1s0x30e2990447bd948d:0x9e7c373d89209335,Supanniga Eating Room Tha Tien,restaurant,favorite,
Phra Khanong,13.722239899999998,100.5807134,https://www.google.com/maps/place/Tichuca+Rooftop+Bar/data=!4m2!3m1!1s0x30e29f14cf2c763d:0x2bfed307b9e5a4be,Tichuca Rooftop Bar,bar,want to go,
Phường Nguyễn Thái Bình,10.7689636,106.7012376,https://www.google.com/maps/place/67PERCENT/data=!4m2!3m1!1s0x31752f2b9d4a2727:0x820923d030252c15,67PERCENT,shop,want to go,
Pico do Areeiro,32.7354833,-16.9287991,https://www.google.com/maps/place/PR1+Vereda+do+Areeiro/data=!4m2!3m1!1s0xc605f63683b3b3b:0xb7d8efb12f246945,PR1 Vereda do Areeiro,nature,favorite,
Pico Rivera,33.999519899999996,-118.0790638,https://www.google.com/maps/place/Original+Tommy's+Hamburgers/data=!4m2!3m1!1s0x80c2d190ec1d2ffb:0x528f7901265f90a6,Original Tommy's Hamburgers,restaurant,want to go,
Pienza SI,43.0955608,11.715406699999997,https://www.google.com/maps/place/Casa+Newton/data=!4m2!3m1!1s0x13295da3c9abc433:0xc5afe8e5c9258248,Casa Newton,hotel,want to go,
Pine Plains,41.9795121,-73.6564422,https://www.google.com/maps/place/Stissing+House/data=!4m2!3m1!1s0x89dd77f4e01e4967:0x5dd972f44afb28c6,Stissing House,restaurant,want to go,
Pineville,35.092741499999995,-80.88551009999999,https://www.google.com/maps/place/Hatoya+Mart+Japanese+Food+Grocery+Since+1992/data=!4m2!3m1!1s0x88569c62f3ef5513:0xd585e4640415f723,Hatoya Mart Japanese Food Grocery Since 1992,restaurant,want to go,
Pl. Filikis Eterias Square,37.9765993,23.7405057,"https://www.google.com/maps/place/Mayor,+Bar+Restaurant,+Kolonaki,+Athens/data=!4m2!3m1!1s0x14a1bd474f68d8f3:0xa70a9a1eef1180c8","Mayor, Bar Restaurant, Kolonaki, Athens",bar,want to go,
Plailly,49.134232000000004,2.5712780000000004,https://www.google.com/maps/place/Ast%C3%A9rix+Park/data=!4m2!3m1!1s0x47e671ae444f41bb:0x95cf289d71bcfb42,Astérix Park,park,want to go,
Plateia Agion Avargiron,37.9788461,23.723864199999998,https://www.google.com/maps/place/%CE%A4%CF%81%CE%AC%CE%B3%CE%BF%CF%82+%CE%9C%CE%BF%CE%BD%CF%84%CE%AD%CF%81%CE%BD%CE%BF+%CE%9A%CE%B1%CF%86%CE%B5%CE%BD%CE%B5%CE%AF%CE%BF/data=!4m2!3m1!1s0x14a1bd06827bd91b:0x963b92601d62315a,Τράγος Μοντέρνο Καφενείο,restaurant,want to go,
Plateia Dexamenis,37.9788976,23.7418306,https://www.google.com/maps/place/Dexameni/data=!4m2!3m1!1s0x14a1bd47a3e76ea1:0xeb3be4e3a1df5d75,Dexameni,restaurant,want to go,
Pleiskirchen,48.3070494,12.596549399999999,https://www.google.com/maps/place//data=!4m2!3m1!1s0x4775c1cd6bfddd33:0xd25aa48d1e52a408,Huberwirt,restaurant,want to go,
Pocahontas,38.828575099999995,-89.546318,https://www.google.com/maps/place/Powhatan+Motel/data=!4m2!3m1!1s0x8875cfe519f9a81f:0xf57a561d3e574295,Powhatan Motel,other,favorite,
Pocahontas,38.828575199999996,-89.5464233,https://www.google.com/maps/place/Powhatan+Restaurant/data=!4m2!3m1!1s0x8875cff9beecb587:0x37b32272d3c983de,Powhatan Restaurant,restaurant,favorite,
Pom Prap,13.739786700000002,100.5144023,https://www.google.com/maps/place/G.O.D+(Genius.On.Dr*gs)/data=!4m2!3m1!1s0x30e299e33ac88163:0xd8907a8ee3f967f1,G.O.D (Genius.On.Dr*gs),bar,want to go,
Portland OR,45.592085,-122.756533,https://www.google.com/maps/place/Lombard+Street+Tattoo/data=!4m2!3m1!1s0x5495a80218fdc41d:0xd3941665a879961d,Lombard Street Tattoo,bar,favorite,
Portland OR,45.5220151,-122.63746549999999,https://www.google.com/maps/place/Crema+Bakery+%26+Cafe/data=!4m2!3m1!1s0x5495a0bef903ee7b:0x857b8582ddbde3a,Crema Bakery & Cafe,bakery,want to go,
Portland ME,43.6530946,-70.2705388,https://www.google.com/maps/place/Tandem+Coffee+and+Bakery/data=!4m2!3m1!1s0x4cb29c1028758f2f:0x2febf551bacaa051,Tandem Coffee and Bakery,bakery,want to go,
Portland OR,45.513549399999995,-122.6606018,https://www.google.com/maps/place/Coava+Coffee+Roasters/data=!4m2!3m1!1s0x54950a0ae93e6b79:0xc63aec4f3d1b3aad,Coava Coffee Roasters,cafe,want to go,
Portland OR,45.5102111,-122.65352370000001,https://www.google.com/maps/place/Junior's+Cafe/data=!4m2!3m1!1s0x54950a758b301a97:0xb8f565bd973285ba,Junior's Cafe,cafe,want to go,
Portland OR,45.515223999999996,-122.6655626,https://www.google.com/maps/place/Water+Avenue+Coffee/data=!4m2!3m1!1s0x54950a0bd81972f1:0xb4b60b05e0453488,Water Avenue Coffee,cafe,want to go,
Portland OR,45.523213999999996,-122.63712500000001,https://www.google.com/maps/place/Angel+Face/data=!4m2!3m1!1s0x5495a0bf184a4e63:0x7308f145d2d4cd0b,Angel Face,bar,want to go,
Portland OR,45.5032828,-122.6400831,https://www.google.com/maps/place/Broder+Caf%C3%A9/data=!4m2!3m1!1s0x5495a08232b79bf7:0x961fcac20fe0a2c,Broder Café,restaurant,want to go,
Portland OR,45.5282227,-122.63908470000001,https://www.google.com/maps/place/Church/data=!4m2!3m1!1s0x5495a0c7f2227b77:0x8da0825349f7a27b,Church,bar,want to go,
Portland ME,43.6648115,-70.2515095,https://www.google.com/maps/place/Duckfat+Frites+Shack/data=!4m2!3m1!1s0x4cb29d2bad4b4bbb:0x7ae97658e828ef03,Duckfat Frites Shack,restaurant,want to go,
Portland OR,45.555627799999996,-122.6987156,https://www.google.com/maps/place/Face+Plant/data=!4m2!3m1!1s0x5495a775c783a68d:0x1fe64b181a547823,Face Plant,restaurant,want to go,
Portland OR,45.5157393,-122.65455679999998,https://www.google.com/maps/place/Kachka/data=!4m2!3m1!1s0x5495a0a7485bfdcd:0x859a3a4e9e7497eb,Kachka,restaurant,want to go,
Portland OR,45.507107,-122.6110849,https://www.google.com/maps/place/Matt's+BBQ+Tacos/data=!4m2!3m1!1s0x5495a1273fe4f17f:0xa11add836c8106b,Matt's BBQ Tacos,bar,want to go,
Portland OR,45.52098079999999,-122.68345939999998,https://www.google.com/maps/place/Multnomah+Whiskey+Library/data=!4m2!3m1!1s0x54950a0352874411:0x99b2e655d7798a90,Multnomah Whiskey Library,other,want to go,
Portland OR,45.518769,-122.66393900000001,https://www.google.com/maps/place/Olympia+Provisions/data=!4m2!3m1!1s0x5495a0a780893b0f:0x101149f3678b215f,Olympia Provisions,restaurant,want to go,
Portland OR,45.521874,-122.68128440000001,https://www.google.com/maps/place/P%C3%A9p%C3%A9+le+Moko/data=!4m2!3m1!1s0x5495a0a4a0a5efad:0xfe240ac54eff7709,Pépé le Moko,bar,want to go,
Portland OR,45.5044806,-122.627045,https://www.google.com/maps/place/Ruthie's/data=!4m2!3m1!1s0x5495a1729d714c39:0xd3ba38b58301b94,Ruthie's,restaurant,want to go,
Portland OR,45.5230014,-122.60837149999999,https://www.google.com/maps/place/Tabor+Tavern/data=!4m2!3m1!1s0x5495a0e41f62cf3b:0x579cd63c927ae208,Tabor Tavern,bar,want to go,
Portland OR,45.5230221,-122.60766129999999,https://www.google.com/maps/place/The+Tannery/data=!4m2!3m1!1s0x0:0x382b3e92c454b465,The Tannery,other,want to go,
Portland OR,45.5226507,-122.67304449999999,https://www.google.com/maps/place/Voodoo+Doughnut+-+Old+Town/data=!4m2!3m1!1s0x54950a07243140ef:0x257d2968f343ef75,Voodoo Doughnut - Old Town,shop,want to go,
Porto,41.1588467,-8.630737000000002,https://www.google.com/maps/place/Casa+da+M%C3%BAsica/data=!4m2!3m1!1s0xd246500dce643cf:0xc35ebaec444540ed,Casa da Música,other,want to go,
Porto,41.14690549999999,-8.614774599999999,https://www.google.com/maps/place/Livraria+Lello/data=!4m2!3m1!1s0xd2464e28c5e9a77:0x7f08405ee8a1e44f,Livraria Lello,shop,want to go,
Potsdam,52.4246577,13.096466399999997,https://www.google.com/maps/place/Church+of+the+Redeemer/data=!4m2!3m1!1s0x47a8f63c8604cfff:0xa35db3bc7ee8e3a8,Church of the Redeemer,park,favorite,
Potsdam,52.3847002,13.117873500000002,https://www.google.com/maps/place/Filmpark+Babelsberg/data=!4m2!3m1!1s0x47a85f4405ba9677:0x398ce8a4909686c0,Filmpark Babelsberg,park,favorite,
Potsdam,52.403121899999995,13.0603325,https://www.google.com/maps/place/Zum+Fliegenden+Holl%C3%A4nder/data=!4m2!3m1!1s0x47a8f5da2ab9510b:0x1f7010465d7ec59d,Zum Fliegenden Holländer,restaurant,favorite,
Potsdam,52.389245599999995,13.0780558,https://www.google.com/maps/place/Spartacus/data=!4m2!3m1!1s0x47a8f5c5aaf8ac9d:0x454e9c971fd57b6b,Spartacus,club,want to go,
Poznań,52.40825960000001,16.910243200000004,https://www.google.com/maps/place/Okruszki/data=!4m2!3m1!1s0x47045ba04446d113:0xb9481eff7f4bd2ba,Okruszki,cafe,want to go,
Praha,50.078704300000005,14.436554200000003,https://www.google.com/maps/place/Stage+club/data=!4m2!3m1!1s0x470b94f32bcfddc9:0xa885f17fb1498bce,Stage club,club,favorite,true
Praha,50.063829899999995,14.4568588,https://www.google.com/maps/place/Ankali/data=!4m2!3m1!1s0x470b93824c42a183:0xf928e535ffd044c3,Ankali,bar,want to go,
Praha,50.0835041,14.4289189,https://www.google.com/maps/place/Kant%C3%BDna/data=!4m2!3m1!1s0x470b9493318bf7bd:0x81bf0ac8583c1c13,Kantýna,restaurant,want to go,
Praha,50.09099499999999,14.425084000000002,https://www.google.com/maps/place/La+Degustation+Boh%C3%AAme+Bourgeoise/data=!4m2!3m1!1s0x470b94c1ffba5d57:0xe357d0d58f1979d7,La Degustation Bohême Bourgeoise,restaurant,want to go,
Preoc,42.5856857,21.1084034,https://www.google.com/maps/place/Te+Halimi/data=!4m2!3m1!1s0x13549d68de378c65:0x92606c70e13480e9,Te Halimi,restaurant,favorite,
Prerow,54.446833999999996,12.567468000000002,https://www.google.com/maps/place/Dar%C3%9Fer+Brauhaus/data=!4m2!3m1!1s0x47ac952c54507d3d:0x992c498db356ada,Darßer Brauhaus,restaurant,want to go,
Prishtina,42.6627946,21.153894599999997,https://www.google.com/maps/place/Modern+Apartment+in+the+Center+of+Pristina/data=!4m2!3m1!1s0x13549f69d4705675:0xaf1033f3a4ba8381,Modern Apartment in the Center of Pristina,art,favorite,
Prishtina,42.6647436,21.1589354,https://www.google.com/maps/place/Tartine/data=!4m2!3m1!1s0x13549ee101803e33:0x8253163cae3aab3e,Tartine,art,favorite,
Prishtina,42.650010099999996,21.179660100000003,https://www.google.com/maps/place/Pozitiv+Bar/data=!4m2!3m1!1s0x13549ecf05b54b63:0x3bf64560cad70da9,Pozitiv Bar,bar,favorite,
Prishtina,42.660850499999995,21.1415653,https://www.google.com/maps/place/Priview+Bar/data=!4m2!3m1!1s0x13549e57e3cade15:0xc72231e7a2d859dd,Priview Bar,bar,favorite,
Prishtina,42.6607571,21.162338000000002,https://www.google.com/maps/place/Taverna+Baron/data=!4m2!3m1!1s0x13549f5f4514b105:0x3eb0513c089becfa,Taverna Baron,bar,favorite,
Prishtina,42.6639797,21.1661559,https://www.google.com/maps/place/Marcus+Coffee+Shop/data=!4m2!3m1!1s0x13549edfef1ea2df:0x85c72a24614a7f35,Marcus Coffee Shop,cafe,favorite,
Prishtina,42.667937599999995,21.1697442,https://www.google.com/maps/place/Klubi+%E3%80%8AM%E3%80%8BClub/data=!4m2!3m1!1s0x13549f21425bf1ef:0x3233ac81974c930d,Klubi 《M》Club,club,favorite,
Prishtina,42.6640979,21.158486500000002,https://www.google.com/maps/place/Annex/data=!4m2!3m1!1s0x13549ee5a1abd91f:0xab4cb6bd22c3d552,Annex,bar,favorite,
Prishtina,42.656871900000006,21.146352399999998,https://www.google.com/maps/place/Brasserie+PROKA/data=!4m2!3m1!1s0x13549fd888e50605:0x1ba5348372b0ba75,Brasserie PROKA,other,favorite,
Prishtina,42.65742409999999,21.159770800000004,https://www.google.com/maps/place/Caffe+Papillon/data=!4m2!3m1!1s0x13549ee60c38464f:0x584cd753cecc8c7,Caffe Papillon,restaurant,favorite,
Prishtina,42.6583478,21.147168900000004,https://www.google.com/maps/place/Comandante+Marcos/data=!4m2!3m1!1s0x13549f1db39960d9:0x852731be453f8b0f,Comandante Marcos,restaurant,favorite,
Prishtina,42.663980099999996,21.162149699999997,https://www.google.com/maps/place/Dit'+e+Nat'/data=!4m2!3m1!1s0x13549ee1b24d2ba5:0xf5e27cd8eafa196c,Dit' e Nat',restaurant,favorite,
Prishtina,42.65591969999999,21.1511067,https://www.google.com/maps/place/green+%26+protein/data=!4m2!3m1!1s0x13549ee16b5206a1:0x4412239501aa4946,green & protein,restaurant,favorite,
Prishtina,42.66071050000001,21.160278399999996,https://www.google.com/maps/place/Kino+ARMATA/data=!4m2!3m1!1s0x13549f0808b46221:0x30220b30424878e7,Kino ARMATA,other,favorite,
Prishtina,42.6668014,21.163235299999997,https://www.google.com/maps/place/Liburnia/data=!4m2!3m1!1s0x13549f1fbbb44eb7:0x23dd60dbf008ff68,Liburnia,restaurant,favorite,
Prishtina,42.663474699999995,21.1618337,https://www.google.com/maps/place/Maroon+Pub/data=!4m2!3m1!1s0x13549ee1a91772e1:0x23a808e9472d38c5,Maroon Pub,bar,favorite,
Prishtina,42.6607045,21.1583042,https://www.google.com/maps/place/NEWBORN/data=!4m2!3m1!1s0x1354f2cbab67d493:0x5c97e5834932545a,NEWBORN,other,favorite,
Prishtina,42.6588012,21.1597793,https://www.google.com/maps/place/Papirun/data=!4m2!3m1!1s0x13549ee685d7c721:0xff91baa797df481e,Papirun,restaurant,favorite,
Prishtina,42.6614521,21.163420700000003,https://www.google.com/maps/place/Pishat/data=!4m2!3m1!1s0x13549ee0c712fa09:0x2e9333a2435783c3,Pishat,restaurant,favorite,
Prishtina,42.6598561,21.1550643,https://www.google.com/maps/place/Public+Services+Ministry/data=!4m2!3m1!1s0x13549ee51e2b8be5:0xc1a61266fd75271e,Public Services Ministry,bar,favorite,
Prishtina,42.66390309999999,21.1625913,https://www.google.com/maps/place/Soma+Book+Station/data=!4m2!3m1!1s0x13549ee04bc82423:0x893fc6b4db13b3e6,Soma Book Station,bar,favorite,
Prishtina,42.654051599999995,21.153166599999995,https://www.google.com/maps/place/Statue+of+Bill+Clinton/data=!4m2!3m1!1s0x13549f069911e159:0xf2369798b9ee240,Statue of Bill Clinton,experience,favorite,
Prishtina,42.657552599999995,21.1622402,https://www.google.com/maps/place/The+National+Library+of+Kosovo+%22Pjet%C3%ABr+Bogdani%22/data=!4m2!3m1!1s0x13549ee64ba4ee7b:0x11827a2c1235c1dd,"The National Library of Kosovo ""Pjetër Bogdani""",other,favorite,
Prishtina,42.657073,21.154922000000003,https://www.google.com/maps/place/The+White+Tree/data=!4m2!3m1!1s0x13549eef8d1fc499:0xc4195028bd6ce75d,The White Tree,restaurant,favorite,
Prishtina,42.6616499,21.160329,https://www.google.com/maps/place/Tingell+Tangell/data=!4m2!3m1!1s0x13549ee14ee6e8a5:0xb177900ee19b4d84,Tingell Tangell,cafe,favorite,
Prishtina,42.6606075,21.162840700000004,https://www.google.com/maps/place/Ultra/data=!4m2!3m1!1s0x13549ee0d32dca97:0x7941dd7223a5cfe1,Ultra,restaurant,favorite,
Prishtina,42.665640200000006,21.166202900000002,https://www.google.com/maps/place/Kosovo+Museum/data=!4m2!3m1!1s0x13549f2019efb259:0x203dc40ae8da000a,Kosovo Museum,art,want to go,
Prishtina,42.657552599999995,21.1622402,https://www.google.com/maps/place/National+Library+of+Kosovo/data=!4m2!3m1!1s0x13549ee64ba4ee7b:0x11827a2c1235c1dd,National Library of Kosovo,other,want to go,
Prishtina,42.66988859999999,21.155368,https://www.google.com/maps/place/Hotel+Pinocchio/data=!4m2!3m1!1s0x13549f1cecca85ab:0x25b9c82ced5952ff,Hotel Pinocchio,hotel,want to go,
Prishtina,42.66689369999999,21.1855402,https://www.google.com/maps/place/Casa+Rita+Restaurant/data=!4m2!3m1!1s0x13549f2cf7d7e4ff:0x2fb5aca62aca533a,Casa Rita Restaurant,restaurant,want to go,
Pristina,42.661897,21.162826000000003,https://www.google.com/maps/place/Restaurant+RINGS/data=!4m2!3m1!1s0x0:0x438fcef5bc62ed67,Restaurant RINGS,restaurant,favorite,
Amsterdam,52.367260699999996,4.8995201999999995,https://www.google.com/maps/place/Gs+Brunch+Boat/data=!4m2!3m1!1s0x47c609c4e479461b:0x8f44aa46c71b9155,Gs Brunch Boat,restaurant,want to go,
Amsterdam,52.3761419,4.8938071,https://www.google.com/maps/place/Mortimer/data=!4m2!3m1!1s0x47c6098f407986cf:0xf9d9d4b5ee4402f7,Mortimer,restaurant,want to go,
Queens,40.7139845,-73.921325,https://www.google.com/maps/place/Mansions/data=!4m2!3m1!1s0x89c25f5508d43997:0x525a48941fd6fff2,Mansions,bar,want to go,
R. da Estalagem,39.0344987,-9.417125600000002,https://www.google.com/maps/place/Aethos+Ericeira/data=!4m2!3m1!1s0xd1f25c77e6ae2eb:0x7ff0cb45f297d1bc,Aethos Ericeira,hotel,want to go,
R. de Santa Cruz do Castelo,38.713909199999996,-9.1334762,https://www.google.com/maps/place/Castelo+de+S.+Jorge/data=!4m2!3m1!1s0xd193477b40ec39b:0xb4c0704199e433d7,Castelo de S. Jorge,other,want to go,
R. Possidónio da Silva,38.71143850000001,-9.169435100000001,https://www.google.com/maps/place/Remar/data=!4m2!3m1!1s0xd19335f8c305a65:0x54fa410af622c164,Remar,shop,want to go,
Rabina,50.0513662,19.943871599999998,https://www.google.com/maps/place/Mleczarnia/data=!4m2!3m1!1s0x47165b6a464625b1:0xa39a00ed816a13b5,Mleczarnia,cafe,want to go,
Rajska,50.064620899999994,19.929878799999997,https://www.google.com/maps/place/Malopolska+Garden+of+Art+(MOS)/data=!4m2!3m1!1s0x47165b091157b425:0xf11293f221646de5,Malopolska Garden of Art (MOS),art,want to go,
Rammingen,48.043023399999996,10.591234400000001,https://www.google.com/maps/place/Allg%C3%A4u+Skyline+Park/data=!4m2!3m1!1s0x479c103eb2e2348b:0xe91725a31c4f38ec,Allgäu Skyline Park,park,favorite,
Rancho Mirage,33.767454,-116.45654169999997,"https://www.google.com/maps/place/The+Ritz-Carlton,+Rancho+Mirage/data=!4m2!3m1!1s0x80db02e5b7b15f73:0xdcf0f3ed53553529","The Ritz-Carlton, Rancho Mirage",hotel,favorite,
Ravenswood Industrial Estate,51.583976,-0.008323999999999998,https://www.google.com/maps/place/God's+Own+Junkyard/data=!4m2!3m1!1s0x48761df17a05cc05:0x736b3c7749367c3c,God's Own Junkyard,art,want to go,
Amsterdam,52.377437400000005,4.8955622,https://www.google.com/maps/place/Super+Lyan/data=!4m2!3m1!1s0x48761cbc9b005fcd:0x8521e682f5d24c96,Super Lyan,bar,want to go,
Rear,51.539226899999996,-0.10289419999999998,https://www.google.com/maps/place/Detroit+Pizza+Islington+Ltd/data=!4m2!3m1!1s0x48761bbca72af707:0x24961956e8cc41b4,Detroit Pizza Islington Ltd,restaurant,favorite,
Red Hook,41.9967193,-73.8742142,https://www.google.com/maps/place/Historic+Village+Diner/data=!4m2!3m1!1s0x89dd0ae458f3da47:0xb20abf79515c6bbc,Historic Village Diner,other,want to go,
Redondo Beach,33.86889579999999,-118.35770009999997,https://www.google.com/maps/place/Target/data=!4m2!3m1!1s0x80c2b4fa7413f767:0xf884c318a40bb7ec,Target,shop,favorite,
Redondo Beach,33.867851,-118.35391000000001,https://www.google.com/maps/place/Total+Wine+%26+More/data=!4m2!3m1!1s0x80c2b4fb659d58b7:0x6be0e5498b3e9fcf,Total Wine & More,shop,favorite,
Redondo Beach,33.8683522,-118.3540089,https://www.google.com/maps/place/Ulta+Beauty/data=!4m2!3m1!1s0x80c2b4fb6544a763:0xc76cdc0d06e36afc,Ulta Beauty,shop,favorite,
Reggio di Calabria,38.0091725,15.6426644,"https://www.google.com/maps/search/38.0091725,15.6426644",Dropped pin,other,want to go,
Región Metropolitana,-33.4176518,-70.6013263,https://www.google.com/maps/place/Ambrosia+Bistro/data=!4m2!3m1!1s0x9662cf662e23545f:0x9e9192d22c28f1e0,Ambrosia Bistro,restaurant,want to go,
Reinhardtsdorf-Schöna,50.8546881,14.176497399999999,https://www.google.com/maps/place/Panorama+Gro%C3%9Fer+Zschirnstein/data=!4m2!3m1!1s0x4709a1a5372d10a7:0x4f57b6d34ae1874a,Panorama Großer Zschirnstein,other,want to go,
Reinhardtsdorf-Schöna,50.8758798,14.234854200000001,https://www.google.com/maps/place/Sch%C3%B6na/data=!4m2!3m1!1s0x4709a0c2a3d24367:0x85bc28533bbff8c,Schöna,other,want to go,
Rhinebeck,41.9273834,-73.912941,https://www.google.com/maps/place/Foster's+Coach+House/data=!4m2!3m1!1s0x89dd0c37e5a1d66d:0xa6eade26b0985efb,Foster's Coach House,restaurant,want to go,
Richmond,37.53493059999999,-77.4159111,https://www.google.com/maps/place/Sub+Rosa+Bakery/data=!4m2!3m1!1s0x89b110e774dfcf25:0x121fa246eec07af4,Sub Rosa Bakery,bakery,want to go,
Ridgewood,40.697066,-73.9061795,https://www.google.com/maps/place/Trans-Pecos/data=!4m2!3m1!1s0x89c25c24873dd335:0xd2345e75abfc99c5,Trans-Pecos,club,favorite,
Ridgewood,40.7019431,-73.903537,https://www.google.com/maps/place/Rolo%E2%80%99s/data=!4m2!3m1!1s0x89c25d083d684859:0xc59c8c9aa3f0c062,Rolo’s,restaurant,favorite,
Ridgewood,40.6961394,-73.9041455,https://www.google.com/maps/place/Evil+Twin+Brewing+NYC/data=!4m2!3m1!1s0x89c25d9e6c318cbf:0x759aff40d622bfd,Evil Twin Brewing NYC,bar,want to go,
Ridgewood,40.706827000000004,-73.9054957,https://www.google.com/maps/place/Gottscheer+Hall/data=!4m2!3m1!1s0x89c25e9dcc20ba41:0x732e0ea5c1289050,Gottscheer Hall,bar,want to go,
Ridgewood,40.6962025,-73.9048803,https://www.google.com/maps/place/Bill's/data=!4m2!3m1!1s0x89c25c24ec921ef1:0x82b06cb6f9dfd370,Bill's,restaurant,want to go,
Ridgewood,40.69778639999999,-73.9077531,https://www.google.com/maps/place/Itzel's+Taqueria+Deli/data=!4m2!3m1!1s0x89c25c04ddec3c01:0xc2552865ded54849,Itzel's Taqueria Deli,restaurant,want to go,
RJ Biddinghuizen,52.43630299999999,5.7590729,https://www.google.com/maps/place/Walibi+Holland/data=!4m2!3m1!1s0x47c7d318ca807bbf:0xd1104187b7b2cf6f,Walibi Holland,park,favorite,
Rock Hill,34.925179,-81.0260237,https://www.google.com/maps/place/Am%C3%A9lie's+French+Bakery+%26+Caf%C3%A9/data=!4m2!3m1!1s0x88568855d9562321:0x6b7500c2294a43db,Amélie's French Bakery & Café,bakery,favorite,
Rock Hill,34.9503159,-81.0189604,https://www.google.com/maps/place/Mado+Bakery+and+Cafe/data=!4m2!3m1!1s0x8856894a01a3c98d:0x4ccb2a811e393280,Mado Bakery and Cafe,bakery,favorite,
Rock Hill,34.9417154,-81.0358201,https://www.google.com/maps/place/Burgers+%26+Barley/data=!4m2!3m1!1s0x8856891c66903b77:0x1f68371be791639a,Burgers & Barley,bar,favorite,
Rock Hill,34.942395499999996,-81.0341572,https://www.google.com/maps/place/Cupps+Cafe/data=!4m2!3m1!1s0x8856891c4f8c63e9:0x5040936565452b94,Cupps Cafe,cafe,favorite,true
Rock Hill,34.9448588,-81.02620320000001,https://www.google.com/maps/place/Lell's+Cafe/data=!4m2!3m1!1s0x8856890bffb76147:0x2e0fb8d25f377fef,Lell's Cafe,cafe,favorite,true
Rock Hill,34.9155521,-80.9992551,https://www.google.com/maps/place/Mary's+Cafe/data=!4m2!3m1!1s0x885688656ad3bc27:0x99f91ca1db76585f,Mary's Cafe,cafe,favorite,
Rock Hill,34.961445399999995,-81.00798379999999,https://www.google.com/maps/place/Rise+%26+Shine+Doughnut+Cafe/data=!4m2!3m1!1s0x88568952968255f7:0xa7e339b922b0413a,Rise & Shine Doughnut Cafe,cafe,favorite,true
Rock Hill,34.9255709,-81.0264725,https://www.google.com/maps/place/Rock+Hill+Coffee/data=!4m2!3m1!1s0x885689a6e510c565:0x51f08bfea0bd661b,Rock Hill Coffee,cafe,favorite,
Rock Hill,34.9745674,-81.0574827,https://www.google.com/maps/place/A+Deciple's+Dream+Store/data=!4m2!3m1!1s0x88568eb4902dc5ef:0xe74e0ea2e92e1b30,A Deciple's Dream Store,shop,favorite,true
Rock Hill,34.9247642,-81.0275237,https://www.google.com/maps/place/Elk+Ave+Tavern/data=!4m2!3m1!1s0x8856890006e73c1f:0x95025a7bfd0a080,Elk Ave Tavern,bar,favorite,
Rock Hill,34.92577850000001,-81.026563,https://www.google.com/maps/place/Elsie's+at+Kounter/data=!4m2!3m1!1s0x88568928327c7d4f:0x6c1ae95be5898a36,Elsie's at Kounter,bar,favorite,
Rock Hill,34.9255673,-81.0267303,https://www.google.com/maps/place/Five+%26+Dine/data=!4m2!3m1!1s0x8856885591228f17:0x7fde422e5ab1f71e,Five & Dine,other,favorite,true
Rock Hill,34.9425552,-80.9597553,https://www.google.com/maps/place/Five+Guys/data=!4m2!3m1!1s0x88568641f4fabe01:0x9ff4c61abaf7721d,Five Guys,restaurant,favorite,
Rock Hill,34.942561600000005,-81.0365408,https://www.google.com/maps/place/Friendly+Billiards/data=!4m2!3m1!1s0x8856891c123c4dd9:0xc6a7356eb5840f81,Friendly Billiards,other,favorite,
Rock Hill,34.9250638,-81.0256594,https://www.google.com/maps/place/Gallery+Up/data=!4m2!3m1!1s0x88568855d90ea2b9:0xd8ee4063eb4f2ae3,Gallery Up,art,favorite,true
Rock Hill,34.940887499999995,-80.9659954,https://www.google.com/maps/place/Ginza+Buffet+of+Rock+Hill/data=!4m2!3m1!1s0x885687a75ee77cd3:0xde06aad647801876,Ginza Buffet of Rock Hill,restaurant,favorite,
Rock Hill,34.934069199999996,-81.02000009999999,https://www.google.com/maps/place/Glencairn+Garden/data=!4m2!3m1!1s0x885688fa0ad10cdb:0xdacbc5488b57375,Glencairn Garden,park,favorite,
Rock Hill,34.9151994,-81.0281462,https://www.google.com/maps/place/Gourmet+Soul+Kitchen/data=!4m2!3m1!1s0x885689d72c7e45f5:0xa84659104010d814,Gourmet Soul Kitchen,restaurant,favorite,true
Rock Hill,34.94210879999999,-81.0349201,https://www.google.com/maps/place/Ichiro+Rock+Hill/data=!4m2!3m1!1s0x88568674bba84757:0xbd8a665b57e574d8,Ichiro Rock Hill,restaurant,favorite,
Rock Hill,34.942971899999996,-81.0362382,https://www.google.com/maps/place/Just+A+Grubbin/data=!4m2!3m1!1s0x8856896a248fa0c1:0xa193de257a01dcfc,Just A Grubbin,restaurant,favorite,true
Rock Hill,34.9247768,-81.02756839999999,https://www.google.com/maps/place/Kinch's/data=!4m2!3m1!1s0x88568855b73b084f:0x5ea9a40d0f83e264,Kinch's,restaurant,favorite,true
Rock Hill,34.9255673,-81.0267303,https://www.google.com/maps/place/Kounter/data=!4m2!3m1!1s0x885689bc058c40c1:0x599ec5cc2dd0a85b,Kounter,restaurant,favorite,
Rock Hill,34.9609522,-81.00365579999999,https://www.google.com/maps/place/Las+Americas+Supermarket/data=!4m2!3m1!1s0x885688b6d4b74e13:0x7d611618759e130,Las Americas Supermarket,shop,favorite,
Rock Hill,34.930423,-81.02489179999999,https://www.google.com/maps/place/Legal+Remedy+Brewing/data=!4m2!3m1!1s0x8856898deeff70e9:0xe92286384b1afa2d,Legal Remedy Brewing,bar,favorite,
Rock Hill,34.930190599999996,-81.0236795,https://www.google.com/maps/place/Legal+Remedy+Brewing/data=!4m2!3m1!1s0x885689303353a92d:0x11a36eda03b214d9,Legal Remedy Brewing,restaurant,favorite,
Rock Hill,34.9702103,-80.99472589999999,https://www.google.com/maps/place/Luigi+%26+Sons/data=!4m2!3m1!1s0x88568f533359ace7:0xbe0cb2de2ecc4c1c,Luigi & Sons,restaurant,favorite,true
Rock Hill,34.945349799999995,-81.0296111,https://www.google.com/maps/place/Michael's+Rock+Hill+Grille/data=!4m2!3m1!1s0x885688e1bb3414fd:0xdc2ce7751c3deb9,Michael's Rock Hill Grille,restaurant,favorite,true
Rock Hill,34.92582699999999,-81.02571019999999,https://www.google.com/maps/place/Millstone+Pizza+and+Taphouse/data=!4m2!3m1!1s0x885688560b7c11f1:0x37b57dfdd1509f39,Millstone Pizza and Taphouse,restaurant,favorite,
Rock Hill,34.9404132,-80.98131029999999,https://www.google.com/maps/place/MoMo+Donuts/data=!4m2!3m1!1s0x88568772dfa2b763:0x9e416323ab6b7ce2,MoMo Donuts,bakery,favorite,
Rock Hill,34.9790614,-81.0653751,https://www.google.com/maps/place/Outsiders+Tavern/data=!4m2!3m1!1s0x88568fce8dc218e9:0xd953dc1250cc1476,Outsiders Tavern,restaurant,favorite,
Rock Hill,34.9175336,-81.0093462,https://www.google.com/maps/place/Red's+Grill/data=!4m2!3m1!1s0x8856885d819f89c3:0x1541ac01239a5516,Red's Grill,restaurant,favorite,
Rock Hill,34.944534,-80.97834999999999,https://www.google.com/maps/place/Regal+Manchester+-+Rock+Hill/data=!4m2!3m1!1s0x8856862291e662d9:0x9defb7aa9b3f8bc8,Regal Manchester - Rock Hill,other,favorite,
Rock Hill,34.90480169999999,-80.9800534,https://www.google.com/maps/place/Rock+Hill+High+School/data=!4m2!3m1!1s0x885666ff3db7670b:0xe9b448dbb781dde7,Rock Hill High School,other,favorite,
Rock Hill,34.9255757,-81.027391,https://www.google.com/maps/place/Rock+Taco/data=!4m2!3m1!1s0x885689325675169d:0xc3cb9b5cf27288e,Rock Taco,restaurant,favorite,
Rock Hill,34.930059,-80.97080199999999,https://www.google.com/maps/place/Second+Editions+-+Rock+Hill+(Goodwill+Outlet)/data=!4m2!3m1!1s0x885687a57800139b:0xb40c8c119e4350ac,Second Editions - Rock Hill (Goodwill Outlet),shop,favorite,
Rock Hill,34.9546722,-81.01427319999999,https://www.google.com/maps/place/Shrimp+Boat/data=!4m2!3m1!1s0x885688c6bd6a476f:0xb8187efb8e86d153,Shrimp Boat,restaurant,favorite,
Rock Hill,34.9366349,-81.03514799999999,https://www.google.com/maps/place/Slow+Play+Brewing/data=!4m2!3m1!1s0x8856890d6725c317:0x94533607ff78c201,Slow Play Brewing,bar,favorite,
Rock Hill,34.977026599999995,-80.9990924,https://www.google.com/maps/place/Sonic+Drive-In/data=!4m2!3m1!1s0x88568f51d367726d:0x91f5f0368fbe55e7,Sonic Drive-In,restaurant,favorite,
Rock Hill,34.9746238,-81.0240872,https://www.google.com/maps/place/Southern+Hills+Gastropub/data=!4m2!3m1!1s0x88568fd00c340389:0x90e2a603e52eae8f,Southern Hills Gastropub,restaurant,favorite,true
Rock Hill,34.989513699999996,-81.1000265,https://www.google.com/maps/place/T+C's+Shaved+Ice/data=!4m2!3m1!1s0x88568c68b11a6f83:0x9c8188187016b8fc,T C's Shaved Ice,restaurant,favorite,
Rock Hill,34.9849014,-80.9737537,https://www.google.com/maps/place/The+Pump+House/data=!4m2!3m1!1s0x885685eed52093f3:0xe9886dc6036dab91,The Pump House,restaurant,favorite,
Rock Hill,34.9779409,-81.0024305,https://www.google.com/maps/place/The+Yolk/data=!4m2!3m1!1s0x885688b36ebebbeb:0xfbb7fb58ea3dcc4b,The Yolk,restaurant,favorite,true
Rock Hill,34.9834222,-80.9720519,https://www.google.com/maps/place/Tony's+Cantina+Mexican+Grill/data=!4m2!3m1!1s0x885685ba3eb60ae1:0x929f7e7bb1327b3e,Tony's Cantina Mexican Grill,restaurant,favorite,
Rock Hill,34.962025,-81.0022843,https://www.google.com/maps/place/Towne+Tavern+at+Rock+Hill/data=!4m2!3m1!1s0x885688b1471cb9a9:0x1a350a7e6a24a473,Towne Tavern at Rock Hill,restaurant,favorite,
Rock Hill,34.9715461,-80.990237,https://www.google.com/maps/place/Waffle+House/data=!4m2!3m1!1s0x88568f544dc76349:0xf2539dda78c0589d,Waffle House,restaurant,favorite,
Rock Hill,34.944067,-81.03201080000001,https://www.google.com/maps/place/Wingbonz/data=!4m2!3m1!1s0x8856891e05f9e3af:0x2130e95900fdbd56,Wingbonz,restaurant,favorite,
Rock Hill,34.921866900000005,-81.0422212,https://www.google.com/maps/place/Surefire+Neighborhood+Market/data=!4m2!3m1!1s0x885689af5a474761:0x3003351a331616cf,Surefire Neighborhood Market,park,favorite,true
Rock Hill,34.95249079999999,-81.0158305,https://www.google.com/maps/place/El+Cancun+Mexican+Restaurant/data=!4m2!3m1!1s0x885688c3ed4e475b:0xbdb8109379bf87ca,El Cancun Mexican Restaurant,restaurant,favorite,
Rock Hill,34.95684459999999,-80.9967281,https://www.google.com/maps/place/Helen's+Hot+Chicken+%26+Seafood+Rock+Hill/data=!4m2!3m1!1s0x88568936bfb1f793:0x4f7d2f7afd0c5550,Helen's Hot Chicken & Seafood Rock Hill,restaurant,favorite,
Rock Hill,34.9506006,-81.019769,https://www.google.com/maps/place/Tequila+Family+Mexican+Restaurant/data=!4m2!3m1!1s0x885688c2dc1556bf:0xe90375ff603919e4,Tequila Family Mexican Restaurant,restaurant,favorite,true
Rock Hill,34.9259682,-81.0255203,https://www.google.com/maps/place/The+Flipside+Restaurant/data=!4m2!3m1!1s0x885688560e6e4a29:0x247a31e97c5aee7e,The Flipside Restaurant,restaurant,favorite,
Rock Hill,34.931898499999996,-81.0305526,https://www.google.com/maps/place/The+White+Horse+Restaurant/data=!4m2!3m1!1s0x8856891c3e97d641:0xdc5f3f06a74cbdf4,The White Horse Restaurant,restaurant,favorite,true
Rock Hill,34.964629599999995,-80.99429599999999,https://www.google.com/maps/place/Tender+Hearts+Thrift+Store/data=!4m2!3m1!1s0x88568eb4902dc5ef:0xc7d74bf523d725d7,Tender Hearts Thrift Store,shop,favorite,
Rock Hill,34.9256623,-81.02746979999999,https://www.google.com/maps/place/Tattooed+Brews/data=!4m2!3m1!1s0x885689a044e80599:0x140f53c3b871587b,Tattooed Brews,tattoo,favorite,
Rock Hill,34.9348524,-81.027006,https://www.google.com/maps/place/Blue+Goose+Art+Supply/data=!4m2!3m1!1s0x8856893a81c38a21:0x30bb349a290a77d,Blue Goose Art Supply,art,want to go,
Rock Hill,34.9423813,-81.0341231,https://www.google.com/maps/place/Flora+Coffee/data=!4m2!3m1!1s0x885689aca4cc1d89:0xd210dc1218439c6,Flora Coffee,cafe,want to go,
Rock Hill,34.9288002,-81.0278362,https://www.google.com/maps/place/19th+at+the+Warehouses/data=!4m2!3m1!1s0x885689a7e79a7871:0x251e56aa4580320a,19th at the Warehouses,other,want to go,
Rock Hill,34.9085907,-81.01687799999999,https://www.google.com/maps/place/American+Diva/data=!4m2!3m1!1s0x88569cf329305259:0x58acfe2a717916df,American Diva,shop,want to go,
Rock Hill,34.9247431,-81.02604529999999,https://www.google.com/maps/place/Ay+Papi+Tacos+%26+Tequila/data=!4m2!3m1!1s0x885689ab66f5bd19:0x3a0569ba1830fa60,Ay Papi Tacos & Tequila,restaurant,want to go,
Rock Hill,34.9703909,-80.99449589999999,https://www.google.com/maps/place/Bajo+Cero+San+Marcos/data=!4m2!3m1!1s0x88568ff818870903:0x8e479d11c360cdb5,Bajo Cero San Marcos,shop,want to go,
Rock Hill,34.9557378,-81.0470885,https://www.google.com/maps/place/Brooklyn+pizza/data=!4m2!3m1!1s0x885689226f41c8f3:0x78a0fe2e3747ca5d,Brooklyn pizza,restaurant,want to go,
Rock Hill,34.9367326,-81.0350131,https://www.google.com/maps/place/Cibi+Cibi/data=!4m2!3m1!1s0x885689212008852b:0xadab9ff213e149b2,Cibi Cibi,restaurant,want to go,
Rock Hill,34.9771694,-80.99104450000002,https://www.google.com/maps/place/Empire+Pizza+Rock+Hill/data=!4m2!3m1!1s0x88568f575d4ed9fd:0xb483d5c321fc2fd4,Empire Pizza Rock Hill,restaurant,want to go,
Rock Hill,34.9282128,-81.0248713,https://www.google.com/maps/place/Hoppin%E2%80%99+Rock+Hill/data=!4m2!3m1!1s0x885689b08ed86783:0x7f27e329329f35d,Hoppin’ Rock Hill,bar,want to go,
Rock Hill,34.9144108,-81.0066169,https://www.google.com/maps/place/Hot+Dog+Depot/data=!4m2!3m1!1s0x88568867d57ac5b7:0x840f09b0ed73d952,Hot Dog Depot,restaurant,want to go,
Rock Hill,34.977048700000005,-80.9953151,https://www.google.com/maps/place/Kate's+Skating+Center/data=!4m2!3m1!1s0x88568f505502d613:0xdb84807aa2551dbd,Kate's Skating Center,other,want to go,
Rock Hill,34.967792,-81.053144,https://www.google.com/maps/place/Lee%E2%80%99s/data=!4m2!3m1!1s0x885689a62490ece7:0x39c6977ec21d865a,Lee’s,shop,want to go,
Rock Hill,34.9770836,-80.9917141,https://www.google.com/maps/place/Los+Cantaritos/data=!4m2!3m1!1s0x88568f573b0c0001:0x80041c91672562f1,Los Cantaritos,restaurant,want to go,
Rock Hill,34.9430724,-81.0305734,https://www.google.com/maps/place/Off+The+Tracks+Brewing/data=!4m2!3m1!1s0x8856896310aad493:0xe7b152843d20a706,Off The Tracks Brewing,bar,want to go,
Rock Hill,34.9321276,-81.03039629999999,https://www.google.com/maps/place/Old+Town+Kitchen+%26+Cocktails/data=!4m2!3m1!1s0x88568955c44723ff:0xa33509ecc9f14ae5,Old Town Kitchen & Cocktails,restaurant,want to go,
Rock Hill,34.950364799999996,-81.049167,https://www.google.com/maps/place/Palmetto+Skin+%26+Laser+Center/data=!4m2!3m1!1s0x885689158ad5ffcf:0x706416fec569e988,Palmetto Skin & Laser Center,other,want to go,
Rock Hill,34.9251465,-81.0271605,https://www.google.com/maps/place/Player+1UP/data=!4m2!3m1!1s0x885689ced65d639f:0xe49f0ca3aedce887,Player 1UP,other,want to go,
Rock Hill,34.901699199999996,-81.029974,https://www.google.com/maps/place/Shrimp+Boat/data=!4m2!3m1!1s0x885689cad676f8c1:0x808c1171695dc8ad,Shrimp Boat,restaurant,want to go,
Rock Hill,34.963769799999994,-80.99448869999999,https://www.google.com/maps/place/Tandoor+Indian+Cuisine/data=!4m2!3m1!1s0x88568975582795cd:0xb2727c6d181496d5,Tandoor Indian Cuisine,restaurant,want to go,
Rock Hill,34.97606659999999,-81.00540520000001,https://www.google.com/maps/place/The+Dixie+Pig+Rock+Hill/data=!4m2!3m1!1s0x88568f490e36f6db:0xb205ddfad6b57f72,The Dixie Pig Rock Hill,bar,want to go,
Rock Hill,34.9285632,-81.02381079999999,https://www.google.com/maps/place/The+Roasting+Company-Rock+Hill/data=!4m2!3m1!1s0x885688f8ebf513ef:0x24e74ef88083afd7,The Roasting Company-Rock Hill,restaurant,want to go,
Rock Hill,34.9364358,-81.0428149,https://www.google.com/maps/place/Chicken+King+Restaurant/data=!4m2!3m1!1s0x885689fce655f5fb:0x7549863fa468e30f,Chicken King Restaurant,restaurant,want to go,
Rock Hill,34.9428805,-81.0351664,https://www.google.com/maps/place/Fiery+Crab+Juicy+Seafood/data=!4m2!3m1!1s0x88568945f5b08b35:0x541ad7379a6e078a,Fiery Crab Juicy Seafood,restaurant,want to go,
Rock Hill,34.9674635,-80.99690609999999,https://www.google.com/maps/place/Mario's+Pizza+%26+Italian+Restaurant/data=!4m2!3m1!1s0x885688acd819e2f1:0x969c12c1afea9bd3,Mario's Pizza & Italian Restaurant,restaurant,want to go,
Rock Hill,34.9636111,-80.99444439999999,https://www.google.com/maps/place/Sila+Thai+Restaurant/data=!4m2!3m1!1s0x885688ac3d4d90f1:0x7eebfee5acb54b1a,Sila Thai Restaurant,restaurant,want to go,
Rock Hill,34.9326573,-81.05886,https://www.google.com/maps/place/TJ's+Family+Restaurant/data=!4m2!3m1!1s0x8856890c73797ceb:0xa77cfcb3870fb2de,TJ's Family Restaurant,restaurant,want to go,
Rockaway Beach,40.5844215,-73.8166854,https://www.google.com/maps/place/Connolly's+Bar/data=!4m2!3m1!1s0x89c26847bfbac9db:0x48413efa7bb401f9,Connolly's Bar,bar,want to go,
Roma RM,41.8626743,12.4848143,https://www.google.com/maps/place/Ristoro+degli+Angeli/data=!4m2!3m1!1s0x13258a877aa4518b:0x53ef1a1dfa45c024,Ristoro degli Angeli,restaurant,want to go,
Romania,44.6051234,26.0854355,https://www.google.com/maps/place/Therme+Bucharest/data=!4m2!3m1!1s0x40b21bdb3801500b:0xf8107e7e5f8b4746,Therme Bucharest,other,want to go,
Romoos,46.979134599999995,7.9859732999999995,https://www.google.com/maps/place/Wiesner+Mysterion/data=!4m2!3m1!1s0x478fc133dc0d61e1:0xcf9b3031eb5dbc60,Wiesner Mysterion,other,want to go,
Ropažu pagasts,56.950188700000005,24.412371899999997,https://www.google.com/maps/place/Sporta+komplekss+333/data=!4m2!3m1!1s0x46e9348555555555:0x728a395858abd974,Sporta komplekss 333,other,favorite,
Rosenthal-Bielatal,50.81274749999999,14.047031499999996,https://www.google.com/maps/place/Grenzplatte/data=!4m2!3m1!1s0x470998427a4c235f:0xa2e272501ff5e1de,Grenzplatte,other,want to go,
Rosenthal-Bielatal,50.841546599999994,14.044629399999998,https://www.google.com/maps/place/Herkuless%C3%A4ulen/data=!4m2!3m1!1s0x4709a2a38dbba761:0xa241199cc4b88324,Herkulessäulen,other,want to go,
Rothenburg ob der Tauber,49.36581325,10.16249975,https://www.google.com/maps/place/Rothenburg+ob+der+Tauber/data=!4m2!3m1!1s0x47988efdf06dff37:0x41eda32beb5f5c0,Rothenburg ob der Tauber,other,want to go,
Rothenklempenow,53.51654739999999,14.200515999999999,https://www.google.com/maps/place/Tlaxcalli+GmbH/data=!4m2!3m1!1s0x47a84fb8e266d249:0x70d69fb44691b1a6,Tlaxcalli GmbH,other,want to go,
Amsterdam,52.370346399999995,4.8891604,https://www.google.com/maps/place/The+Happy+Pig+Pancake+Shop/data=!4m2!3m1!1s0x47c609c16574bd69:0x81075e4eea0e26f0,The Happy Pig Pancake Shop,shop,want to go,
Rranxë,41.4496164,19.861509299999998,https://www.google.com/maps/place/Bovilla+Rock+climbing+line/data=!4m2!3m1!1s0x1351cbb73ba95ebf:0xf6c955321db5b6b8,Bovilla Rock climbing line,other,want to go,
Amsterdam,52.366789999999995,4.8679147,https://www.google.com/maps/place/Foodhallen/data=!4m2!3m1!1s0x47c609e0111663b5:0x1d465a7fcd7bf5ec,Foodhallen,restaurant,favorite,
Rust,48.266019400000005,7.7220076,https://www.google.com/maps/place/Europa-Park/data=!4m2!3m1!1s0x4791398732e35ed9:0x14b73404fff2ada0,Europa-Park,park,favorite,
Rust,48.2637844,7.72007,https://www.google.com/maps/place/Bamboe+Baai/data=!4m2!3m1!1s0x47913980bf67db65:0xcea56438340240dd,Bamboe Baai,restaurant,want to go,
Rust,48.2670062,7.721283499999999,https://www.google.com/maps/place/Chez+Marianne/data=!4m2!3m1!1s0x4791394e6fc7f889:0x76127dbcf83261f9,Chez Marianne,restaurant,want to go,
Rust,48.26690370000001,7.7224479,https://www.google.com/maps/place/La+Petite+France/data=!4m2!3m1!1s0x47913bc77fe4f887:0xff3569f9a6f013fe,La Petite France,restaurant,want to go,
Rust,48.267354600000004,7.721668700000001,https://www.google.com/maps/place/Pizzeria+Venezia/data=!4m2!3m1!1s0x479139879a341d0d:0x276041ba34827c5,Pizzeria Venezia,restaurant,want to go,
Rust,48.2685181,7.722029399999999,https://www.google.com/maps/place/Europa-Park+Rock+Caf%C3%A9/data=!4m2!3m1!1s0x47913987ec533253:0x2e4d424910aa5802,Europa-Park Rock Café,park,want to go,
Rust,48.2642965,7.720799999999999,https://www.google.com/maps/place/Food+Loop+-+Loopingrestaurant/data=!4m2!3m1!1s0x47913980b101a2d9:0x3f6ba8950465c053,Food Loop - Loopingrestaurant,restaurant,want to go,
Rust,48.2621078,7.740516900000002,https://www.google.com/maps/place/Restaurant+%22Bubba+Svens%22/data=!4m2!3m1!1s0x47913b42f6fcaa15:0xdd9ec4a16611391f,"Restaurant ""Bubba Svens""",restaurant,want to go,
Rust,48.2611273,7.722187399999999,https://www.google.com/maps/place/Restaurant+%22Don+Quichotte%22/data=!4m2!3m1!1s0x47913a2aeb125613:0x7c6320e0526d87b9,"Restaurant ""Don Quichotte""",restaurant,want to go,
Rust,48.25954599999999,7.7240454,https://www.google.com/maps/place/Restaurant+%22Medici%22/data=!4m2!3m1!1s0x47913a2b2c9a6dc7:0xa2a91c5dedc861e,"Restaurant ""Medici""",restaurant,want to go,
Rust,48.2617196,7.739905800000001,https://www.google.com/maps/place/Restaurant+%22Tre+Kr%C3%B8nen%22/data=!4m2!3m1!1s0x47913b23d2c91abf:0xc88740f732bb6d54,"Restaurant ""Tre Krønen""",restaurant,want to go,
Rust,48.261233999999995,7.722448599999999,https://www.google.com/maps/place/Restaurant+Bodega/data=!4m2!3m1!1s0x47913987612300d7:0xbb0f88ec8a55ee7f,Restaurant Bodega,restaurant,want to go,
Rust,48.26097839999999,7.7216484,https://www.google.com/maps/place/Restaurant+Castillo/data=!4m2!3m1!1s0x47913a2a94373f05:0xf3ac8b227e77be86,Restaurant Castillo,restaurant,want to go,
RX Zaandam,52.422912,4.8301,https://www.google.com/maps/place/Kooij/data=!4m2!3m1!1s0x47c6d902593b1a3f:0x1574564a38ca90fe,Kooij,other,favorite,
Rüdesheim am Rhein,50.028909750000004,7.893117849999999,https://www.google.com/maps/place/R%C3%BCdesheim+am+Rhein/data=!4m2!3m1!1s0x47bde6300d8c792b:0x422435029b0a270,Rüdesheim am Rhein,restaurant,want to go,
Rīga,56.963961,24.133510199999996,https://www.google.com/maps/place/Tallinas+Pagalms/data=!4m2!3m1!1s0x46eecf34082fed55:0xedfef9402b4f945f,Tallinas Pagalms,bar,favorite,
Saint-Gilles,50.8265952,4.3429473,https://www.google.com/maps/place/Friterie+de+la+Barri%C3%A8re/data=!4m2!3m1!1s0x47c3c45d4ce59707:0x569dbee6df604c91,Friterie de la Barrière,bar,want to go,
Saint-Gilles,50.83021099999999,4.3442467,https://www.google.com/maps/place/Le+Verschueren/data=!4m2!3m1!1s0x47c3c466326054eb:0xbcaa1e7f9aa29d3f,Le Verschueren,bar,want to go,
Saint-Gilles,50.8344631,4.355130599999999,https://www.google.com/maps/place/Woodpecker+20/data=!4m2!3m1!1s0x47c3c4626725666b:0xe2f1931409bad8a6,Woodpecker 20,restaurant,want to go,
Salton City,33.28060000000001,-115.9599133,https://www.google.com/maps/place/Capt+N+Jim's/data=!4m2!3m1!1s0x80da16d84be790e1:0xa6165b2ed8513eac,Capt N Jim's,bar,favorite,
Salzburg,47.79353150000001,13.007782400000002,https://www.google.com/maps/place//data=!4m2!3m1!1s0x4776903b610d778b:0xef3e653ff1c42d15,Red Bull Hangar-7,art,want to go,
Samphanthawong,13.740099200000001,100.51061209999999,https://www.google.com/maps/place/T+%26+K+Seafood/data=!4m2!3m1!1s0x30e29921726b262f:0xe57403745890580b,T & K Seafood,restaurant,want to go,
San Antonio,29.4499621,-98.51173229999999,https://www.google.com/maps/place/Martinez+Barbacoa+Y+Tamales/data=!4m2!3m1!1s0x865c5f168003e515:0xa21113b1af7177b7,Martinez Barbacoa Y Tamales,bar,want to go,
San Antonio,29.4726219,-98.5344994,https://www.google.com/maps/place/Original+Donut+Shop/data=!4m2!3m1!1s0x865c5e56970b1865:0x80d8789ecf2bef64,Original Donut Shop,shop,want to go,
San Clemente,33.4298421,-117.61724819999999,https://www.google.com/maps/place/Pedro's+Tacos/data=!4m2!3m1!1s0x80dcf472f5cbb0cf:0x823114d7718e72ed,Pedro's Tacos,restaurant,want to go,
San Diego,32.95943049999999,-117.1139499,https://www.google.com/maps/place/Stater+Bros.+Markets/data=!4m2!3m1!1s0x80dbf9c61662ab2d:0x5c4604ab0806b2c5,Stater Bros. Markets,shop,favorite,
San Diego,32.9670868,-117.1485397,https://www.google.com/maps/place/Westview+High+School/data=!4m2!3m1!1s0x80dbf82042e0ec05:0x33d470abd0dd807c,Westview High School,other,favorite,
San Diego,32.7706735,-117.2516218,https://www.google.com/maps/place/Belmont+Park/data=!4m2!3m1!1s0x80d954e299eb9719:0x146519427b49852f,Belmont Park,park,favorite,
San Diego,32.9613181,-117.11411199999999,https://www.google.com/maps/place/Rodrigo's+Taco+Shop/data=!4m2!3m1!1s0x80dbf9c5e267005b:0xf15426ba9943d8b3,Rodrigo's Taco Shop,shop,favorite,
San Diego,32.7642553,-117.1991221,https://www.google.com/maps/place/Deft+Brewing/data=!4m2!3m1!1s0x80deaaea3bdf25e7:0x4a17f88bff485c98,Deft Brewing,bar,want to go,
San Diego,32.760023,-117.1304411,https://www.google.com/maps/place/Fall+Brewing+Company/data=!4m2!3m1!1s0x80d954fee914ee73:0x24153417546fc522,Fall Brewing Company,bar,want to go,
San Diego,32.7298194,-117.1293666,https://www.google.com/maps/place/Fall+Brewing+Company+South+Park+Taproom/data=!4m2!3m1!1s0x80d955188a1220bb:0x2fce46e9ad8ea3ca,Fall Brewing Company South Park Taproom,park,want to go,
San Francisco,37.7760738,-122.4240612,https://www.google.com/maps/place/Biergarten/data=!4m2!3m1!1s0x808580a207eb89a7:0x94676fdd291c2f85,Biergarten,art,favorite,
San Francisco,37.7721333,-122.42278060000001,https://www.google.com/maps/place/Martuni's/data=!4m2!3m1!1s0x8085809fc1d9fd7f:0x3c302f46424a3609,Martuni's,art,favorite,
San Francisco,37.777049,-122.41098299999999,https://www.google.com/maps/place/Vive+la+tarte/data=!4m2!3m1!1s0x80858082e1f85ff9:0x990a167b26d9f867,Vive la tarte,art,favorite,true
San Francisco,37.7525761,-122.42092249999999,https://www.google.com/maps/place/Arizmendi+Bakery/data=!4m2!3m1!1s0x808f7e4081fd74db:0xa387dff5515cf0af,Arizmendi Bakery,bakery,favorite,
San Francisco,37.763405,-122.4664416,https://www.google.com/maps/place/Arizmendi+Bakery/data=!4m2!3m1!1s0x8085875c351fd531:0xbd0bd910a2c29bee,Arizmendi Bakery,bakery,favorite,
San Francisco,37.761434699999995,-122.42408209999999,https://www.google.com/maps/place/Tartine+Bakery/data=!4m2!3m1!1s0x808f7e1807365605:0x601f7a97f0ce6c6b,Tartine Bakery,bakery,favorite,
San Francisco,37.75970219999999,-122.43470690000001,https://www.google.com/maps/place/Anchor+Oyster+Bar/data=!4m2!3m1!1s0x808f7e1ad02d18c1:0x53bf78f2954ac07e,Anchor Oyster Bar,bar,favorite,
San Francisco,37.7639892,-122.4215399,https://www.google.com/maps/place/Bar+Tartine/data=!4m2!3m1!1s0x808f7e22f99d42e1:0x357376c098d065a0,Bar Tartine,bar,favorite,true
San Francisco,37.761818,-122.4218465,https://www.google.com/maps/place/Fellow+Barber/data=!4m2!3m1!1s0x808f7e22d2b282a7:0xc838cb749155a4e8,Fellow Barber,bar,favorite,
San Francisco,37.7742011,-122.4373746,https://www.google.com/maps/place/Madrone+Art+Bar/data=!4m2!3m1!1s0x808580afaf7b56a5:0x1ba75c38fe00e92a,Madrone Art Bar,bar,favorite,
San Francisco,37.7839519,-122.40905920000002,https://www.google.com/maps/place/Mikkeller+Bar+SF/data=!4m2!3m1!1s0x80858085912a6cd9:0x99d9aa0a8794222f,Mikkeller Bar SF,bar,favorite,true
San Francisco,37.7499385,-122.42071769999998,https://www.google.com/maps/place/Pi+Bar/data=!4m2!3m1!1s0x808f7e41047dddcb:0x1525de6937a12de4,Pi Bar,bar,favorite,
San Francisco,37.7529581,-122.40832019999999,https://www.google.com/maps/place/Pop's+Bar/data=!4m2!3m1!1s0x808f7e4941efa0d3:0x46c903a146bf64e9,Pop's Bar,bar,favorite,
San Francisco,37.7764194,-122.4258472,https://www.google.com/maps/place/Two+Sisters+Bar+and+Books/data=!4m2!3m1!1s0x80858098dcf73b97:0x33947ba3a92a4f18,Two Sisters Bar and Books,bar,favorite,
San Francisco,37.7771089,-122.4226545,https://www.google.com/maps/place/Arlequin+Cafe+%26+Food+To+Go/data=!4m2!3m1!1s0x80858098bfb0bbaf:0xc1082d6fa35fe6e0,Arlequin Cafe & Food To Go,cafe,favorite,true
San Francisco,37.77633420000001,-122.42323750000001,https://www.google.com/maps/place/Blue+Bottle+Coffee/data=!4m2!3m1!1s0x80858098babc2d4b:0xbeedd659cc698c92,Blue Bottle Coffee,cafe,favorite,true
San Francisco,37.782457300000004,-122.40776179999997,https://www.google.com/maps/place/Blue+Bottle+Coffee/data=!4m2!3m1!1s0x808580842e3505e1:0x919a0502d0d2eee6,Blue Bottle Coffee,cafe,favorite,true
San Francisco,37.7530833,-122.4076472,https://www.google.com/maps/place/Dynamo+Donut+%26+Coffee/data=!4m2!3m1!1s0x808f7e495d04f423:0xe1a1be29e9a2ff2d,Dynamo Donut & Coffee,cafe,favorite,
San Francisco,37.7670234,-122.42178059999999,https://www.google.com/maps/place/Four+Barrel+Coffee/data=!4m2!3m1!1s0x808f7e218f9bf6ff:0xd739722d19b32b9b,Four Barrel Coffee,cafe,favorite,
San Francisco,37.7526833,-122.4137444,https://www.google.com/maps/place/Haus+Coffee/data=!4m2!3m1!1s0x808f7e47cc899225:0x43b7c8b8b865719e,Haus Coffee,cafe,favorite,
San Francisco,37.7763813,-122.42417159999998,https://www.google.com/maps/place/Ritual+Coffee+Roasters/data=!4m2!3m1!1s0x808580a2085a4bef:0x97508fc44679a00e,Ritual Coffee Roasters,cafe,favorite,
San Francisco,37.75642529999999,-122.4214111,https://www.google.com/maps/place/Ritual+Coffee+Roasters/data=!4m2!3m1!1s0x808f7e3e89dacb9b:0x6b734213bb326353,Ritual Coffee Roasters,cafe,favorite,
San Francisco,37.7984797,-122.4220775,https://www.google.com/maps/place/Saint+Frank+Coffee/data=!4m2!3m1!1s0x808580e84308f899:0x1a6c72e2732c9aab,Saint Frank Coffee,cafe,favorite,
San Francisco,37.7770356,-122.40845429999997,https://www.google.com/maps/place/Sightglass+Coffee/data=!4m2!3m1!1s0x80858082387de57f:0xc144ba641bc1c6bb,Sightglass Coffee,cafe,favorite,
San Francisco,37.7899543,-122.42069879999998,https://www.google.com/maps/place/Hi-Lo+Club/data=!4m2!3m1!1s0x80858094dc85ef79:0x7e0f79886adf17bb,Hi-Lo Club,club,favorite,
San Francisco,37.768411500000006,-122.41979320000002,https://www.google.com/maps/place/The+Armory+Club/data=!4m2!3m1!1s0x808f7e211550be65:0xa69436aa917fb535,The Armory Club,club,favorite,true
San Francisco,37.7681111,-122.4246111,https://www.google.com/maps/place/37%C2%B046'05.2%22N+122%C2%B025'28.6%22W/data=!4m2!3m1!1s0x808f7e1f787e216f:0x7db116619ea717e5,"37°46'05.2""N 122°25'28.6""W",other,favorite,true
San Francisco,37.7595618,-122.4216376,https://www.google.com/maps/place/826+Valencia+Pirate+Supply+Store/data=!4m2!3m1!1s0x808f7e3d00b3d587:0xf1147e44de22c5e,826 Valencia Pirate Supply Store,shop,favorite,
San Francisco,37.7901539,-122.39777249999997,https://www.google.com/maps/place/83+Proof/data=!4m2!3m1!1s0x80858063105c6faf:0x904f129596e3e018,83 Proof,bar,favorite,
San Francisco,37.7649603,-122.42355719999998,https://www.google.com/maps/place/ABV/data=!4m2!3m1!1s0x808f7e220ceb321f:0x289a2c0b0b0cf195,ABV,bar,favorite,
San Francisco,37.7849354,-122.43252319999999,https://www.google.com/maps/place/AMC+Kabuki+8/data=!4m2!3m1!1s0x808580b85700fd99:0xf3429a61b6bd52ca,AMC Kabuki 8,other,favorite,
San Francisco,37.779399999999995,-122.41046109999998,https://www.google.com/maps/place/AQ/data=!4m2!3m1!1s0x808580837c524b85:0xd5cb9bdd7a45c73,AQ,restaurant,favorite,
San Francisco,37.775043,-122.412832,https://www.google.com/maps/place/AsiaSF/data=!4m2!3m1!1s0x8085809d4c81227f:0x68fa0ae7d2bb8214,AsiaSF,restaurant,favorite,
San Francisco,37.776585499999996,-122.42316459999999,https://www.google.com/maps/place/Azalea+Boutique/data=!4m2!3m1!1s0x80858098bd9e7d29:0xf750d67c04f767de,Azalea Boutique,shop,favorite,true
San Francisco,37.746886499999995,-122.41886410000001,https://www.google.com/maps/place/Baby+Blues+BBQ/data=!4m2!3m1!1s0x808f7e438e8c3c29:0xbd8d4d03adb0f6c5,Baby Blues BBQ,bar,favorite,
San Francisco,37.7895791,-122.41252850000001,https://www.google.com/maps/place/bacchus+kirk/data=!4m2!3m1!1s0x8085808df4e15a19:0x7dd57fb23ec4cbb2,bacchus kirk,bar,favorite,true
San Francisco,37.7550677,-122.4229835,https://www.google.com/maps/place/Beast+and+the+Hare/data=!4m2!3m1!1s0x808f7e3e3bd0d68d:0x39ed7994eef57cb4,Beast and the Hare,restaurant,favorite,true
San Francisco,37.7538556,-122.42063270000001,https://www.google.com/maps/place/Beretta/data=!4m2!3m1!1s0x808f7e3f7314ea1d:0x7ac33881798711f4,Beretta,restaurant,favorite,
San Francisco,37.76158999999999,-122.425717,https://www.google.com/maps/place/Bi-Rite+Creamery/data=!4m2!3m1!1s0x808f7e183c2a5c87:0xf75bf92aa3d52296,Bi-Rite Creamery,shop,favorite,
San Francisco,37.761345,-122.424711,https://www.google.com/maps/place/Bi-Rite+Market/data=!4m2!3m1!1s0x808f7e18053e62fd:0xe854021bbfd649d4,Bi-Rite Market,shop,favorite,
San Francisco,37.762997299999995,-122.4343115,https://www.google.com/maps/place/Bisou+Bistronomy/data=!4m2!3m1!1s0x808f7e1ca5d6cf3d:0x4007e0004aa719e7,Bisou Bistronomy,restaurant,favorite,
San Francisco,37.7451621,-122.4203773,https://www.google.com/maps/place/Blue+Plate/data=!4m2!3m1!1s0x808f7e430e64dded:0xd2ec209c25b9732d,Blue Plate,restaurant,favorite,
San Francisco,37.7600236,-122.4211008,https://www.google.com/maps/place/Boba+Guys+Mission/data=!4m2!3m1!1s0x808f7e3cfdb89265:0x8ae0820c41111f70,Boba Guys Mission,shop,favorite,true
San Francisco,37.755500000000005,-122.4208333,https://www.google.com/maps/place/Boogaloos/data=!4m2!3m1!1s0x808f7e3efafd981f:0x8a5934e1d33e84f6,Boogaloos,restaurant,favorite,
San Francisco,37.79326969999999,-122.39286789999998,https://www.google.com/maps/place/Boulevard/data=!4m2!3m1!1s0x808580644adbec17:0x34b391d08d9fe6bc,Boulevard,restaurant,favorite,
San Francisco,37.7860052,-122.4132059,https://www.google.com/maps/place/Bourbon+%26+Branch/data=!4m2!3m1!1s0x808580902bbc9e69:0xe045cd09af8db804,Bourbon & Branch,bar,favorite,
San Francisco,37.7768629,-122.42439290000002,https://www.google.com/maps/place/Brass+Tacks/data=!4m2!3m1!1s0x808580a2741aa893:0x4d9d188582960372,Brass Tacks,bar,favorite,
San Francisco,37.7534401,-122.42104309999999,https://www.google.com/maps/place/Buffalo+Exchange/data=!4m2!3m1!1s0x808f7e3f73e1ba7f:0xf24d99b0993ff4e7,Buffalo Exchange,shop,favorite,
San Francisco,37.7711094,-122.41329069999999,https://www.google.com/maps/place/Butter/data=!4m2!3m1!1s0x808f7e262f3caabd:0x1990bb2f6c360c43,Butter,bar,favorite,
San Francisco,37.770075,-122.41518699999999,https://www.google.com/maps/place/CatHead's+BBQ/data=!4m2!3m1!1s0x808f7e265952a505:0xe4e99aeae4345686,CatHead's BBQ,bar,favorite,true
San Francisco,37.7592504,-122.41105909999997,https://www.google.com/maps/place/Central+Kitchen/data=!4m2!3m1!1s0x808f7e37160ce1af:0x69a65e8dd85a61c,Central Kitchen,restaurant,favorite,
San Francisco,37.7678909,-122.42917759999999,https://www.google.com/maps/place/Churchill/data=!4m2!3m1!1s0x808f7e1e72c0f389:0xdb6440353dac5bed,Churchill,bar,favorite,
San Francisco,37.7752421,-122.4101313,https://www.google.com/maps/place/Citizen's+Band/data=!4m2!3m1!1s0x80858082802df119:0xcc73decb473c3937,Citizen's Band,restaurant,favorite,true
San Francisco,37.778507,-122.51398080000001,https://www.google.com/maps/place/Cliff+House/data=!4m2!3m1!1s0x808587b59d73dbed:0x5ef0b938c3c457f3,Cliff House,restaurant,favorite,true
San Francisco,37.7618358,-122.42188290000001,https://www.google.com/maps/place/CLOSED/data=!4m2!3m1!1s0x808f7f9d1c5aa5b3:0xa02509a0abc5e864,CLOSED,restaurant,favorite,true
San Francisco,37.7613367,-122.419571,https://www.google.com/maps/place/Commonwealth/data=!4m2!3m1!1s0x808f7e3cbe012aa3:0xbe50c64832a54535,Commonwealth,restaurant,favorite,
San Francisco,37.7609056,-122.4216833,https://www.google.com/maps/place/Craftsman+and+Wolves/data=!4m2!3m1!1s0x808f7e3d21c27373:0xa60125d472a41c83,Craftsman and Wolves,other,favorite,
San Francisco,37.7613671,-122.4243616,https://www.google.com/maps/place/Delfina/data=!4m2!3m1!1s0x808f7e1806d86c9d:0xc9cb2a89fd8c5ede,Delfina,restaurant,favorite,
San Francisco,37.7775834,-122.4070585,https://www.google.com/maps/place/Deli+Board/data=!4m2!3m1!1s0x80858083ba147b83:0x7f293054a3647a6,Deli Board,shop,favorite,
San Francisco,37.76474220000001,-122.42272360000001,https://www.google.com/maps/place/Delirium/data=!4m2!3m1!1s0x808f7e2269ebd8f3:0x2b7df1d017626ded,Delirium,bar,favorite,
San Francisco,37.758364699999994,-122.42149230000001,https://www.google.com/maps/place/Dog+Eared+Books/data=!4m2!3m1!1s0x808f7e3dca9b0647:0x7df4a6f7e85f7451,Dog Eared Books,shop,favorite,
San Francisco,37.787329299999996,-122.45215039999998,https://www.google.com/maps/place/Dolce+%26+Salato/data=!4m2!3m1!1s0x80858733d84226bd:0x9949e70935b3017c,Dolce & Salato,other,favorite,true
San Francisco,37.7758872,-122.42630369999999,https://www.google.com/maps/place/Domo/data=!4m2!3m1!1s0x808580a24840bb67:0xef83841203e9d0dd,Domo,restaurant,favorite,
San Francisco,37.7571298,-122.42089689999997,https://www.google.com/maps/place/DOSA+on+Valencia+(CLOSED)/data=!4m2!3m1!1s0x808f7e3e8111d63f:0xa17c82c8445a20c4,DOSA on Valencia (CLOSED),restaurant,favorite,true
San Francisco,37.7625064,-122.42141160000001,https://www.google.com/maps/place/Elbo+Room/data=!4m2!3m1!1s0x808f7e22d75e1f63:0xcbd646b7e9a03de9,Elbo Room,club,favorite,
San Francisco,37.761752800000004,-122.42288889999999,https://www.google.com/maps/place/Farina/data=!4m2!3m1!1s0x808f7e22b434567b:0xae49baf06aa02208,Farina,restaurant,favorite,true
San Francisco,37.781469,-122.45297939999998,https://www.google.com/maps/place/fifty%2Ffifty/data=!4m2!3m1!1s0x808587360e17ab2f:0x2931bbbe92902a78,fifty/fifty,cafe,favorite,
San Francisco,37.7870637,-122.4340228,https://www.google.com/maps/place/FLOR/data=!4m2!3m1!1s0x808580c78caa14f3:0xaa2fa40452ab49b6,FLOR,shop,favorite,
San Francisco,37.7589398,-122.4122858,https://www.google.com/maps/place/Flour+%2B+Water/data=!4m2!3m1!1s0x808f7e375e82560d:0x672c242d518603e0,Flour + Water,restaurant,favorite,
San Francisco,37.7564917,-122.41911940000001,https://www.google.com/maps/place/Foreign+Cinema/data=!4m2!3m1!1s0x808f7e3ec8cb0b3f:0x2f54db460b3cf3d9,Foreign Cinema,restaurant,favorite,
San Francisco,37.760279,-122.5054804,https://www.google.com/maps/place/GENERAL+STORE/data=!4m2!3m1!1s0x808587972e00f913:0xaa191cf8b355f59c,GENERAL STORE,shop,favorite,
San Francisco,37.790016099999995,-122.39001460000001,https://www.google.com/maps/place/Google+San+Francisco+-+345+Spear+St/data=!4m2!3m1!1s0x8085806415f06bdf:0xf048a8b5bd7b0cf3,Google San Francisco - 345 Spear St,other,favorite,
San Francisco,37.765647699999995,-122.4353113,https://www.google.com/maps/place/Healthy+Spirits/data=!4m2!3m1!1s0x808f7e1d3343a2c9:0x5851ec10ba22a2b3,Healthy Spirits,shop,favorite,
San Francisco,37.757155399999995,-122.41474849999997,https://www.google.com/maps/place/Heirloom+Caf%C3%A9/data=!4m2!3m1!1s0x808f7e39b21a71dd:0x1c92650b8bbcc559,Heirloom Café,restaurant,favorite,
San Francisco,37.7761613,-122.4088266,https://www.google.com/maps/place/HK+Lounge+Bistro/data=!4m2!3m1!1s0x808580826d982ea5:0x4df9fedd3a1dc455,HK Lounge Bistro,restaurant,favorite,
San Francisco,37.760072199999996,-122.4198944,https://www.google.com/maps/place/Hog+%26+Rocks/data=!4m2!3m1!1s0x808f7e3cf5054509:0x35531a3e4b1d322c,Hog & Rocks,bar,favorite,true
San Francisco,37.780708700000005,-122.4766645,https://www.google.com/maps/place/Hong+Kong+Lounge/data=!4m2!3m1!1s0x808587111e3aa9cb:0xecbf001743316ae6,Hong Kong Lounge,restaurant,favorite,
San Francisco,37.77212,-122.43704760000001,https://www.google.com/maps/place//data=!4m2!3m1!1s0x808580af39960d71:0x92a4c6dd3d8f50af,The Page,bar,favorite,
San Francisco,37.742680899999996,-122.4215414,https://www.google.com/maps/place/ICHI+Sushi/data=!4m2!3m1!1s0x808f7e5d2c7a6521:0x85b053e9c7ccccc8,ICHI Sushi,restaurant,favorite,true
San Francisco,37.745871599999994,-122.41954559999999,https://www.google.com/maps/place/Iron+%26+Gold/data=!4m2!3m1!1s0x808f7e439fafaf7d:0xf7ccdbd65073af04,Iron & Gold,bar,favorite,
San Francisco,37.7620389,-122.4188667,https://www.google.com/maps/place/Ken+Ken+Ramen/data=!4m2!3m1!1s0x808f7e3ca413db9d:0x92601976843e3133,Ken Ken Ramen,restaurant,favorite,true
San Francisco,37.7508961,-122.41808669999999,https://www.google.com/maps/place/La+Taqueria/data=!4m2!3m1!1s0x808f7e46d50136ad:0x21fce96ce541e475,La Taqueria,restaurant,favorite,
San Francisco,37.75653560000001,-122.41908889999998,https://www.google.com/maps/place/Laszlo/data=!4m2!3m1!1s0x808f7e3ec8cb0b3f:0xaa46dcb64099e67a,Laszlo,bar,favorite,
San Francisco,37.7657801,-122.46675219999999,https://www.google.com/maps/place/Little+Shamrock/data=!4m2!3m1!1s0x8085875d1e616b85:0xb5d501df87be2085,Little Shamrock,bar,favorite,
San Francisco,37.778844,-122.39394999999999,https://www.google.com/maps/place/Little+Skillet/data=!4m2!3m1!1s0x808f7fd63933d42d:0x1ca302242c16302c,Little Skillet,restaurant,favorite,
San Francisco,37.7664142,-122.42224429999997,https://www.google.com/maps/place/Little+Star+Pizza/data=!4m2!3m1!1s0x808f7e2224c29931:0x234a4403d0bf9437,Little Star Pizza,restaurant,favorite,
San Francisco,37.7775299,-122.43801669999999,https://www.google.com/maps/place/Little+Star+Pizza/data=!4m2!3m1!1s0x808580b04d25fdcd:0xa62532a2a9ad3fab,Little Star Pizza,restaurant,favorite,
San Francisco,37.7876173,-122.40314719999999,https://www.google.com/maps/place/Local+Edition/data=!4m2!3m1!1s0x808580886bcc377b:0xd8c91154d34c9887,Local Edition,bar,favorite,
San Francisco,37.7640621,-122.42152999999999,https://www.google.com/maps/place/Locanda/data=!4m2!3m1!1s0x808f7e22f91bd5d3:0x4f1918a8807d93e5,Locanda,restaurant,favorite,true
San Francisco,37.7553017,-122.42295790000001,https://www.google.com/maps/place/Lone+Palm/data=!4m2!3m1!1s0x808f7e3e3e9e935b:0x86a459fa985cee5e,Lone Palm,bar,favorite,
San Francisco,37.772022199999995,-122.4320028,https://www.google.com/maps/place/Maven/data=!4m2!3m1!1s0x808580a68db41ec7:0xa480c8100aa61cc,Maven,restaurant,favorite,true
San Francisco,37.7762917,-122.42469500000001,https://www.google.com/maps/place/Miette/data=!4m2!3m1!1s0x808580a20d002a6d:0x2f5c88450d7f2580,Miette,bakery,favorite,
San Francisco,37.767348299999995,-122.40641959999999,https://www.google.com/maps/place/Mighty/data=!4m2!3m1!1s0x808f7e2de0fdb9d5:0xec595bcdb800f402,Mighty,club,favorite,
San Francisco,37.761113900000005,-122.42176110000001,https://www.google.com/maps/place/Mission+Cheese/data=!4m2!3m1!1s0x808f7e3d24255c45:0x16aa66066980d50b,Mission Cheese,bar,favorite,true
San Francisco,37.765485,-122.38656789999999,https://www.google.com/maps/place/Mission+Rock+Resort/data=!4m2!3m1!1s0x808f7fc702a627af:0x37e8f38c00ab4beb,Mission Rock Resort,restaurant,favorite,
San Francisco,37.7578494,-122.38810559999999,https://www.google.com/maps/place/Mr.+and+Mrs.+Miscellaneous/data=!4m2!3m1!1s0x808f7fb989befdff:0xcc2ad8c98a4d2f7b,Mr. and Mrs. Miscellaneous,shop,favorite,
San Francisco,37.78978949999999,-122.40741669999998,https://www.google.com/maps/place/Mystic+Room+%2B+Tavern/data=!4m2!3m1!1s0x8085808eab6a543f:0x50a8a6c33a0dc964,Mystic Room + Tavern,restaurant,favorite,true
San Francisco,37.7687083,-122.4154806,https://www.google.com/maps/place/Nihon+Whisky+Lounge/data=!4m2!3m1!1s0x808f7e267f39515f:0x6085e68361e0e88e,Nihon Whisky Lounge,other,favorite,
San Francisco,37.7749009,-122.4375083,https://www.google.com/maps/place/Nopa/data=!4m2!3m1!1s0x808580afc823d4fd:0x58725c5c1643cf05,Nopa,restaurant,favorite,
San Francisco,37.7706537,-122.4253067,https://www.google.com/maps/place/Orbit+Room/data=!4m2!3m1!1s0x808580a00edbd4fb:0xad06d12ca68e548a,Orbit Room,bar,favorite,
San Francisco,37.7602689,-122.50503110000001,https://www.google.com/maps/place/Outerlands/data=!4m2!3m1!1s0x808587973642e37f:0x6b5937dc1cdee92d,Outerlands,restaurant,favorite,
San Francisco,37.7926439,-122.39221789999999,https://www.google.com/maps/place/Ozumo/data=!4m2!3m1!1s0x80858065a8da1125:0x1da38cdc39547ca5,Ozumo,restaurant,favorite,
San Francisco,37.79005,-122.40119999999997,https://www.google.com/maps/place/Per+Diem/data=!4m2!3m1!1s0x808580627782e0b3:0xa77bd93aebb41bf1,Per Diem,restaurant,favorite,
San Francisco,37.762564999999995,-122.395405,https://www.google.com/maps/place/Plow/data=!4m2!3m1!1s0x808f7fc981a93f45:0x16f31097c5eb540b,Plow,restaurant,favorite,
San Francisco,37.7689239,-122.4194193,https://www.google.com/maps/place/Public+Works/data=!4m2!3m1!1s0x808f7e213b3c876b:0xf364899359294ae2,Public Works,club,favorite,
San Francisco,37.7594333,-122.42187349999999,https://www.google.com/maps/place/Range/data=!4m2!3m1!1s0x808f7e3daafd6c79:0xd86ea89d53ef0134,Range,restaurant,favorite,true
San Francisco,37.7748657,-122.4228497,https://www.google.com/maps/place/Rich+Table/data=!4m2!3m1!1s0x8085809f40b8fd87:0x7b5e765335d416ff,Rich Table,restaurant,favorite,
San Francisco,37.751567,-122.418713,https://www.google.com/maps/place/Rosamunde+Sausage+Grill/data=!4m2!3m1!1s0x808f7e40cd0660f5:0x5e028618b6aa9c,Rosamunde Sausage Grill,restaurant,favorite,
San Francisco,37.786671999999996,-122.4145982,https://www.google.com/maps/place/Rye/data=!4m2!3m1!1s0x80858091bdb74e21:0xdecde7f104e88733,Rye,bar,favorite,
San Francisco,37.758788700000004,-122.41492679999999,https://www.google.com/maps/place/Schmidt's/data=!4m2!3m1!1s0x808f7e398f227285:0xc51a86a9a9f4b26e,Schmidt's,restaurant,favorite,
San Francisco,37.7757173,-122.4945188,https://www.google.com/maps/place/Shanghai+Dumpling+King/data=!4m2!3m1!1s0x8085877b2bbc7c31:0x2ab64edf64f475c0,Shanghai Dumpling King,restaurant,favorite,
San Francisco,37.776362899999995,-122.42419179999999,https://www.google.com/maps/place/Smitten+Ice+Cream/data=!4m2!3m1!1s0x808580a2085a4bef:0x3be11304632683e4,Smitten Ice Cream,shop,favorite,true
San Francisco,37.77940280000001,-122.42337219999999,https://www.google.com/maps/place/Smuggler's+Cove/data=!4m2!3m1!1s0x808580980d878265:0x2f020a98342c5d5d,Smuggler's Cove,bar,favorite,
San Francisco,37.7600757,-122.41422369999998,https://www.google.com/maps/place/Southern+Pacific+Brewing/data=!4m2!3m1!1s0x808f7e3a17bd919f:0x65c383c41bace46,Southern Pacific Brewing,bar,favorite,
San Francisco,37.77652669999999,-122.42499059999999,https://www.google.com/maps/place/Souvla/data=!4m2!3m1!1s0x808580a26c77306d:0xb43108d1e99c8af1,Souvla,restaurant,favorite,
San Francisco,37.752521,-122.42091699999997,https://www.google.com/maps/place/St.+Vincent+Tavern+and+Wine+Merchant/data=!4m2!3m1!1s0x808f7e4083f4cefd:0xd138327702f03fc5,St. Vincent Tavern and Wine Merchant,restaurant,favorite,
San Francisco,37.764077799999995,-122.43257220000001,https://www.google.com/maps/place/Starbelly/data=!4m2!3m1!1s0x808f7e1c6201a6b3:0xdd4285d4ab09b5e0,Starbelly,restaurant,favorite,
San Francisco,37.7836806,-122.43300279999998,https://www.google.com/maps/place/State+Bird+Provisions/data=!4m2!3m1!1s0x808580b9a406b943:0x696de890da9ee029,State Bird Provisions,restaurant,favorite,
San Francisco,37.78044439999999,-122.51365,https://www.google.com/maps/place/Sutro+Baths/data=!4m2!3m1!1s0x808587b56c4f30b3:0xe01af746c44bb97e,Sutro Baths,experience,favorite,
San Francisco,37.7609776,-122.4213695,https://www.google.com/maps/place/Tacolicious/data=!4m2!3m1!1s0x808f7fe7f828157f:0x33c0884ca635bcf,Tacolicious,restaurant,favorite,
San Francisco,37.745360399999996,-122.4199087,https://www.google.com/maps/place/Taqueria+Cancun/data=!4m2!3m1!1s0x808f7e430cc259b5:0x94aa4eb1970c22f4,Taqueria Cancun,restaurant,favorite,
San Francisco,37.761823799999995,-122.4214465,https://www.google.com/maps/place/Taqueria+El+Buen+Sabor/data=!4m2!3m1!1s0x808f7e3d2b84f4c7:0x3cea3f345ffdb17f,Taqueria El Buen Sabor,restaurant,favorite,
San Francisco,37.752646299999995,-122.41831819999997,https://www.google.com/maps/place/Taquer%C3%ADa+El+Farolito/data=!4m2!3m1!1s0x808f7e474d4864e5:0xc3479e37f17ac921,Taquería El Farolito,restaurant,favorite,
San Francisco,37.782156799999996,-122.3928782,https://www.google.com/maps/place/The+American+Grilled+Cheese+Kitchen/data=!4m2!3m1!1s0x8085807859d4ac1d:0xba9c44bd605d58df,The American Grilled Cheese Kitchen,restaurant,favorite,
San Francisco,37.8065338,-122.42071849999999,https://www.google.com/maps/place/The+Buena+Vista/data=!4m2!3m1!1s0x808f7e37f0d196f9:0xcf2a7b909a94bfc3,The Buena Vista,bar,favorite,
San Francisco,37.7764861,-122.4378944,https://www.google.com/maps/place/The+Mill/data=!4m2!3m1!1s0x808580b02db73457:0x185a61a92a363ce8,The Mill,cafe,favorite,
San Francisco,37.764655499999996,-122.42299000000001,https://www.google.com/maps/place/The+Monk's+Kettle/data=!4m2!3m1!1s0x808f7e226c75f04f:0x469af742f9f84e03,The Monk's Kettle,bar,favorite,
San Francisco,37.7761825,-122.4083567,https://www.google.com/maps/place/The+Stud/data=!4m2!3m1!1s0x808f7e28ff9a6805:0x2b18910d46d33573,The Stud,bar,favorite,
San Francisco,37.7513171,-122.4316018,https://www.google.com/maps/place/Toast+Eatery/data=!4m2!3m1!1s0x808f7e130ecac8f3:0x2aa4cbb5e6df1083,Toast Eatery,restaurant,favorite,true
San Francisco,37.7719042,-122.4312295,https://www.google.com/maps/place/Toronado/data=!4m2!3m1!1s0x808580a6ea6473b5:0x1328e38b2ba07730,Toronado,other,favorite,
San Francisco,37.7906205,-122.41807949999999,https://www.google.com/maps/place/Trader+Joe's/data=!4m2!3m1!1s0x808580934419da8b:0x1058e72e9f871582,Trader Joe's,shop,favorite,
San Francisco,37.7853239,-122.4055518,https://www.google.com/maps/place/Trader+Joe's/data=!4m2!3m1!1s0x808580862253f82d:0x4f7e8647e66d9a40,Trader Joe's,shop,favorite,
San Francisco,37.7855156,-122.41320619999999,https://www.google.com/maps/place/Tradition/data=!4m2!3m1!1s0x8085809028dc613b:0xc77f6791554b471d,Tradition,bar,favorite,true
San Francisco,37.7592244,-122.41119270000002,https://www.google.com/maps/place/Trick+Dog/data=!4m2!3m1!1s0x808f7e373fb8cf15:0x1c67d1b3579cae7f,Trick Dog,bar,favorite,
San Francisco,37.7818928,-122.410091,https://www.google.com/maps/place/Tu+Lan/data=!4m2!3m1!1s0x80858084ff22d68d:0xb9b0634df179c9d2,Tu Lan,restaurant,favorite,
San Francisco,37.7529149,-122.44741309999999,https://www.google.com/maps/place/Twin+Peaks/data=!4m2!3m1!1s0x808f7de2acf071b7:0xb2cfa1c901ae6e6d,Twin Peaks,park,favorite,
San Francisco,37.7775846,-122.3929775,https://www.google.com/maps/place/Umami+Burger+Soma/data=!4m2!3m1!1s0x808f7fd7026ab493:0x7d22936db498e723,Umami Burger Soma,restaurant,favorite,
San Francisco,37.769816,-122.44961509999999,https://www.google.com/maps/place/Wasteland/data=!4m2!3m1!1s0x80858753aa6f751f:0xcfc03a9222cfa7e4,Wasteland,vintage,favorite,
San Francisco,37.7775489,-122.42294530000001,https://www.google.com/maps/place/Welcome+Stranger/data=!4m2!3m1!1s0x8085809891935027:0x7403e0e518942fd3,Welcome Stranger,shop,favorite,true
San Francisco,37.782302800000004,-122.41887779999999,https://www.google.com/maps/place/Whitechapel/data=!4m2!3m1!1s0x8085809751ff6219:0x450f494e526893e7,Whitechapel,experience,favorite,
San Francisco,37.752586199999996,-122.41537989999999,https://www.google.com/maps/place/Wise+Sons+Jewish+Delicatessen/data=!4m2!3m1!1s0x808f7e40e70998bd:0xcebdc35b2cd197a6,Wise Sons Jewish Delicatessen,other,favorite,
San Francisco,37.763625499999996,-122.42196459999998,https://www.google.com/maps/place/Wo+Hing+General+Store/data=!4m2!3m1!1s0x808f7e22e52989df:0xf5a508d54b3d6abe,Wo Hing General Store,restaurant,favorite,true
San Francisco,37.7652402,-122.4500965,https://www.google.com/maps/place/Zazie/data=!4m2!3m1!1s0x8085875453992781:0x2612640bb3814f41,Zazie,restaurant,favorite,
San Francisco,37.770022999999995,-122.42211719999999,https://www.google.com/maps/place/Zeitgeist/data=!4m2!3m1!1s0x808f7e20423dcf53:0x95306ba1a91f0acd,Zeitgeist,bar,favorite,
San Francisco,37.7736,-122.42160799999999,https://www.google.com/maps/place/Zuni+Caf%C3%A9/data=!4m2!3m1!1s0x8085809fabbdbb3b:0x9f78fd6bc9972489,Zuni Café,restaurant,favorite,
San Francisco,37.7602015,-122.4267959,https://www.google.com/maps/place/Dolores+Park/data=!4m2!3m1!1s0x808f7e1779aa70a7:0xa618e4eff1228d60,Dolores Park,park,favorite,
San Francisco,37.7627573,-122.42866500000001,https://www.google.com/maps/place/Mauerpark/data=!4m2!3m1!1s0x808f7fc6810a4edf:0xc9fafb0398fe9763,Mauerpark,park,favorite,true
San Francisco,37.761199999999995,-122.4195,https://www.google.com/maps/place/Mission+Chinese+Food/data=!4m2!3m1!1s0x808f7e3c967f9399:0x72be3654a9875e17,Mission Chinese Food,restaurant,favorite,
San Francisco,37.7618278,-122.41189720000001,https://www.google.com/maps/place/Tartine+Manufactory/data=!4m2!3m1!1s0x808f7e308f2ed1bb:0x88d7d35712aa2ba3,Tartine Manufactory,art,want to go,
San Francisco,37.7834259,-122.45930619999999,https://www.google.com/maps/place/Arsicault+Bakery/data=!4m2!3m1!1s0x80858739f45d4f27:0x2f0b49df0ee8b492,Arsicault Bakery,bakery,want to go,
San Francisco,37.7445532,-122.42427909999999,https://www.google.com/maps/place/Noeteca+Wine+Bar/data=!4m2!3m1!1s0x808f7e69d4f8bc1f:0x2b54d0525b21f10a,Noeteca Wine Bar,bar,want to go,
San Francisco,37.792418999999995,-122.410427,https://www.google.com/maps/place/TONGA+ROOM+%26+HURRICANE+BAR/data=!4m2!3m1!1s0x8085808d1ad53055:0xef5f5fa21e8d5af9,TONGA ROOM & HURRICANE BAR,bar,want to go,
San Francisco,37.7416268,-122.5051901,https://www.google.com/maps/place/Andytown+Coffee+Roasters/data=!4m2!3m1!1s0x808f7d636f7d07c9:0x9c828cfd8df4653,Andytown Coffee Roasters,cafe,want to go,
San Francisco,37.7566712,-122.50231470000001,https://www.google.com/maps/place/Andytown+Coffee+Roasters/data=!4m2!3m1!1s0x8085879aba03ee79:0xbfb64139d85ba75d,Andytown Coffee Roasters,cafe,want to go,
San Francisco,37.769999999999996,-122.4462523,https://www.google.com/maps/place/Pork+Store+Cafe/data=!4m2!3m1!1s0x808580acc910b809:0x9387ec1e9c3c598d,Pork Store Cafe,cafe,want to go,
San Francisco,37.7714327,-122.4137765,https://www.google.com/maps/place/Audio+Nightclub/data=!4m2!3m1!1s0x808f7e2633438efb:0x6ff10c7fdc6d0ad8,Audio Nightclub,club,want to go,
San Francisco,37.7882263,-122.41460509999999,https://www.google.com/maps/place/Liholiho+Yacht+Club/data=!4m2!3m1!1s0x8085809226a75491:0xb16e391a9d832609,Liholiho Yacht Club,club,want to go,
San Francisco,37.7762013,-122.43825349999999,https://www.google.com/maps/place/4505+Burgers+%26+BBQ/data=!4m2!3m1!1s0x808580b1d34b5935:0xabd595844df3daff,4505 Burgers & BBQ,bar,want to go,
San Francisco,37.7490429,-122.4201346,https://www.google.com/maps/place/AL's+Place/data=!4m2!3m1!1s0x808f7e416c7ac8cd:0xa09dbf32dadac3e8,AL's Place,restaurant,want to go,
San Francisco,37.794820699999995,-122.40429130000001,https://www.google.com/maps/place/Alfred's+Steakhouse/data=!4m2!3m1!1s0x8085808b21240d8d:0xe4384c612438787c,Alfred's Steakhouse,other,want to go,
San Francisco,37.798331499999996,-122.4359605,https://www.google.com/maps/place/Atelier+Crenn/data=!4m2!3m1!1s0x808580d0840b55c7:0xa27a933534bd1a49,Atelier Crenn,restaurant,want to go,
San Francisco,37.7605215,-122.5082294,https://www.google.com/maps/place/Beach'N+SF/data=!4m2!3m1!1s0x80858779156da375:0x3c0c26dda6110f3a,Beach'N SF,restaurant,want to go,
San Francisco,37.7714461,-122.4137268,https://www.google.com/maps/place/Bergerac/data=!4m2!3m1!1s0x808f7e26334c06e7:0xb0c7084977f4940e,Bergerac,bar,want to go,
San Francisco,37.77817520000001,-122.4386952,https://www.google.com/maps/place/Brenda's+Meat+%26+Three/data=!4m2!3m1!1s0x808580b107a79d05:0xaccddc21942615d4,Brenda's Meat & Three,restaurant,want to go,
San Francisco,37.76008739999999,-122.4188975,https://www.google.com/maps/place/Cholo+Soy/data=!4m2!3m1!1s0x808f7e3c7b5a65bb:0x81cdd939cbe6e5ce,Cholo Soy,restaurant,want to go,
San Francisco,37.76234,-122.42152,https://www.google.com/maps/place/Curry+Up+Now/data=!4m2!3m1!1s0x808f7e22d6d94b53:0x35bce2eade9410f9,Curry Up Now,restaurant,want to go,
San Francisco,37.7531472,-122.50502780000001,https://www.google.com/maps/place/Devil's+Teeth+Baking+Company/data=!4m2!3m1!1s0x8085878fa1412f4b:0xf7e59451c6c631fa,Devil's Teeth Baking Company,bakery,want to go,
San Francisco,37.7856895,-122.43017929999998,https://www.google.com/maps/place/Dimples/data=!4m2!3m1!1s0x808580b8d6a89b6b:0xa79f8753e5b70bb4,Dimples,other,want to go,
San Francisco,37.798650099999996,-122.4188018,https://www.google.com/maps/place/Elephant+Sushi/data=!4m2!3m1!1s0x808580e8d69e7921:0xed03338501f71a2,Elephant Sushi,restaurant,want to go,
San Francisco,37.76276569999999,-122.4322519,https://www.google.com/maps/place/Frances/data=!4m2!3m1!1s0x808f7e1b9ca42d93:0xcf5880e1df51075c,Frances,restaurant,want to go,
San Francisco,37.785846,-122.4183114,https://www.google.com/maps/place/Gangway/data=!4m2!3m1!1s0x808580914bc1b855:0xf75712c3ae9563fa,Gangway,bar,want to go,
San Francisco,37.75975819999999,-122.42120919999999,https://www.google.com/maps/place/GOLA/data=!4m2!3m1!1s0x808f7ff7ab7898b7:0xf88c4b5c95f6afe0,GOLA,restaurant,want to go,
San Francisco,37.76398519999999,-122.4127726,https://www.google.com/maps/place/Gus's+Community+Market/data=!4m2!3m1!1s0x808f7e3aa763c109:0xd7a33f23444b84c1,Gus's Community Market,shop,want to go,
San Francisco,37.762408,-122.50687099999998,https://www.google.com/maps/place/Hook+Fish+Co/data=!4m2!3m1!1s0x8085878fa186581b:0x822793974e4c73f9,Hook Fish Co,restaurant,want to go,
San Francisco,37.7934329,-122.42273200000001,https://www.google.com/maps/place/House+of+Prime+Rib/data=!4m2!3m1!1s0x808580ea69dcae83:0x3ef25abd292344d9,House of Prime Rib,restaurant,want to go,
San Francisco,37.77698470000001,-122.4380589,https://www.google.com/maps/place//data=!4m2!3m1!1s0x808580b0357481af:0xfcb031afbe5a9549,Eddie's Cafe,restaurant,want to go,
San Francisco,37.7638466,-122.4741211,https://www.google.com/maps/place/Izakaya+Sozai/data=!4m2!3m1!1s0x8085876611809d6b:0x2ef9674a8b754536,Izakaya Sozai,restaurant,want to go,
San Francisco,37.7638769,-122.4169236,https://www.google.com/maps/place/Krispy+Krunchy+Fried+Chicken/data=!4m2!3m1!1s0x808f7e24b7c2b8dd:0xc112655e33320516,Krispy Krunchy Fried Chicken,restaurant,want to go,
San Francisco,37.7604119,-122.4197156,https://www.google.com/maps/place/Lazy+Bear/data=!4m2!3m1!1s0x808f7e3c8b5b7e93:0x7e267bfa507a2912,Lazy Bear,restaurant,want to go,
San Francisco,37.7570514,-122.41641969999999,https://www.google.com/maps/place/Limon+Peruvian+Rotisserie/data=!4m2!3m1!1s0x808f7e39112c1e3d:0x7c2652db494969a0,Limon Peruvian Rotisserie,restaurant,want to go,
San Francisco,37.79579390000001,-122.4219189,https://www.google.com/maps/place/Lord+Stanley/data=!4m2!3m1!1s0x808580e99a9bd8bd:0x6fb8553da38ee20a,Lord Stanley,restaurant,want to go,
San Francisco,37.76708300000001,-122.429829,https://www.google.com/maps/place/Lucky+13/data=!4m2!3m1!1s0x808f7e1dd9cbd4cb:0xe9d6a7c8fa9a7aa0,Lucky 13,bar,want to go,
San Francisco,37.7914495,-122.39305170000002,https://www.google.com/maps/place/Mau/data=!4m2!3m1!1s0x808f7e22d69c038b:0x6df436d3da98d49a,Mau,restaurant,want to go,
San Francisco,37.79371,-122.40665690000002,https://www.google.com/maps/place/Mister+Jiu's/data=!4m2!3m1!1s0x8085808b60c910c9:0x5ad9c0ce21e403c8,Mister Jiu's,restaurant,want to go,
San Francisco,37.7518664,-122.41828260000001,https://www.google.com/maps/place/Mr.+Pollo/data=!4m2!3m1!1s0x808f7e473364bd7d:0x303cce8079dc6e1c,Mr. Pollo,restaurant,want to go,
San Francisco,37.7718731,-122.43140349999999,https://www.google.com/maps/place/Noc+Noc/data=!4m2!3m1!1s0x808580a6eb4065e3:0xe82777a14f12414,Noc Noc,bar,want to go,
San Francisco,37.7654401,-122.4662085,https://www.google.com/maps/place/Nopalito/data=!4m2!3m1!1s0x8085875cfb6064ef:0xced7e715166bdb0,Nopalito,restaurant,want to go,
San Francisco,37.7623709,-122.5016052,https://www.google.com/maps/place/Palm+City/data=!4m2!3m1!1s0x8085870984eb6455:0x494b0682fb73bc1c,Palm City,bar,want to go,
San Francisco,37.7623247,-122.41959299999999,https://www.google.com/maps/place/Piglet+%26+Co/data=!4m2!3m1!1s0x808f7f1cbdf25cf5:0xfced7bc9f547f8e4,Piglet & Co,restaurant,want to go,
San Francisco,37.7984,-122.44703330000002,https://www.google.com/maps/place/Pizzeria+Avellino/data=!4m2!3m1!1s0x8085872b34123b9f:0x93a4b16a9a1bfe2b,Pizzeria Avellino,restaurant,want to go,
San Francisco,37.762048899999996,-122.4188753,https://www.google.com/maps/place/Ramenwell/data=!4m2!3m1!1s0x808f7f1148199fa7:0x2423a20e62ac9bf7,Ramenwell,restaurant,want to go,
San Francisco,37.76781700000001,-122.420575,https://www.google.com/maps/place/San+Francisco+Armory/data=!4m2!3m1!1s0x808f7e2171e60939:0xf923833ea81cb8a9,San Francisco Armory,experience,want to go,
San Francisco,37.768558299999995,-122.40248059999999,https://www.google.com/maps/place/Skool/data=!4m2!3m1!1s0x808f7e2d45c8be7d:0x2bb8f83f470bd0b4,Skool,restaurant,want to go,
San Francisco,37.7576872,-122.38795940000001,https://www.google.com/maps/place/Smokestack+at+Magnolia+Brewing/data=!4m2!3m1!1s0x808f7fba26394795:0x55ddd0ac0dbb989c,Smokestack at Magnolia Brewing,bar,want to go,
San Francisco,37.77631340000001,-122.42641879999998,https://www.google.com/maps/place/Suppenk%C3%BCche/data=!4m2!3m1!1s0x808580a24ec2f6f1:0x2117f92303bb4bf5,Suppenküche,restaurant,want to go,
San Francisco,37.7711155,-122.42388890000001,https://www.google.com/maps/place/Sushi+Zone/data=!4m2!3m1!1s0x8085809ff9d96527:0x58c5f0b1d398fc20,Sushi Zone,restaurant,want to go,
San Francisco,37.7795936,-122.41025130000001,https://www.google.com/maps/place/TBD/data=!4m2!3m1!1s0x808580837e7410ab:0x4365dbe32f4100c,TBD,restaurant,want to go,
San Francisco,37.7693264,-122.4511621,https://www.google.com/maps/place/The+Alembic/data=!4m2!3m1!1s0x80858753cb1b13e1:0xb859248d97676cb0,The Alembic,bar,want to go,
San Francisco,37.7833359,-122.40699330000001,https://www.google.com/maps/place/The+Cavalier/data=!4m2!3m1!1s0x808580867ee14851:0xfbf27554a78de446,The Cavalier,restaurant,want to go,
San Francisco,37.7822262,-122.44796229999999,https://www.google.com/maps/place/The+Corner+Store/data=!4m2!3m1!1s0x8085874aa1b0f2c9:0xf9748a6f2f342d8,The Corner Store,restaurant,want to go,
San Francisco,37.76985570000001,-122.420367,https://www.google.com/maps/place/The+Crafty+Fox+Ale+House/data=!4m2!3m1!1s0x808f7e20e4e571bf:0x93b9ae7ca931798f,The Crafty Fox Ale House,other,want to go,
San Francisco,37.7606672,-122.38812300000001,https://www.google.com/maps/place/Third+Rail/data=!4m2!3m1!1s0x808f7fb84ed06e49:0xcee41c3cc6d75372,Third Rail,bar,want to go,
San Francisco,37.762001,-122.41962819999999,https://www.google.com/maps/place/Yamo/data=!4m2!3m1!1s0x808f7e3cb785da59:0xfe0840361e8eba99,Yamo,restaurant,want to go,
San Francisco,37.78605069999999,-122.4175913,https://www.google.com/maps/place/A+La+Turca+Restaurant/data=!4m2!3m1!1s0x8085809145d8265d:0xf188794857a5a785,A La Turca Restaurant,restaurant,want to go,
San Francisco,37.782913199999996,-122.41889950000001,https://www.google.com/maps/place/Brenda's+French+Soul+Food/data=!4m2!3m1!1s0x808580974839db67:0xa78fa85ec6c57d21,Brenda's French Soul Food,restaurant,want to go,
San Francisco,37.781455,-122.4933052,https://www.google.com/maps/place/Pagan+Restaurant/data=!4m2!3m1!1s0x808587a994d59339:0xa6e770eccf6f563f,Pagan Restaurant,restaurant,want to go,
San Francisco,37.7267898,-122.44138199999999,https://www.google.com/maps/place/Roxie+Food+Center/data=!4m2!3m1!1s0x808f7e80ae5a66a5:0x56aa12a9808c701a,Roxie Food Center,restaurant,want to go,
San Francisco,37.77647029999999,-122.4241697,https://www.google.com/maps/place/Juice+Shop/data=!4m2!3m1!1s0x808580a20a542963:0x106864072c0443a,Juice Shop,shop,want to go,
San Gorg,35.8323512,14.530340800000001,https://www.google.com/maps/place/Alfresco+Pizzeria+%26+Restaurant/data=!4m2!3m1!1s0x130e5bb77d4d668f:0x64d0164d07306c31,Alfresco Pizzeria & Restaurant,restaurant,favorite,
San Luis Obispo,35.2674132,-120.67465990000001,https://www.google.com/maps/place/Madonna+Inn/data=!4m2!3m1!1s0x80ecf0e660039bc7:0x6f2837fd2edba5ec,Madonna Inn,hotel,want to go,
San Teodoro SS,40.834074099999995,9.6856023,https://www.google.com/maps/place/Cala+Brandinchi+stabilimento+balneare/data=!4m2!3m1!1s0x12decdc65d1e1861:0x2c749aeb6edefbcc,Cala Brandinchi stabilimento balneare,other,want to go,
Santa Clara,37.354256899999996,-121.94685129999998,https://www.google.com/maps/place/Euro+Grill/data=!4m2!3m1!1s0x808fcbb33130d8e5:0x1c37badaa6847973,Euro Grill,restaurant,want to go,
Santa Maria dos Olivais,38.7714247,-9.1307142,https://www.google.com/maps/place/TAP+Premium+Lounge/data=!4m2!3m1!1s0xd193243f3e80d97:0x849b56cb8d5632e6,TAP Premium Lounge,other,want to go,
Santa Monica,34.0213032,-118.50607579999999,"https://www.google.com/maps/place/Oceana+Santa+Monica,+LXR+Hotels+%26+Resorts/data=!4m2!3m1!1s0x80c2a4c0ed251b81:0x4b0127f1f8ddd4f4","Oceana Santa Monica, LXR Hotels & Resorts",hotel,favorite,
Santa Monica,34.0250795,-118.49131739999999,https://www.google.com/maps/place/Rustic+Canyon/data=!4m2!3m1!1s0x80c2a4ca17d72a55:0x79ac836cc9a8175f,Rustic Canyon,restaurant,want to go,
Saranda,39.9236423,20.1924637,https://www.google.com/maps/place/The+Blue+Eye/data=!4m2!3m1!1s0x135b0f01c1bca3b5:0x4b23574d1579d66b,The Blue Eye,other,want to go,
Sassnitz,54.539937099999996,13.6791047,https://www.google.com/maps/place/Ernst-Moritz-Arndt-Sicht/data=!4m2!3m1!1s0x47ab3784323be4a5:0x116096e4cf74e1f3,Ernst-Moritz-Arndt-Sicht,other,want to go,
Sassnitz,54.524699999999996,13.670399999999999,https://www.google.com/maps/place/Piratenschlucht/data=!4m2!3m1!1s0x47ab39a7e291bffb:0x6a20a4edd5fc968b,Piratenschlucht,other,want to go,
Sassnitz,54.57077309999999,13.665434799999998,https://www.google.com/maps/place/Victoria-Sicht/data=!4m2!3m1!1s0x47ab4826fce9ea73:0x5e99d766cfa155b1,Victoria-Sicht,other,want to go,
Sausalito,37.85960060000001,-122.4848054,https://www.google.com/maps/place/Bar+Bocce/data=!4m2!3m1!1s0x808584517196198f:0xc855ef86ebfacffb,Bar Bocce,bar,favorite,
Sausalito,37.8376611,-122.47937719999999,https://www.google.com/maps/place/Cavallo+Point+Lodge/data=!4m2!3m1!1s0x80858425a47e728b:0xe0b8aa1afc4184c5,Cavallo Point Lodge,hotel,want to go,
Savannah,32.079452800000006,-81.09313329999999,https://www.google.com/maps/place/The+Coffee+Fox+-+Broughton+St./data=!4m2!3m1!1s0x88fb9e666750132b:0x29339110b38da7a0,The Coffee Fox - Broughton St.,cafe,favorite,
Savannah,32.0797391,-81.0930401,https://www.google.com/maps/place/Hang+Fire/data=!4m2!3m1!1s0x88fb9e668edb506f:0x3022bfca32991159,Hang Fire,bar,favorite,true
Savannah,32.074473499999996,-81.0914981,https://www.google.com/maps/place/J.+Christopher's/data=!4m2!3m1!1s0x88fb9e6f2e203c97:0xfe705785109f3486,J. Christopher's,restaurant,favorite,
Savannah,32.0645916,-81.0970129,https://www.google.com/maps/place/The+Sentient+Bean/data=!4m2!3m1!1s0x88fb9e154778f4b1:0xb776cc620d99c424,The Sentient Bean,cafe,favorite,
Savannah,32.0803005,-81.0896289,https://www.google.com/maps/place/Treylor+Park/data=!4m2!3m1!1s0x88fb9e645c355451:0x1b826e416c54b43d,Treylor Park,park,want to go,
Schaerbeek,50.850229,4.394463,https://www.google.com/maps/place/La+Marchigiana/data=!4m2!3m1!1s0x47c3c3599611c801:0x5c20c60684265622,La Marchigiana,restaurant,favorite,true
Schaerbeek,50.856766099999994,4.3914399,https://www.google.com/maps/place/Le+Zinneke/data=!4m2!3m1!1s0x47c3c35b5516528d:0x9e42aecc57d2cbf1,Le Zinneke,restaurant,want to go,
Schwangau,47.557573999999995,10.7498004,https://www.google.com/maps/place/Neuschwanstein+Castle/data=!4m2!3m1!1s0x479cf7cac44ea35d:0xc8a6866bd39dbba3,Neuschwanstein Castle,other,want to go,
Schwerin,53.607282600000005,11.3669352,https://www.google.com/maps/place/Tr%C3%B6delhalle+Schatzkammer+-+Schwerin/data=!4m2!3m1!1s0x47add93951675273:0x741c29638fb3120,Trödelhalle Schatzkammer - Schwerin,shop,want to go,
Schwülper,52.3381136,10.417979899999999,https://www.google.com/maps/place/McDonald's/data=!4m2!3m1!1s0x47affa71a42cde9d:0xbf8c8d2c34a500ac,McDonald's,restaurant,favorite,
Schönau am Königssee,47.55502475,12.97924175,https://www.google.com/maps/place/K%C3%B6nigssee/data=!4m2!3m1!1s0x4776eecee3fd13a1:0x2ffeda19ea35cd8,Königssee,other,want to go,
Schönberg,54.42724205,10.37030705,https://www.google.com/maps/place/Kalifornien/data=!4m2!3m1!1s0x47b2f6b2d1630a3f:0xa248966482baa40,Kalifornien,other,want to go,
Schönwalde-Glien,52.6613006,13.012935599999999,https://www.google.com/maps/place/Kulturm%C3%BChle+Perwenitz+e.V./data=!4m2!3m1!1s0x47a8fd6839fe1ff1:0xf803e0409c767cfa,Kulturmühle Perwenitz e.V.,art,favorite,
Seaside,36.653712,-121.79897869999999,"https://www.google.com/maps/place/California+State+University,+Monterey+Bay/data=!4m2!3m1!1s0x808dfca8e761e057:0xcdbf437897f231fd","California State University, Monterey Bay",bar,want to go,
Seattle,47.668938000000004,-122.38721480000001,https://www.google.com/maps/place/La+Isla/data=!4m2!3m1!1s0x549015c434bba66f:0x8eac2d07a2ef8aa2,La Isla,restaurant,favorite,true
Seattle,47.623866,-122.31232809999999,https://www.google.com/maps/place/Nuflours+Bakery/data=!4m2!3m1!1s0x5490152bbbdd1767:0xc267df665af792e8,Nuflours Bakery,bakery,want to go,
Seattle,47.663584,-122.380123,https://www.google.com/maps/place/Barnacle/data=!4m2!3m1!1s0x549015b863d5027b:0xef4fc63bc3e62f56,Barnacle,bar,want to go,
Seattle,47.6146496,-122.32812039999999,https://www.google.com/maps/place/Taylor+Shellfish+Oyster+Bar/data=!4m2!3m1!1s0x54906acadcf1f24f:0xe1fe43d1d1f8cdeb,Taylor Shellfish Oyster Bar,bar,want to go,
Seattle,47.6206629,-122.32553220000001,https://www.google.com/maps/place/Analog+Coffee/data=!4m2!3m1!1s0x54901532347e3bc7:0x9d0ae45cc1e8af37,Analog Coffee,cafe,want to go,
Seattle,47.66802810000001,-122.3856338,https://www.google.com/maps/place/Hot+Cakes+Ballard/data=!4m2!3m1!1s0x549015c67b5aabc3:0x9e405577dd3c6fc5,Hot Cakes Ballard,restaurant,want to go,
Seattle,47.6497062,-122.34240659999998,https://www.google.com/maps/place/Joule/data=!4m2!3m1!1s0x549015018f6c8bb9:0x3c9fe732eb2bbea1,Joule,restaurant,want to go,
Seattle,47.67596599999999,-122.304181,https://www.google.com/maps/place/JuneBaby/data=!4m2!3m1!1s0x5490147993bfb231:0x6ad04d2dcbf86221,JuneBaby,restaurant,want to go,
Seattle,47.6151941,-122.31301609999998,https://www.google.com/maps/place/Kedai+Makan+Capitol+Hill/data=!4m2!3m1!1s0x549015337a63f1ef:0x55c12be7ac087bb7,Kedai Makan Capitol Hill,restaurant,want to go,
Seattle,47.6153729,-122.32579279999999,https://www.google.com/maps/place/Mercado+Luna/data=!4m2!3m1!1s0x54906acb48618b43:0x611c94656ed1450a,Mercado Luna,restaurant,want to go,
Seattle,47.6685496,-122.3873818,https://www.google.com/maps/place/Ocho/data=!4m2!3m1!1s0x549015c431e242f7:0xbf08ddc4dc8829c8,Ocho,bar,want to go,
Seattle,47.663525,-122.38021789999999,https://www.google.com/maps/place/The+Walrus+and+the+Carpenter/data=!4m2!3m1!1s0x549015b8617bf16f:0x9972ed637e066c6d,The Walrus and the Carpenter,bar,want to go,
Seattle,47.6565406,-122.3620072,https://www.google.com/maps/place/Tray+Kitchen/data=!4m2!3m1!1s0x549015af01d7ca2f:0xe085a3e8ae636ef1,Tray Kitchen,restaurant,want to go,
Seattle,47.651413899999994,-122.35175670000001,https://www.google.com/maps/place/36th+Street+Tattoo/data=!4m2!3m1!1s0x549015e07bf6c589:0xb1b062bc04ce2597,36th Street Tattoo,tattoo,want to go,
Seligman,35.32606500000001,-112.87298799999999,https://www.google.com/maps/place/Delgadillo%E2%80%99s+Snow+Cap/data=!4m2!3m1!1s0x80cd4691a63c28bb:0x771a4d41eaecc227,Delgadillo’s Snow Cap,restaurant,favorite,
Shalë,42.4472928,19.7738717,https://www.google.com/maps/place/Theth+valley/data=!4m2!3m1!1s0x13526f2345e00511:0xb05cc71eaf2d843e,Theth valley,other,want to go,
Sherman Oaks,34.1468537,-118.42272820000001,https://www.google.com/maps/place/Casa+Vega/data=!4m2!3m1!1s0x80c296274f15e2bf:0x7f75d15f828159b0,Casa Vega,restaurant,want to go,
Sherman Oaks,34.149136899999995,-118.4391964,https://www.google.com/maps/place/The+Local+Peasant+-+Sherman+Oaks/data=!4m2!3m1!1s0x80c2962cd113bc6f:0xce59a01fc547fd02,The Local Peasant - Sherman Oaks,restaurant,want to go,
Shibuya,35.645680299999995,139.70924480000002,https://www.google.com/maps/place/Bar+Track/data=!4m2!3m1!1s0x60188b4186a97d25:0xfa655c9055c5b139,Bar Track,bar,want to go,
Shibuya,35.6720937,139.6905932,https://www.google.com/maps/place/Little+Nap+Coffee+Stand/data=!4m2!3m1!1s0x6018f34ad0922653:0xda43dda9ba85f9eb,Little Nap Coffee Stand,cafe,want to go,
Shibuya,35.6659437,139.7054771,https://www.google.com/maps/place/CANNABIS/data=!4m2!3m1!1s0x60188ca6a3f0369f:0x2744e2c5da87d5ea,CANNABIS,shop,want to go,
Shibuya,35.6666181,139.6923999,https://www.google.com/maps/place/Fuglen+Tokyo/data=!4m2!3m1!1s0x60188cb2957a60ad:0xee351263d20144a7,Fuglen Tokyo,cafe,want to go,
Shibuya,35.6868343,139.6966393,https://www.google.com/maps/place/F%C5%ABunji/data=!4m2!3m1!1s0x60188ccfae1f4fe7:0x2d6a64fb6fab829c,Fūunji,restaurant,want to go,
Shibuya,35.66144349999999,139.68759649999998,https://www.google.com/maps/place/Ramen+Yamate/data=!4m2!3m1!1s0x6018f3524b710317:0x13082a4595de52fb,Ramen Yamate,restaurant,want to go,
Shibuya,35.6658293,139.6879515,https://www.google.com/maps/place/Tomigaya/data=!4m2!3m1!1s0x6018f34db21521af:0x14e4533679988d21,Tomigaya,other,want to go,
Shibuya,35.648705899999996,139.7017109,https://www.google.com/maps/place/%E3%83%9C%E3%83%B3%E3%82%B8%E3%83%A5%E3%83%BC%E3%83%AB%E3%83%BB%E3%83%AC%E3%82%B3%E3%83%BC%E3%83%89+Bonjour+Records/data=!4m2!3m1!1s0x60188b4581e071c7:0x65a93178ae786fe0,ボンジュール・レコード Bonjour Records,other,want to go,
Shinjuku City,35.702186,139.73885579999998,https://www.google.com/maps/place/Hatou/data=!4m2!3m1!1s0x60188d960daedfcf:0x41a9c43786a026aa,Hatou,art,want to go,
Shinjuku City,35.6941118,139.70476109999998,https://www.google.com/maps/place/Shinjuku+Golden+Gai/data=!4m2!3m1!1s0x60188cd96586b9af:0x71a5c0e1150c1a8f,Shinjuku Golden Gai,bar,want to go,
Si Lom,13.724590899999999,100.5304963,https://www.google.com/maps/place/Elsewhere/data=!4m2!3m1!1s0x30e29f005b10c2a1:0x303846f9ebc6845f,Elsewhere,bar,want to go,
Si Phraya,13.7290995,100.5183098,https://www.google.com/maps/place/Mahaniyom+Cocktail+Bar/data=!4m2!3m1!1s0x30e299fb862cf169:0x59d046686de36a48,Mahaniyom Cocktail Bar,bar,want to go,
Sierksdorf,54.0747577,10.777893899999999,https://www.google.com/maps/place/Hansa-Park/data=!4m2!3m1!1s0x47b276dda360d7fb:0xdb32bb6997363788,Hansa-Park,park,favorite,
Singapore,1.3011519999999999,103.85869,https://www.google.com/maps/place/Bar+Stories/data=!4m2!3m1!1s0x31da19b0fadacbe1:0x421886bcb660e68f,Bar Stories,bar,want to go,
Singapore,1.2634018,103.8220077,https://www.google.com/maps/place/Brotzeit+German+Beer+Bar+and+Restaurant+-+VivoCity/data=!4m2!3m1!1s0x31da1958ba8db343:0x7854b8c783557b30,Brotzeit German Beer Bar and Restaurant - VivoCity,bar,want to go,
Singapore,1.3336757,103.7425569,https://www.google.com/maps/place/Brotzeit+German+Beer+Bar+and+Restaurant+-+WestGate/data=!4m2!3m1!1s0x31da100f070b001d:0xd8f267b2bf1164d,Brotzeit German Beer Bar and Restaurant - WestGate,bar,want to go,
Singapore,1.3006242,103.8398658,https://www.google.com/maps/place/Tapas+Club+Orchard+Central/data=!4m2!3m1!1s0x31da199728809467:0xc0755aa469752f70,Tapas Club Orchard Central,club,want to go,
Singapore,1.3892375,103.9883008,https://www.google.com/maps/place/Changi+Village+Hawker+Centre/data=!4m2!3m1!1s0x31da3c168577e7ab:0x2b98769e7a9be57c,Changi Village Hawker Centre,other,want to go,
Singapore,1.3015881,103.8619497,https://www.google.com/maps/place/Geylang+Claypot+Rice+%E8%8A%BD%E7%AC%BC%E7%A0%82%E7%85%B2%E9%A5%AD/data=!4m2!3m1!1s0x31da19cb083928c5:0xdcc3e551a27ab1d2,Geylang Claypot Rice 芽笼砂煲饭,restaurant,want to go,
Singapore,1.4021872,103.7880606,https://www.google.com/maps/place/Night+Safari/data=!4m2!3m1!1s0x31da13d7882e15f7:0x6ff144ead852d1e3,Night Safari,park,want to go,
"Sintra (Santa Maria e São Miguel, São Martinho e São Pedro de Penaferrim)",38.79255599999999,-9.3893376,https://www.google.com/maps/place/Castelo+dos+Mouros/data=!4m2!3m1!1s0xd1edac752cb070d:0x24f7fbfe228323e0,Castelo dos Mouros,other,want to go,
Sioux Falls,43.5083694,-96.7783891,https://www.google.com/maps/place/ROAM+Kitchen+%2B+Bar/data=!4m2!3m1!1s0x878ec98ecda5227f:0xa97b7314001b5a75,ROAM Kitchen + Bar,bar,want to go,
Skipton,54.072826199999994,-2.1579293999999996,https://www.google.com/maps/place/Malham+Cove/data=!4m2!3m1!1s0x487c7583bb73f199:0xf07e18970effeed9,Malham Cove,experience,want to go,
Slovakia,48.143318799999996,17.106595300000002,https://www.google.com/maps/place/Edomae+Sushi+Matsuki/data=!4m2!3m1!1s0x476c89e1c70b599f:0x1f159e9891c3acb9,Edomae Sushi Matsuki,restaurant,want to go,
Slovenia,46.2472492,13.5377614,https://www.google.com/maps/place/Hi%C5%A1a+Franko/data=!4m2!3m1!1s0x477a5b50b0926c83:0x644c869c3c6f2f8,Hiša Franko,restaurant,want to go,
Sofia,42.69181700000001,23.317208899999997,https://www.google.com/maps/place/Edgy+Veggy/data=!4m2!3m1!1s0x40aa8568fb6638fd:0x22826fa07019d77b,Edgy Veggy,restaurant,want to go,
Soltau,53.0236832,9.878207299999998,https://www.google.com/maps/place/Heide+Park+Resort/data=!4m2!3m1!1s0x47b1b480c0df2b9b:0x7f372d059a3a56c7,Heide Park Resort,park,favorite,
Sonoma,38.2468314,-122.4175174,https://www.google.com/maps/place/The+Fremont+Diner/data=!4m2!3m1!1s0x8085a893401eda03:0xf605fee1f41cc7bd,The Fremont Diner,restaurant,favorite,true
South Africa,-33.922661500000004,18.417180899999998,https://www.google.com/maps/place/Honest+Chocolate+Cafe/data=!4m2!3m1!1s0x1dcc6765c2964f6f:0xd3650664260d0e9b,Honest Chocolate Cafe,cafe,want to go,
South Africa,-33.92819,18.4226889,https://www.google.com/maps/place/Truth+Coffee+Roasting/data=!4m2!3m1!1s0x1dcc677c90fa4f93:0xfb23b9d5b59813f6,Truth Coffee Roasting,cafe,want to go,
South Africa,-33.927462899999995,18.457162099999994,https://www.google.com/maps/place/The+Old+Biscuit+Mill/data=!4m2!3m1!1s0x1dcc5da6b46abd99:0x39cc47e5b0eb6340,The Old Biscuit Mill,shop,want to go,
South Boston,42.337842699999996,-71.0273626,https://www.google.com/maps/place/Galley+Diner/data=!4m2!3m1!1s0x89e37a981f32bbad:0xdff44936e5ab8d66,Galley Diner,other,want to go,
South Kensington,51.4941076,-0.17439739999999995,https://www.google.com/maps/place/Bread+Ahead/data=!4m2!3m1!1s0x487604d5abaa7c41:0x709e02231f79f48b,Bread Ahead,bakery,want to go,
South Korea,37.5726757,127.02551059999998,https://www.google.com/maps/place/Seoul+Folk+Flea+Market/data=!4m2!3m1!1s0x357ca34c23126fdd:0x1f2f44177f2a4cef,Seoul Folk Flea Market,flea market,want to go,
South Korea,37.566724900000004,127.0445221,https://www.google.com/maps/place/Born+and+Bred/data=!4m2!3m1!1s0x357ca4aac8b27bd3:0x7538e53249f6fe04,Born and Bred,restaurant,want to go,
South Korea,37.678661399999996,126.8124158,https://www.google.com/maps/place/Dalgjjajang/data=!4m2!3m1!1s0x357c9148c52973e5:0x724cad665bf61774,Dalgjjajang,restaurant,want to go,
South Korea,37.55247809999999,126.9675284,https://www.google.com/maps/place/Hanndul+Chicken/data=!4m2!3m1!1s0x357ca2659f058c03:0x41b83cfdbc1a071b,Hanndul Chicken,other,want to go,
South Korea,37.573700699999996,126.98969569999998,https://www.google.com/maps/place/Jayeondo+Sogeumppang+(Salt+Bread)+%26+Jayeondoga/data=!4m2!3m1!1s0x357ca32599590883:0xd848f1a621f99acc,Jayeondo Sogeumppang (Salt Bread) & Jayeondoga,bakery,want to go,
South Korea,37.5423017,127.05545819999999,https://www.google.com/maps/place/Jayeondo+Sogeumppang+(Salt+Bread)+in+Seongsu/data=!4m2!3m1!1s0x357ca58daad46ea9:0x4922f006043fcb1e,Jayeondo Sogeumppang (Salt Bread) in Seongsu,bakery,want to go,
South Korea,37.567074399999996,126.99767819999998,https://www.google.com/maps/place/Jeju+Eunheene+Haejangguk+Euljiro/data=!4m2!3m1!1s0x357ca347261b1323:0x121d684b85fec726,Jeju Eunheene Haejangguk Euljiro,restaurant,want to go,
South Korea,37.5443638,127.0526737,https://www.google.com/maps/place/Le+Freak/data=!4m2!3m1!1s0x357ca55717e1bee7:0x74a4cff0ac292090,Le Freak,restaurant,want to go,
South Korea,37.519457,127.01911869999999,https://www.google.com/maps/place/LEGUME/data=!4m2!3m1!1s0x357ca33ede07871b:0x7db54348675daa51,LEGUME,restaurant,want to go,
South Korea,37.5651334,126.9931736,https://www.google.com/maps/place/Oldies+Taco/data=!4m2!3m1!1s0x357ca3ba91b1ca97:0xbd9cd9bf46f1c086,Oldies Taco,restaurant,want to go,
South Korea,37.57893790000001,126.98204729999999,https://www.google.com/maps/place/Salt24/data=!4m2!3m1!1s0x357ca3dbaf0ffdff:0xd0384ee217ff0a78,Salt24,other,want to go,
South Korea,37.5508737,126.92199679999997,https://www.google.com/maps/place/Sink+Hole/data=!4m2!3m1!1s0x357c98c54b40fd31:0xda117e9c96b5f868,Sink Hole,club,want to go,
South Korea,37.5621534,126.92503459999999,https://www.google.com/maps/place/Soha+Salt+Pond/data=!4m2!3m1!1s0x357c995b89c693e9:0x155159730794ee9,Soha Salt Pond,cafe,want to go,
South Korea,37.5730739,126.98969489999998,https://www.google.com/maps/place/Soha+Salt+Pond+Ikseon-dong/data=!4m2!3m1!1s0x357ca3712e2eac75:0xd2b02e0880078416,Soha Salt Pond Ikseon-dong,cafe,want to go,
Southfield,42.507102800000006,-83.3185838,https://www.google.com/maps/place/Beans+%26+Cornbread/data=!4m2!3m1!1s0x8824b75d719ec71d:0x9c1e63c023b68a5e,Beans & Cornbread,restaurant,want to go,
Sparks,39.5447366,-119.5563719,https://www.google.com/maps/place/World+Famous+Mustang+Ranch/data=!4m2!3m1!1s0x8099225f746c934d:0x275b77de4045461a,World Famous Mustang Ranch,other,want to go,
Split,43.5093014,16.4376249,https://www.google.com/maps/place/Obrtni%C4%8Dka+pekarnica+Kru%C5%A1%C4%8Di%C4%87/data=!4m2!3m1!1s0x13355dfef5553e6f:0x42d63ac72adadb0f,Obrtnička pekarnica Kruščić,bakery,want to go,
Amsterdam,52.36824989999999,4.8663164,https://www.google.com/maps/place/Spaghetteria+Jan+Hanzenstraat/data=!4m2!3m1!1s0x47c5e275369119bd:0x35e9020708382a8a,Spaghetteria Jan Hanzenstraat,restaurant,want to go,
St. Englmar,49.01131989999999,12.7976497,https://www.google.com/maps/place/Bayerwald+Bob/data=!4m2!3m1!1s0x4775412fac871903:0xbc1190f656aa31c2,Bayerwald Bob,other,want to go,
St. Louis,38.6336745,-90.2006976,https://www.google.com/maps/place/City+Museum/data=!4m2!3m1!1s0x87d8b33dc2801e55:0xc97c4420308aca04,City Museum,art,favorite,
St. Louis,38.6193631,-90.2560987,https://www.google.com/maps/place/Good+Fortune/data=!4m2!3m1!1s0x87d8b4fb12c7d3ff:0xb12af2c6255ddf34,Good Fortune,restaurant,want to go,
St. Mark's Church,51.5131568,-0.1528891,https://www.google.com/maps/place/Mercato+Mayfair/data=!4m2!3m1!1s0x48760509d1f4d6b7:0xeb4ea82d4f8172d1,Mercato Mayfair,other,want to go,
Stahnsdorf,52.3895408,13.1809592,https://www.google.com/maps/place/S%C3%BCdwestkirchhof+Stahnsdorf/data=!4m2!3m1!1s0x47a85ec8de9a7e8f:0x809b0094af718aa8,Südwestkirchhof Stahnsdorf,park,favorite,
Stanley,54.8849317,-1.6586264499999999,"https://www.google.com/maps/place/Beamish,+the+Living+Museum+of+the+North/data=!4m2!3m1!1s0x487e78e1955eb419:0x4c55c87f0a46d173","Beamish, the Living Museum of the North",art,want to go,
Steamed bun shop,37.574238099999995,127.02429679999999,https://www.google.com/maps/place/Yukjeon+Sikdang/data=!4m2!3m1!1s0x357ca34ca47c1855:0x747d2f24e4bfec27,Yukjeon Sikdang,restaurant,want to go,
Steimbke,52.65359,9.38829,https://www.google.com/maps/place/Ferienwohnung+Heike+Runge/data=!4m2!3m1!1s0x47b06137feb9d967:0x1dc24a3c7489c7d6,Ferienwohnung Heike Runge,other,favorite,
Stekene,51.22725489999999,4.054795299999999,https://www.google.com/maps/place/Verbeke+Foundation/data=!4m2!3m1!1s0x47c3862fa937cf09:0x3e21389abc2b1c7,Verbeke Foundation,art,want to go,
Stepantsminda,42.6590035,44.65085649999999,https://www.google.com/maps/place/ROOMS+Kazbegi/data=!4m2!3m1!1s0x40440cf71662653f:0x375df51fd4f498d6,ROOMS Kazbegi,hotel,want to go,
Straßburger Str.,52.5285396,13.4119851,https://www.google.com/maps/place/ichi+%E3%81%84%E3%81%A1/data=!4m2!3m1!1s0x47a84f763737394d:0xf1ab273683bbabca,ichi いち,restaurant,want to go,
Stroud,35.74879879999999,-96.65450729999999,https://www.google.com/maps/place/Rock+Cafe/data=!4m2!3m1!1s0x87b158b740722ad7:0x5badc84a5f2e1c5d,Rock Cafe,cafe,favorite,
Stuttgart,48.7899922,9.183067699999999,https://www.google.com/maps/place/Public+Library+Stuttgart/data=!4m2!3m1!1s0x4799c4b558133793:0xa04d3a38f94639aa,Public Library Stuttgart,art,want to go,
Suginami City,35.704755899999995,139.6361021,https://www.google.com/maps/place/Starbucks+Coffee+Asagaya+Station+Front/data=!4m2!3m1!1s0x6018f2768aad63e3:0x829ef099981201c,Starbucks Coffee Asagaya Station Front,cafe,want to go,
Summit,40.717017,-74.35634499999999,https://www.google.com/maps/place/Summit+Diner/data=!4m2!3m1!1s0x89c3ae4d0ed621df:0x811c4550e8a3af0e,Summit Diner,other,want to go,
Surry Hills NSW,-33.88803349999999,151.2132049,https://www.google.com/maps/place/Refettorio+OzHarvest+Sydney/data=!4m2!3m1!1s0x6b12afce45d10ee9:0xe3baaa7a40cff7a3,Refettorio OzHarvest Sydney,restaurant,want to go,
Surry Hills NSW,-33.881601800000006,151.2099232,https://www.google.com/maps/place/Firedoor+Restaurant/data=!4m2!3m1!1s0x6b12ae22808fb6c5:0xcaa68a28a42053bd,Firedoor Restaurant,restaurant,want to go,
Sutomišćica,44.0957234,15.168327099999999,https://www.google.com/maps/place/Olive+Island+Marina+Croatia+Sutomiscica/data=!4m2!3m1!1s0x4761f977c5b0efef:0x42457d593c7065c2,Olive Island Marina Croatia Sutomiscica,other,want to go,
Sweden,58.66520870000001,16.465579599999998,https://www.google.com/maps/place/Kolm%C3%A5rden+Zoo/data=!4m2!3m1!1s0x46592ec1eb5b1fe9:0x639fdd3925456815,Kolmården Zoo,park,favorite,
Sweden,59.33514770000001,18.0773924,https://www.google.com/maps/place/Schmaltz+Bar+%26+Delicatessen/data=!4m2!3m1!1s0x465f9da97a96b5fb:0x230c51f1e3f0c200,Schmaltz Bar & Delicatessen,bar,want to go,
Sweden,59.3187887,18.060531900000004,https://www.google.com/maps/place/Brandstationen+Store+%26+Studio/data=!4m2!3m1!1s0x43eca3a0f0580741:0xc916d2a37eaf91c2,Brandstationen Store & Studio,shop,want to go,
Sweden,59.341872900000006,18.060341299999997,https://www.google.com/maps/place/Transparent/data=!4m2!3m1!1s0x465f9dbdfa54ddd7:0x485bf0e543364ee8,Transparent,shop,want to go,
Sydney NSW,-33.867759299999996,151.2060912,https://www.google.com/maps/place/A.P+Place+(A.P+Bakery)/data=!4m2!3m1!1s0x6b12afaf6295f82b:0x738e702b5a1b8a1f,A.P Place (A.P Bakery),bakery,want to go,
"Taipei City, Taiwan",25.0828183,121.55933859999999,https://www.google.com/maps/place/RAW/data=!4m2!3m1!1s0x3442ac12d432ac6f:0x37c7612d296d461f,RAW,restaurant,want to go,
Tallinn,59.4520538,24.728923400000003,https://www.google.com/maps/place/180+Degrees+Restaurant/data=!4m2!3m1!1s0x4692934df3fdc05d:0x9f25a649f6a765a6,180 Degrees Restaurant,restaurant,want to go,
Tarragona,41.08681345,1.15681475,https://www.google.com/maps/place/PortAventura+World/data=!4m2!3m1!1s0x12a159e61d964f11:0x545aab951bd2a8d0,PortAventura World,park,favorite,
Taumarunui,-38.883458999999995,175.257645,https://www.google.com/maps/place/Forgotten+World+Adventures/data=!4m2!3m1!1s0x6d6b400dd6911765:0xecdf4297b2de1abe,Forgotten World Adventures,other,want to go,
Tbilisi,41.723087299999996,44.790897699999995,https://www.google.com/maps/place/Bassiani/data=!4m2!3m1!1s0x404472d1c2d86889:0x469e780a6bfc6d7a,Bassiani,club,want to go,
Tbilisi,41.6898989,44.798699,https://www.google.com/maps/place/Ezo/data=!4m2!3m1!1s0x40440cf2705e8a23:0xdba34dc7273b776f,Ezo,restaurant,want to go,
Tbilisi,41.695361399999996,44.7959361,https://www.google.com/maps/place/Klike's+Khinkali/data=!4m2!3m1!1s0x40440db7e068f4bd:0x9551729c51232c50,Klike's Khinkali,restaurant,want to go,
Tbilisi,41.70598309999999,44.784295,https://www.google.com/maps/place/Tamtaki/data=!4m2!3m1!1s0x40440dbc57d892c1:0x5f546fb919096779,Tamtaki,cafe,want to go,
Tbilisi,41.7210545,44.7953676,https://www.google.com/maps/place/Tamtaki+at+Zeche/data=!4m2!3m1!1s0x4044733f922d910f:0xa44f7f4597769e27,Tamtaki at Zeche,restaurant,want to go,
Tbilisi,41.692302600000005,44.809149999999995,https://www.google.com/maps/place/Warehouse+%5BRIKE%5D/data=!4m2!3m1!1s0x40440cfa7bc7be87:0x2c79d81eaf82cdf4,Warehouse [RIKE],club,want to go,
Tbilisi,41.690240599999996,44.799652300000005,https://www.google.com/maps/place/Restaurant+Littera/data=!4m2!3m1!1s0x40440cf20c6e37ab:0x5ddfb346924ccead,Restaurant Littera,restaurant,want to go,
Teltow,52.40454449999999,13.254456099999999,https://www.google.com/maps/place/Flipperhalle-Berlin/data=!4m2!3m1!1s0x47a85bbffa876013:0x1de99286d8c9c1cf,Flipperhalle-Berlin,experience,favorite,
Teltow,52.4113964,13.298286699999998,https://www.google.com/maps/place/TV-Asahi+cherry+blossom+avenue+on+the+Mauerweg/data=!4m2!3m1!1s0x47a85b6b6a245bdd:0x9036d32441afacb0,TV-Asahi cherry blossom avenue on the Mauerweg,experience,favorite,
Teulada SU,38.8946095,8.8131483,https://www.google.com/maps/place/Tuerredda+Beach/data=!4m2!3m1!1s0x12e6e7378d569d7f:0xfe8af765f15074f0,Tuerredda Beach,experience,want to go,
Thames Wharf,51.4839988,-0.2242253,https://www.google.com/maps/place/The+River+Caf%C3%A9/data=!4m2!3m1!1s0x48760fb010bf16c7:0x26a2eb12ed316c17,The River Café,restaurant,want to go,
The Kitchens,51.5196286,-0.0750189,https://www.google.com/maps/place/Crunch/data=!4m2!3m1!1s0x48761d548abe60a7:0x8106f3857733dd62,Crunch,shop,want to go,
The Spurstowe Arms,51.5453747,-0.0632078,https://www.google.com/maps/place/Dough+Hands/data=!4m2!3m1!1s0x48761d16bfa5bd73:0x501eb9830a5c9d43,Dough Hands,restaurant,want to go,
The Warehouse,13.733791400000001,100.5144552,https://www.google.com/maps/place/Clutch/data=!4m2!3m1!1s0x30e2996061833be7:0x8c406dae33623143,Clutch,bar,want to go,
Theth,42.398538599999995,19.760267799999998,https://www.google.com/maps/place/Vidis+Chalet+Boutique+Hotel/data=!4m2!3m1!1s0x13526d73aa3a05eb:0x6dbed3951d53675b,Vidis Chalet Boutique Hotel,hotel,favorite,
Thung Maha Mek,13.718275599999998,100.5460595,https://www.google.com/maps/place/J'AIME+by+Jean-Michel+Lorain+at+U+Sathorn/data=!4m2!3m1!1s0x30e29f3b8af52475:0x8820663ab81a5170,J'AIME by Jean-Michel Lorain at U Sathorn,restaurant,want to go,
Thung Maha Mek,13.720665200000001,100.551486,https://www.google.com/maps/place/YUN+RESTAURANT/data=!4m2!3m1!1s0x30e29fd787c2874b:0xe0e9b2d30e97e7fd,YUN RESTAURANT,restaurant,want to go,
Thành phố Hồ Chí Minh,10.7689693,106.70123319999999,https://www.google.com/maps/place/COMPOUND+GARMENT/data=!4m2!3m1!1s0x31752fdc3cf32b59:0x8f6f9c8697b3a749,COMPOUND GARMENT,shop,want to go,
Thành phố Hồ Chí Minh,10.7855198,106.679335,https://www.google.com/maps/place/Mozaic+Space/data=!4m2!3m1!1s0x31752fb8fd783107:0x9ff5c04215ba1756,Mozaic Space,shop,want to go,
Thành phố Hồ Chí Minh,10.803365099999999,106.72035179999999,https://www.google.com/maps/place/nay+mai/data=!4m2!3m1!1s0x317529002e8ebc19:0x585a48f39f508f64,nay mai,shop,want to go,
Thành phố Hồ Chí Minh,10.7688211,106.6967985,https://www.google.com/maps/place/PSYCHE+SAIGON/data=!4m2!3m1!1s0x317528b568714633:0x8c848fcc81bfd85c,PSYCHE SAIGON,shop,want to go,
Thành phố Hồ Chí Minh,10.7727385,106.7002141,https://www.google.com/maps/place/S%C3%A0i+G%C3%B2n+Square/data=!4m2!3m1!1s0x31752f40ab668353:0x41570b5c5e52852,Sài Gòn Square,shop,want to go,
Thành phố Hồ Chí Minh,10.792843999999997,106.68900889999999,https://www.google.com/maps/place/Cuc+Gach+Quan+Restaurant/data=!4m2!3m1!1s0x317528cd9a13a0a5:0x8b18b057ab3b248b,Cuc Gach Quan Restaurant,restaurant,want to go,
Thảo Điền,10.811649599999999,106.7348209,https://www.google.com/maps/place/objoff/data=!4m2!3m1!1s0x317527738a443789:0x1d14b08b81a2a09a,objoff,shop,want to go,
Tirane,41.451076,19.863925300000002,https://www.google.com/maps/place/Bovilla+restorant/data=!4m2!3m1!1s0x1351cb385c6b43f3:0x323feab6b8a5b12c,Bovilla restorant,restaurant,want to go,
Tiranë,41.3199381,19.822857,https://www.google.com/maps/place/LIFT+Steak+%26+Rooftop+Bar/data=!4m2!3m1!1s0x135031378f44c50d:0xf5ca5fa8bf722307,LIFT Steak & Rooftop Bar,bar,want to go,
Tiranë,41.3230175,19.8222481,https://www.google.com/maps/place/Tony%E2%80%99s+American+Restaurant+%26+Coffee+Shop+(Pyramid)/data=!4m2!3m1!1s0x1350310046dbce3d:0x6cfe4f747b9aea58,Tony’s American Restaurant & Coffee Shop (Pyramid),cafe,want to go,
Tiranë,41.321596299999996,19.8170876,https://www.google.com/maps/place/Colonial+Cocktails+Academy+Tirana/data=!4m2!3m1!1s0x1350310315a9850d:0xb6654a7d8b37be20,Colonial Cocktails Academy Tirana,bar,want to go,
Tiranë,41.3134564,19.8165868,https://www.google.com/maps/place/Mullixhiu/data=!4m2!3m1!1s0x135030fc9aaa4eb5:0xa7095a3dcf2c0399,Mullixhiu,restaurant,want to go,
Tiranë,41.3230699,19.8214613,https://www.google.com/maps/place/Pyramid+of+Tirana/data=!4m2!3m1!1s0x1350311b70c971d7:0xe0c2e0adbe3d4b83,Pyramid of Tirana,experience,want to go,
Tiranë,41.3685863,19.904293199999998,https://www.google.com/maps/place/Viewing+balcony/data=!4m2!3m1!1s0x1350350062addd29:0xc865ceab1cb77565,Viewing balcony,other,want to go,
Tiranë,41.3248977,19.7873679,https://www.google.com/maps/place/Marinaj+Hotel/data=!4m2!3m1!1s0x13503142b74fa38d:0x5c18d74831da778e,Marinaj Hotel,hotel,want to go,
Tiranë,41.3576008,19.913787199999998,https://www.google.com/maps/place/Panorama+Hotel+Restaurant/data=!4m2!3m1!1s0x135035c80b242a95:0x79ea13822944c68b,Panorama Hotel Restaurant,restaurant,want to go,
Tiranë,41.320124799999995,19.814639899999996,https://www.google.com/maps/place/Restaurant+Piceri+Era+%22Blloku%22/data=!4m2!3m1!1s0x1350310244071c23:0x62d72413c32f54,"Restaurant Piceri Era ""Blloku""",restaurant,want to go,
Todtnau,47.828843,7.949029000000001,https://www.google.com/maps/place/Hasenhorn+Rodelbahn+Todtnau/data=!4m2!3m1!1s0x4790ff0cca332741:0xc64ca0fbbe320a52,Hasenhorn Rodelbahn Todtnau,other,want to go,
Torino TO,45.0759788,7.6818185,https://www.google.com/maps/place/Tre+Galline/data=!4m2!3m1!1s0x47886d7441adcd1f:0x58eefb3a46bb9609,Tre Galline,restaurant,want to go,
Toronto,43.6605203,-79.4437438,https://www.google.com/maps/place/Starving+Artist/data=!4m2!3m1!1s0x882b344138addcd7:0x5de434d960d281e3,Starving Artist,art,favorite,true
Toronto,43.6483579,-79.3977206,https://www.google.com/maps/place/Butter+Avenue/data=!4m2!3m1!1s0x882b34dc864edd57:0x4e3fea452f1cb73f,Butter Avenue,shop,favorite,true
Toronto,43.651922,-79.4087605,https://www.google.com/maps/place/Fonda+Balam/data=!4m2!3m1!1s0x882b35c34efc50a1:0xb2d839668c3b672f,Fonda Balam,restaurant,favorite,true
Toronto,43.648713900000004,-79.39733,https://www.google.com/maps/place/Fresh+Off+The+Boat/data=!4m2!3m1!1s0x882b34db7d7d558d:0x6e3cd88687be8477,Fresh Off The Boat,restaurant,favorite,true
Toronto,43.645941500000006,-79.3934508,https://www.google.com/maps/place/Greenhouse+Juice+Co./data=!4m2!3m1!1s0x882b34da19985e8d:0xfdc0fb3c20f338be,Greenhouse Juice Co.,shop,favorite,true
Toronto,43.662746899999995,-79.4044105,https://www.google.com/maps/place/Harvest+Kitchen/data=!4m2!3m1!1s0x882b349572d4b855:0xf63df1cf8ce70ba4,Harvest Kitchen,restaurant,favorite,true
Toronto,43.6441667,-79.4002778,https://www.google.com/maps/place/Home+of+the+Brave/data=!4m2!3m1!1s0x882b34de573c75ff:0x83443c513b862a24,Home of the Brave,restaurant,favorite,true
Toronto,43.647652400000005,-79.402639,https://www.google.com/maps/place/Rock+Lobster/data=!4m2!3m1!1s0x882b34ddf4b40885:0x8a1ae191cf68cc25,Rock Lobster,restaurant,favorite,true
Toronto,43.64487949999999,-79.4161359,https://www.google.com/maps/place/The+County+General/data=!4m2!3m1!1s0x882b34fd0532e14d:0xdb4ebdc83da9339c,The County General,restaurant,favorite,true
Toronto,43.645576500000004,-79.3935637,https://www.google.com/maps/place/Bar+Hop/data=!4m2!3m1!1s0x882b34d98009c99f:0x134f6d8a053584c7,Bar Hop,bar,want to go,
Toronto,43.662963,-79.4034537,https://www.google.com/maps/place/Almond+Butterfly+Bakeshop+%26+Cafe/data=!4m2!3m1!1s0x4cc9175f71d85973:0x873731e3af7f7304,Almond Butterfly Bakeshop & Cafe,cafe,want to go,
Toronto,43.644086099999996,-79.4057642,https://www.google.com/maps/place/Beast+Bodega/data=!4m2!3m1!1s0x882b35ea2f8f9f9d:0x280b7d5955d784aa,Beast Bodega,restaurant,want to go,
Toronto,43.642698,-79.426906,https://www.google.com/maps/place/Gladstone+House/data=!4m2!3m1!1s0x882b35aaea2927c1:0x92e9d8d2a35ee872,Gladstone House,hotel,want to go,
Toronto,43.6458144,-79.4114245,https://www.google.com/maps/place/Nad%C3%A8ge+Patisserie/data=!4m2!3m1!1s0x882b350a79fd6327:0xccb6e3e15a1c406a,Nadège Patisserie,shop,want to go,
Toronto,43.647852799999995,-79.3887403,https://www.google.com/maps/place/PAI/data=!4m2!3m1!1s0x882b34d9289991d5:0x5f596deace8d8b6a,PAI,restaurant,want to go,
Toronto,43.6454698,-79.3962931,https://www.google.com/maps/place/Patria/data=!4m2!3m1!1s0x882b34d95aac3383:0xb94ae7b72a2f1f87,Patria,restaurant,want to go,
Toronto,43.658894800000006,-79.35038399999999,https://www.google.com/maps/place/Prohibition+Social+House/data=!4m2!3m1!1s0x89d4cbc291805041:0x8d26cd84e2172cfc,Prohibition Social House,bar,want to go,
Toronto,43.645175699999996,-79.3957684,https://www.google.com/maps/place/SOMA+Chocolatemaker/data=!4m2!3m1!1s0x882b34d9676e646f:0x8dc6548350ec8a99,SOMA Chocolatemaker,shop,want to go,
Toronto,43.641878899999995,-79.406503,https://www.google.com/maps/place/The+Old+York+Tavern/data=!4m2!3m1!1s0x882b357ba6ca1933:0x3646edd96f494bd0,The Old York Tavern,restaurant,want to go,
Toronto,43.6441663,-79.40072099999999,https://www.google.com/maps/place/WVRST/data=!4m2!3m1!1s0x882b34de504aa3bb:0x4209d8a79632bd0b,WVRST,restaurant,want to go,
Toronto,43.6627345,-79.4031795,https://www.google.com/maps/place/Yasu+Toronto/data=!4m2!3m1!1s0x882b34957fa8ede1:0x224336b4cf370775,Yasu Toronto,restaurant,want to go,
Toronto,43.654441999999996,-79.39892470000001,https://www.google.com/maps/place/Ph%E1%BB%9F+H%C6%B0ng+Restaurant/data=!4m2!3m1!1s0x882b34c3c12241f1:0xfcbf6631e05ca02a,Phở Hưng Restaurant,restaurant,want to go,
Torrance,33.873236399999996,-118.35191329999999,https://www.google.com/maps/place/Cold+Stone+Creamery/data=!4m2!3m1!1s0x80c2b4f9341663d9:0xbab12599a4bb494a,Cold Stone Creamery,shop,favorite,
Torrance,33.881438599999996,-118.32614640000001,https://www.google.com/maps/place/Taco+Bell/data=!4m2!3m1!1s0x80c2b50a507fa531:0x39817dca1f12a9e9,Taco Bell,restaurant,favorite,
Torrance,33.87239399999999,-118.31638600000001,https://www.google.com/maps/place/The+UPS+Store/data=!4m2!3m1!1s0x80c2b56e845a36ad:0x8620f9357665ec1f,The UPS Store,shop,favorite,
Torrensville SA,-34.923606500000005,138.5673986,https://www.google.com/maps/place/Parwana+Afghan+Kitchen/data=!4m2!3m1!1s0x6ab0cf67bfe22d9f:0x41e9c5a9cdeac66d,Parwana Afghan Kitchen,restaurant,want to go,
Tourist attraction,33.8120918,-117.91897420000001,https://www.google.com/maps/place/Disneyland+Park/data=!4m2!3m1!1s0x80dcd7d12b3b5e6b:0x2ef62f8418225cfa,Disneyland Park,park,want to go,
Traunkirchen,47.8458531,13.7901212,https://www.google.com/maps/place//data=!4m2!3m1!1s0x4771568831eab259:0x11bc6553632fad0e,Restaurant Bootshaus,restaurant,want to go,
Amsterdam,52.3697034,4.8802631,https://www.google.com/maps/place/Bar+Oldenhof/data=!4m2!3m1!1s0x47c609dd2182a69d:0x3470133a4e34af96,Bar Oldenhof,bar,favorite,
Türkiye,41.029118499999996,28.973093700000007,https://www.google.com/maps/place/Aheste/data=!4m2!3m1!1s0x14cab9e0ab337dcb:0xd824dbebd5f2405b,Aheste,restaurant,favorite,
Türkiye,41.030302400000004,28.973018,https://www.google.com/maps/place//data=!4m2!3m1!1s0x14cab9e1aaad074d:0x57e058ca566c1311,Soho House Istanbul,club,favorite,
Türkiye,41.026127599999995,28.977661599999998,https://www.google.com/maps/place/Galata+Nail+Art/data=!4m2!3m1!1s0x14cab96c8b40c7c1:0x579dc24065f449d,Galata Nail Art,nail salon,want to go,
Türkiye,36.881158,30.663344,https://www.google.com/maps/place/7+Mehmet/data=!4m2!3m1!1s0x14c2259bd3cfc5cf:0x47d8d25b57422001,7 Mehmet,restaurant,want to go,
Türkiye,41.0664778,29.016553299999998,https://www.google.com/maps/place//data=!4m2!3m1!1s0x14cab64f4c1f078f:0xd27f5b18dc62551a,Balenciaga,shop,want to go,
Türkiye,41.049417999999996,28.981579999999997,https://www.google.com/maps/place//data=!4m2!3m1!1s0x14cab714aeac533d:0x23933718023dc29c,Damla Dondurma Boza,shop,want to go,
Türkiye,41.0585196,28.980832999999997,https://www.google.com/maps/place//data=!4m2!3m1!1s0x14cab7175fa024e3:0x7aae558eed79a5ff,Kilimanjaro,restaurant,want to go,
Türkiye,41.034133600000004,28.9768357,https://www.google.com/maps/place//data=!4m2!3m1!1s0x14cab7607d4f50db:0xf51bd22c1b7dece6,Arıoğulları Petek Turşuları,shop,want to go,
Türkiye,41.0475308,28.993250099999997,https://www.google.com/maps/place//data=!4m2!3m1!1s0x14cab777741e405d:0xe90a22805a269ed1,Gucci - Istanbul Nisantasi,other,want to go,
Türkiye,41.058341899999995,28.977767299999996,https://www.google.com/maps/place//data=!4m2!3m1!1s0x14cab7f6b0eaac85:0x99db1127dde8dc58,TURK FATIH TUTAK,restaurant,want to go,
Türkiye,40.984781399999996,29.026570499999995,https://www.google.com/maps/place//data=!4m2!3m1!1s0x14cab8613ce717d5:0xbec4f1f12b0755a1,700 GRAM,restaurant,want to go,
Türkiye,40.980058,29.0269558,https://www.google.com/maps/place//data=!4m2!3m1!1s0x14cab88a6b1a7fc5:0x2a8426d49e0a222a,Kadıköy Moda Sahil Parkı ve Yürüyüş Yolu,park,want to go,
Türkiye,40.981944399999996,29.0233333,https://www.google.com/maps/place//data=!4m2!3m1!1s0x14cab88aa80db1c1:0x619885e761165a3d,Munchies Crepes \u0026 Pancakes,restaurant,want to go,
Türkiye,41.010686199999995,28.9753072,https://www.google.com/maps/place//data=!4m2!3m1!1s0x14cab99591ac18e1:0x9366f47e8a90f81b,Old Ottoman Cafe \u0026 Restaurant,restaurant,want to go,
Türkiye,41.028365099999995,28.971848799999997,https://www.google.com/maps/place//data=!4m2!3m1!1s0x14cab9b886b94f97:0x978335e52cb33f74,monkeyistanbul,bar,want to go,
Türkiye,41.008583,28.980175000000003,https://www.google.com/maps/place//data=!4m2!3m1!1s0x14cab9be92011c27:0x236e6f6f37444fae,Hagia Sophia Grand Mosque,other,want to go,
Türkiye,41.02474979999999,28.9801935,https://www.google.com/maps/place//data=!4m2!3m1!1s0x14cab9dd19d1a3af:0x24cf3db8752256d9,Karaköy Lokantası,restaurant,want to go,
Türkiye,41.0302261,28.977757300000004,https://www.google.com/maps/place//data=!4m2!3m1!1s0x14cab9dfb8ccb1cd:0xd3f8db23f70b9f66,Nicole,restaurant,want to go,
Türkiye,41.0310369,28.9741962,https://www.google.com/maps/place//data=!4m2!3m1!1s0x14cab9e04677e445:0x84a9f9a2f4e8defe,Mikla,restaurant,want to go,
Türkiye,41.029531899999995,28.9756319,https://www.google.com/maps/place//data=!4m2!3m1!1s0x14cab9e0851af0a5:0x4ea7cd502d773958,Yeni Lokanta,restaurant,want to go,
Türkiye,41.0238362,28.9734027,https://www.google.com/maps/place//data=!4m2!3m1!1s0x14cab9e7d3b0b619:0xcc6f4b5286d4235c,Neolokal,restaurant,want to go,
Türkiye,41.02915955,28.948811049999996,https://www.google.com/maps/place//data=!4m2!3m1!1s0x14caba02c5222d69:0x24ba70e0cfd3483e,Balat,other,want to go,
Türkiye,40.985823599999996,29.0970561,https://www.google.com/maps/place/nail+point+istanbul/data=!4m2!3m1!1s0x14cac74126b7fd4b:0xd2a1107105d3db0f,nail point istanbul,nail salon,want to go,
Türkiye,36.922391299999994,28.801311600000002,https://www.google.com/maps/place/Yuvarlak%C3%A7ay+Akarsu+Restaurant+(+K%C3%B6yce%C4%9Fiz+Yuvarlak%C3%A7ay+Akarsu+Restaurant+)/data=!4m2!3m1!1s0x14c07db5c5a2ffe5:0x635fde004accebd4,Yuvarlakçay Akarsu Restaurant ( Köyceğiz Yuvarlakçay Akarsu Restaurant ),restaurant,want to go,
Uccle,50.8116725,4.3681411,https://www.google.com/maps/place/Les+Brasseries+Georges/data=!4m2!3m1!1s0x47c3c4e49ce2c843:0x6595144a12690de5,Les Brasseries Georges,other,want to go,
Uccle,50.81305429999999,4.356952099999999,https://www.google.com/maps/place/Tortue/data=!4m2!3m1!1s0x47c3c516786cc9e3:0x3fe75aebb5f5fddf,Tortue,bar,want to go,
Uelzen,52.969740699999996,10.5531175,https://www.google.com/maps/place/Uelzen/data=!4m2!3m1!1s0x47ae2b83e466d5cb:0x4f186e04992fd24d,Uelzen,other,favorite,
Unknown,40.5838865,-73.90173365,https://www.google.com/maps/place/Dead+Horse+Bay/data=!4m2!3m1!1s0x89c243a88a24c2e1:0x42fc75d21828f89c,Dead Horse Bay,experience,favorite,
Unknown,37.7883309,-122.4914497,"https://www.google.com/maps/place/China+Beach,+San+Francisco/data=!4m2!3m1!1s0x808587001a56210d:0x5475c86bab1347de","China Beach, San Francisco",nature,favorite,
Unknown,52.50011705,13.37895105,https://www.google.com/maps/place/Chubby+Cheeks+Mochis+UG/data=!4m2!3m1!1s0x47a851fb7edbc1b7:0xd6453683f1313af3,Chubby Cheeks Mochis UG,other,favorite,true
Unknown,37.42226399999999,-122.08477780000001,https://www.google.com/maps/place/Googleplex/data=!4m2!3m1!1s0x808fbb5f27c528d7:0xb987f550a855f41b,Googleplex,other,favorite,
Unknown,28.069222800000002,-14.439148300000001,https://www.google.com/maps/place/Juan+Gomez+Beach/data=!4m2!3m1!1s0xc477a925ae092af:0x34f93158a6ca6c40,Juan Gomez Beach,nature,favorite,
Unknown,34.0798613,-118.31788914999998,https://www.google.com/maps/place/Larchmont+Village/data=!4m2!3m1!1s0x80c2b8c0b1298121:0x13ec441911d0e49e,Larchmont Village,other,favorite,
Unknown,28.055742,-14.388421899999996,https://www.google.com/maps/place/Playa+de+Enamorados/data=!4m2!3m1!1s0xc477a2e5e39fbff:0x737215034d357e95,Playa de Enamorados,park,favorite,
Unknown,28.6349563,-14.0268988,https://www.google.com/maps/place/Playa+de+Esquinzo/data=!4m2!3m1!1s0xc47b3a00c5bef8d:0x353389bba135e50a,Playa de Esquinzo,other,favorite,
Unknown,28.344398649999995,-14.1790532,https://www.google.com/maps/place/Playa+de+Garcey/data=!4m2!3m1!1s0xc47a3cd5f322f17:0x4caad47db448e284,Playa de Garcey,other,favorite,
Unknown,28.11088755,-14.261859600000001,https://www.google.com/maps/place/Playa+de+Sotavento+de+Jand%C3%ADa/data=!4m2!3m1!1s0xc4782b1a5a39fad:0xf9bc081c0034f977,Playa de Sotavento de Jandía,other,favorite,
Unknown,28.590515899999996,-14.0347123,https://www.google.com/maps/place/Playa+de+Tebeto/data=!4m2!3m1!1s0xc47b3d8f5d19557:0x68f468c74e10d008,Playa de Tebeto,other,favorite,
Unknown,28.64839635,-14.02141155,https://www.google.com/maps/place/Playa+del+Aguila/data=!4m2!3m1!1s0xc47b36ebf8268ff:0x51e9f7e28d5827f3,Playa del Aguila,other,favorite,
Unknown,28.0499418,-14.333868,https://www.google.com/maps/place/Playa+del+Matorral/data=!4m2!3m1!1s0xc477904f79760df:0x176eb159a3bf78f5,Playa del Matorral,other,favorite,
Unknown,51.17580699999999,10.454119350000001,https://www.google.com/maps/place/Renas+Hus/data=!4m2!3m1!1s0x47a84e016be7bfe3:0xbbd444067679f599,Renas Hus,shop,favorite,true
Unknown,50.366566549999995,30.71357705,https://www.google.com/maps/place/Sanatoriy+%22Khvylya%22/data=!4m2!3m1!1s0x40d4ce5102781b5b:0xb30cd7e0aba40193,"Sanatoriy ""Khvylya""",other,favorite,
Unknown,32.9546735,-117.26567465000001,https://www.google.com/maps/place/Torrey+Pines+State+Beach/data=!4m2!3m1!1s0x80dc060403e5bad5:0xa0e3dd9c3789638c,Torrey Pines State Beach,nature,favorite,
Unknown,42.658760799999996,21.1754686,https://www.google.com/maps/place/Varrezat+e+D%C3%ABshmor%C3%ABve/data=!4m2!3m1!1s0x13549ed991fb79d5:0xba6eb69eb9d29491,Varrezat e Dëshmorëve,other,favorite,
Unknown,52.5058095,13.4182941,https://www.google.com/maps/place/Engelbecken/data=!4m2!3m1!1s0x47a84e31a96a584b:0x67960a73c2e13c6a,Engelbecken,park,favorite,
Unknown,52.57581475,13.254472999999999,https://www.google.com/maps/place/Lake+Tegel/data=!4m2!3m1!1s0x47a85433ee35caf5:0x9a2efbc16e8af73e,Lake Tegel,park,favorite,
Unknown,52.397139800000005,13.4036601,https://www.google.com/maps/place/Lichtenrade/data=!4m2!3m1!1s0x47a84460a9155c0d:0xabf38cfa2a81359c,Lichtenrade,park,favorite,
Unknown,52.74848625,13.512006849999999,https://www.google.com/maps/place/Liepnitzsee/data=!4m2!3m1!1s0x47a9afd4aa944743:0x8debc487ac1d76f2,Liepnitzsee,park,favorite,
Unknown,13.7373794,100.51293489999999,https://www.google.com/maps/place/Yaowarat+Rd/data=!4m2!3m1!1s0x30e29921f76193f7:0x5864886b1bdc3702,Yaowarat Rd,restaurant,favorite,
Unknown,34.0417278,-118.2331059,https://www.google.com/maps/place/Arts+District/data=!4m2!3m1!1s0x80c2c63a54b5873f:0xd46d538dad108ae0,Arts District,art,want to go,
Unknown,38.74407945,-9.1597358,https://www.google.com/maps/place/Monka+Bakery/data=!4m2!3m1!1s0xd19359d7f7335f1:0xdd9ecf7ad922fab7,Monka Bakery,bakery,want to go,
Unknown,48.87247135,2.3545823,https://www.google.com/maps/place/Strasbourg-Saint-Denis/data=!4m2!3m1!1s0x47e66e104898c969:0x323a5df19590bfc0,Strasbourg-Saint-Denis,bar,want to go,
Unknown,42.45519975,19.802985399999997,https://www.google.com/maps/place/Albanian+Alps/data=!4m2!3m1!1s0x135265f576ef6c01:0x22a9eeff6b3f7dea,Albanian Alps,other,want to go,
Unknown,47.684544849999995,10.300080849999999,https://www.google.com/maps/place/Allg%C3%A4u/data=!4m2!3m1!1s0x479c7ca4ffebd9c3:0xcfbb905589e36007,Allgäu,other,want to go,
Unknown,41.00809725,16.7272389,https://www.google.com/maps/place/Apulia/data=!4m2!3m1!1s0x1336e42b8db993dd:0x396fba70f8247c8f,Apulia,other,want to go,
Unknown,46.65588604999999,11.429943449999998,https://www.google.com/maps/place/Autonomous+Province+of+Bolzano+%E2%80%93+South+Tyrol/data=!4m2!3m1!1s0x4782a738d28c4f11:0x307098715907eb0,Autonomous Province of Bolzano – South Tyrol,other,want to go,
Unknown,34.398977300000006,134.8396917,https://www.google.com/maps/place/Awaji+Island/data=!4m2!3m1!1s0x3554ba6dbfc4cfe1:0xaad592bb86ce307e,Awaji Island,other,want to go,
Unknown,35.582720200000004,23.589166,https://www.google.com/maps/place/Balos+Beach/data=!4m2!3m1!1s0x149c5809c68e7ac7:0xe2cb9e4402502711,Balos Beach,nature,want to go,
Unknown,39.7937712,19.9204312,https://www.google.com/maps/place/Bataria+Beach/data=!4m2!3m1!1s0x135b4195f09de26b:0x6b1332b891f91c53,Bataria Beach,nature,want to go,
Unknown,41.6240067,41.652593700000004,https://www.google.com/maps/place/Batumi/data=!4m2!3m1!1s0x406786304ea2d221:0x7a3053a9e12ea967,Batumi,other,want to go,
Unknown,35.6025059,-81.6375848,https://www.google.com/maps/place/Big+Bear+Falls/data=!4m2!3m1!1s0x88572de17d5145cd:0x2aae507495c4722e,Big Bear Falls,other,want to go,
Unknown,32.8897408,-117.25332184999999,https://www.google.com/maps/place/Black's+Beach/data=!4m2!3m1!1s0x80dc068fc8820f2b:0xcea1029b3b92dc8f,Black's Beach,nature,want to go,
Unknown,39.919693349999996,20.188874649999995,https://www.google.com/maps/place/Blue+Eye/data=!4m2!3m1!1s0x135b0eff45af7c2f:0x39143d1abc7fcb93,Blue Eye,other,want to go,
Unknown,42.1364723,9.1279602,https://www.google.com/maps/place/Bonifacio/data=!4m2!3m1!1s0x12dbd62a35d86ab5:0x40819a5fd955dd0,Bonifacio,other,want to go,
Unknown,39.771304099999995,19.9984411,https://www.google.com/maps/place/Bora+Bora+beach/data=!4m2!3m1!1s0x135b6b3811a56f05:0xd940aec7f31123d2,Bora Bora beach,experience,want to go,
Unknown,51.505489399999995,-0.0907299,https://www.google.com/maps/place/Borough+Market/data=!4m2!3m1!1s0x48760357742fd2d1:0x73e5182160e175dc,Borough Market,shop,want to go,
Unknown,41.4452401,19.866340299999997,https://www.google.com/maps/place/Bovilla+Reservoir/data=!4m2!3m1!1s0x1351cb2a52d90eeb:0x4262f3b705a16a34,Bovilla Reservoir,park,want to go,
Unknown,51.52864165,-0.10159865000000001,https://www.google.com/maps/place/Break.+Archive/data=!4m2!3m1!1s0x606e15603a9c7f59:0x6601d5d9f7cd6803,Break. Archive,vintage,want to go,
Unknown,40.2668864,19.6718241,https://www.google.com/maps/place/Bridge+of+Brataj/data=!4m2!3m1!1s0x135ad73d7cc16849:0xb6863856f5104825,Bridge of Brataj,other,want to go,
Unknown,51.5366964,-0.0617408,https://www.google.com/maps/place/Broadway+Market/data=!4m2!3m1!1s0x48761ce8327b9369:0x800f35eee2ed1074,Broadway Market,shop,want to go,
Unknown,40.10856075,9.687743500000002,https://www.google.com/maps/place/Cala+Goloritz%C3%A9/data=!4m2!3m1!1s0x12de5a57bb086adf:0xf82e71d83aa551d8,Cala Goloritzé,other,want to go,
Unknown,40.22654849999999,9.6266791,https://www.google.com/maps/place/Cala+Luna/data=!4m2!3m1!1s0x12de5f519833520d:0xb40ce99317ea3370,Cala Luna,other,want to go,
Unknown,39.49880745,3.296882,https://www.google.com/maps/place/Cala+Varques/data=!4m2!3m1!1s0x129645b4e5a7f0a1:0xe0a5c6a50b194f8a,Cala Varques,other,want to go,
Unknown,39.49880745,3.296882,https://www.google.com/maps/place/Cala+Varques/data=!4m2!3m1!1s0x129645f85dd2a53b:0xb082a95c804711ee,Cala Varques,other,want to go,
Unknown,38.918267500000006,8.6192947,https://www.google.com/maps/place/Cala+Zafferaneddu/data=!4m2!3m1!1s0x12e6fb7e307fb1a7:0xb22abdf3df7e23c9,Cala Zafferaneddu,other,want to go,
Unknown,42.66291160000001,21.165504199999997,https://www.google.com/maps/place/Central+Room/data=!4m2!3m1!1s0x13549ee44b2e6f1f:0xf3c55f1003c4c2d2,Central Room,restaurant,want to go,
Unknown,38.2660968,20.576406,https://www.google.com/maps/place/Cephalonia/data=!4m2!3m1!1s0x135d8e4e143c143f:0xb8ef375672163ae0,Cephalonia,other,want to go,
Unknown,34.06348325,-118.23691609999999,https://www.google.com/maps/place/Chinatown/data=!4m2!3m1!1s0x80c2c659f50c318d:0xe2ffb80a9d3820ae,Chinatown,other,want to go,
Unknown,52.97153625,-9.4308824,https://www.google.com/maps/place/Cliffs+of+Moher/data=!4m2!3m1!1s0x485b01af0bb881f3:0x283a469048b8c0e6,Cliffs of Moher,other,want to go,
Unknown,36.516386399999995,-6.28246715,https://www.google.com/maps/place/C%C3%A1diz/data=!4m2!3m1!1s0xd0dd25724ec240f:0x40463fd8ca03b00,Cádiz,other,want to go,
Unknown,41.35070499999999,19.860855199999996,https://www.google.com/maps/place/Dajti+Ekspres/data=!4m2!3m1!1s0x1350340225924afb:0xf1c30909bde7eac6,Dajti Ekspres,other,want to go,
Unknown,54.4855551,12.5202778,https://www.google.com/maps/place/Darsser+Ort/data=!4m2!3m1!1s0x47acea80544d46b5:0x175dc65a0935106f,Darsser Ort,other,want to go,
Unknown,39.3256619,3.14465165,https://www.google.com/maps/place/Es+Pont%C3%A0s/data=!4m2!3m1!1s0x129654516fed8ad1:0x1d92cfccd45febc9,Es Pontàs,other,want to go,
Unknown,40.54041384999999,14.253067199999998,https://www.google.com/maps/place/Faraglioni/data=!4m2!3m1!1s0x133b783a3aea144f:0xa8c379baed98164c,Faraglioni,other,want to go,
Unknown,32.4934386,-80.3397325,https://www.google.com/maps/place/Farmers+Market/data=!4m2!3m1!1s0x88fc3b6e9cc22e93:0x6c60af38f739f7ab,Farmers Market,shop,want to go,
Unknown,37.245420499999994,-8.195424899999999,https://www.google.com/maps/place/Faro+District/data=!4m2!3m1!1s0xd0554ee55d1cfef:0x80e2652e12910e45,Faro District,other,want to go,
Unknown,40.6899396,-73.97491165,https://www.google.com/maps/place/Fort+Greene/data=!4m2!3m1!1s0x89c25bb6d2f3f01f:0xbe7b4d1d50acf454,Fort Greene,other,want to go,
Unknown,41.161005849999995,-8.3138849,https://www.google.com/maps/place/Galegos/data=!4m2!3m1!1s0xd248fe0a9bd0bcf:0xb76095259a649dd4,Galegos,other,want to go,
Unknown,49.4058478,8.6836142,https://www.google.com/maps/place/Heidelberg/data=!4m2!3m1!1s0x4797c1050eccdccd:0xefe6ea0044243ad7,Heidelberg,other,want to go,
Unknown,39.02984005,16.418106849999997,https://www.google.com/maps/place//data=!4m2!3m1!1s0x133f90d28462150b:0x91a41d243d262371,Calabria,other,want to go,
Unknown,12.501068799999999,-70.0293982,https://www.google.com/maps/place//data=!4m2!3m1!1s0x8e853936e3750a5f:0x3ef708a97e7dc3aa,Flamingo Beach,hotel,want to go,
Unknown,40.123421,9.676732099999999,https://www.google.com/maps/place/IsPuligeDeNie/data=!4m2!3m1!1s0x12de5bb46176cd67:0xd69ba45334f28404,IsPuligeDeNie,other,want to go,
Unknown,50.2169674,12.864494699999998,https://www.google.com/maps/place/Karlovy+Vary/data=!4m2!3m1!1s0x47a099405da94d43:0x284baf8a43d431d0,Karlovy Vary,other,want to go,
Unknown,41.51472005,19.788397099999997,https://www.google.com/maps/place/Kruje/data=!4m2!3m1!1s0x1351ce798fda35a9:0x88c62369999d0381,Kruje,other,want to go,
Unknown,39.76961480000001,20.00336765,https://www.google.com/maps/place/Ksamil/data=!4m2!3m1!1s0x135b6bd1e3b36029:0x87cc14b3c8a2d66d,Ksamil,other,want to go,
Unknown,18.067008700000002,98.99618240000001,https://www.google.com/maps/place/Lamphun/data=!4m2!3m1!1s0x30dbd3dc886c141f:0x55e97a20c888c81,Lamphun,other,want to go,
Unknown,32.82321519999999,-79.99152555,https://www.google.com/maps/place/Laurel/data=!4m2!3m1!1s0x88fe7bb31949f579:0x6f70695485a82589,Laurel,other,want to go,
Unknown,38.706566499999994,20.6370412,https://www.google.com/maps/place/Lefkada/data=!4m2!3m1!1s0x135db414da08c147:0x949e9819e6f840c6,Lefkada,other,want to go,
Unknown,40.24384080000001,20.432416299999996,https://www.google.com/maps/place/Llixhat+e+B%C3%ABnj%C3%ABs+-+Thermal+Baths/data=!4m2!3m1!1s0x135a5a1b569315b3:0x5f8541a1e606ce5,Llixhat e Bënjës - Thermal Baths,other,want to go,
Unknown,33.78806195,-118.156068,https://www.google.com/maps/place/Long+Beach/data=!4m2!3m1!1s0x80c2cae84099d759:0xa1003afac42a8faa,Long Beach,nature,want to go,
Unknown,40.21666615,19.6166667,https://www.google.com/maps/place/Maja+e+Qorres/data=!4m2!3m1!1s0x135b2a7d8bf35f11:0xace24e914f93fb84,Maja e Qorres,other,want to go,
Unknown,34.007048999999995,-118.75028705000001,https://www.google.com/maps/place/Malibu/data=!4m2!3m1!1s0x80e81da9f908d63f:0x93b72d71b2ea8c5a,Malibu,other,want to go,
Unknown,40.77786795,14.260642699999998,https://www.google.com/maps/place/Metropolitan+City+of+Naples/data=!4m2!3m1!1s0x133b0a3c328d896b:0x309e11f99628150,Metropolitan City of Naples,other,want to go,
Unknown,38.343498350000004,20.53544375,https://www.google.com/maps/place/Myrtos+Beach/data=!4m2!3m1!1s0x135d90882afc716b:0xfc78eaf519446178,Myrtos Beach,nature,want to go,
Unknown,54.96977255,12.32846155,https://www.google.com/maps/place/M%C3%B8n/data=!4m2!3m1!1s0x46532993dfd4585d:0x5fc94ae82d4a12cc,Møn,other,want to go,
Unknown,48.1986178,16.3636494,https://www.google.com/maps/place/Naschmarkt/data=!4m2!3m1!1s0x476d07845fa20c53:0x5bac0b876856cbe,Naschmarkt,other,want to go,
Unknown,41.1186005,-104.78107204999999,https://www.google.com/maps/place/Noam's+Table+LLC/data=!4m2!3m1!1s0x876f3b629b2a15af:0x4c306be51add1391,Noam's Table LLC,other,want to go,
Unknown,50.033804350000004,19.25611955,https://www.google.com/maps/place/O%C5%9Bwi%C4%99cim/data=!4m2!3m1!1s0x471694e04f384c31:0x1e1c6b2131976ebd,Oświęcim,other,want to go,
Unknown,39.384565599999995,-9.437329400000001,"https://www.google.com/maps/place/Peniche,+Portugal/data=!4m2!3m1!1s0xd1f45c49805a145:0x26caf596a0956bf3","Peniche, Portugal",other,want to go,
Unknown,32.735555500000004,-16.928888999999998,https://www.google.com/maps/place/Pico+do+Arieiro/data=!4m2!3m1!1s0xc605e0b0c105cef:0x2ddb2978dc38875d,Pico do Arieiro,other,want to go,
Unknown,33.52065090000001,-117.76457339999999,https://www.google.com/maps/place/Pirate+Tower/data=!4m2!3m1!1s0x80dce5712f2448fb:0xa0e7d2ada316d35e,Pirate Tower,experience,want to go,
Unknown,51.75491794999999,11.15655235,https://www.google.com/maps/place/Quedlinburg/data=!4m2!3m1!1s0x47a5a2d492193369:0x4236659f8058c70,Quedlinburg,other,want to go,
Unknown,40.06162275,8.978921199999998,https://www.google.com/maps/place/Sardinia/data=!4m2!3m1!1s0x12ddc48d448d3591:0x339674b6e4ab6631,Sardinia,other,want to go,
Unknown,37.5412254,127.04361885,https://www.google.com/maps/place/Seongsu+1(il)-ga+1(il)-dong/data=!4m2!3m1!1s0x357ca49d34a2e9c1:0xfd164e7ec01f80ac,Seongsu 1(il)-ga 1(il)-dong,other,want to go,
Unknown,51.7749578,-10.5246319,https://www.google.com/maps/place/Skellig+Islands/data=!4m2!3m1!1s0x484fbc4feb592141:0x5852eecedba009aa,Skellig Islands,other,want to go,
Unknown,34.0953673,-118.3723674,https://www.google.com/maps/place/Sunset+Blvd/data=!4m2!3m1!1s0x80c2bc0a3c44c8cf:0x202f1024a3625ac9,Sunset Blvd,other,want to go,
Unknown,34.09385135,-118.38012525000002,https://www.google.com/maps/place/Sunset+Strip/data=!4m2!3m1!1s0x80c2bebd1edae66f:0x1409fe931a9d4506,Sunset Strip,other,want to go,
Unknown,-23.6824124,-46.5952992,https://www.google.com/maps/place/S%C3%A3o+Paulo/data=!4m2!3m1!1s0x94ce448183a461d1:0x9ba94b08ff335bae,São Paulo,other,want to go,
Unknown,47.71834195,11.765879799999999,https://www.google.com/maps/place/Tegernsee/data=!4m2!3m1!1s0x479d8c219a91bd33:0x41d25a40937a060,Tegernsee,other,want to go,
Unknown,34.101809200000005,-118.30357229999998,https://www.google.com/maps/place/Thai+Town/data=!4m2!3m1!1s0x80c2bf571ef66c7f:0xf8f17d1d8988d668,Thai Town,other,want to go,
Unknown,34.029322549999996,-118.24419115,https://www.google.com/maps/place/The+Santee+Alley/data=!4m2!3m1!1s0x80c2c7cc7ddd1c53:0x6d18f7862900a793,The Santee Alley,other,want to go,
Unknown,42.4052854,19.7673868,https://www.google.com/maps/place/Theth/data=!4m2!3m1!1s0x13526d868e4a4745:0xf29258e09bdb48ca,Theth,other,want to go,
Unknown,20.647503649999997,-98.99536005,https://www.google.com/maps/place/Tolantongo/data=!4m2!3m1!1s0x85d1456a2d574a43:0x628c1aed0dc99f8e,Tolantongo,other,want to go,
Unknown,38.79069175,-9.492648149999999,https://www.google.com/maps/place/Ursa+Beach/data=!4m2!3m1!1s0xd1edcc6a318990b:0x629a9db069fbc2de,Ursa Beach,nature,want to go,
Unknown,33.97997735,-118.46985924999998,https://www.google.com/maps/place/Venice+Beach/data=!4m2!3m1!1s0x80c2baa4ba9b5de7:0x605f44ea42d6b278,Venice Beach,nature,want to go,
Unknown,51.17580699999999,10.454119350000001,https://www.google.com/maps/place/Weingut+Gr%C3%B6hl+-+Rheinhessen+-Winzermeister+Steffen+Gr%C3%B6hl/data=!4m2!3m1!1s0x47bd89bc067ba6cd:0x41f45f5ccad70f51,Weingut Gröhl - Rheinhessen -Winzermeister Steffen Gröhl,other,want to go,
Unknown,52.3810739,4.553767000000001,https://www.google.com/maps/place/Zandvoort/data=!4m2!3m1!1s0x47c5ec1179ffa9b7:0x2410fe010d2f3dbc,Zandvoort,other,want to go,
Unknown,47.42106545000001,10.985365199999999,https://www.google.com/maps/place/Zugspitze/data=!4m2!3m1!1s0x479d02ee5107876d:0x34e257ebca223d97,Zugspitze,other,want to go,
Unknown,49.7047624,0.20376659999999996,https://www.google.com/maps/place/%C3%89tretat/data=!4m2!3m1!1s0x47e017c3893f4e43:0x40c14484fb684d0,Étretat,other,want to go,
Unknown,47.46343445,11.71925385,https://www.google.com/maps/place/Achen+Lake/data=!4m2!3m1!1s0x479d7f6bbe2cb577:0xe6c89509f09ff212,Achen Lake,park,want to go,
Unknown,41.45174230000001,19.888569099999998,https://www.google.com/maps/place/Bovilla+Lake/data=!4m2!3m1!1s0x1351cb0fbd49bc67:0x9260f7e0f121897c,Bovilla Lake,park,want to go,
Unknown,34.109256349999995,-118.1912351,https://www.google.com/maps/place/Highland+Park/data=!4m2!3m1!1s0x80c2c40fccd63293:0x404c15aed6fa7d70,Highland Park,park,want to go,
Unknown,41.445277499999996,19.866667,https://www.google.com/maps/place/Lake+Bovilla/data=!4m2!3m1!1s0x1351cb680b858607:0xfb8c1de3b800da4,Lake Bovilla,park,want to go,
Unknown,45.9918305,9.225501999999999,https://www.google.com/maps/place/Lake+Como/data=!4m2!3m1!1s0x47843d32820b62f7:0x3e40c4eae898e1e0,Lake Como,park,want to go,
Unknown,35.446746999999995,-82.20844394999999,https://www.google.com/maps/place/Lake+Lure/data=!4m2!3m1!1s0x8857593995c824e3:0x235b9800f8f4c204,Lake Lure,park,want to go,
Unknown,38.707103499999995,-9.1419585,https://www.google.com/maps/place/Largo+do+Corpo+Santo/data=!4m2!3m1!1s0xd19347c3ad702b3:0xb8456df2d4543c0e,Largo do Corpo Santo,restaurant,want to go,
Unknown,-33.84824395,150.93197474999997,https://www.google.com/maps/place/OzHarvest+Food+Truck/data=!4m2!3m1!1s0x6b12b19179e9c475:0x3eea9ec657d577ce,OzHarvest Food Truck,restaurant,want to go,
Unknown,5.35400395,100.3630021,https://www.google.com/maps/place/Penang/data=!4m2!3m1!1s0x304a9403095390dd:0x29c305a5f38f633f,Penang,restaurant,want to go,
Ukraine,50.451742100000004,30.5109858,https://www.google.com/maps/place/Bar%2F13/data=!4m2!3m1!1s0x40d4ce5bf93ac055:0xcc5ad46c7c77502,Bar/13,bar,favorite,
Ukraine,50.438297,30.5010792,https://www.google.com/maps/place/Favorite+Uncle/data=!4m2!3m1!1s0x40d4cef03956f7bb:0xf83b8ed0c6bfc92a,Favorite Uncle,restaurant,favorite,
Ukraine,50.4514854,30.515093900000004,https://www.google.com/maps/place/Fish+market/data=!4m2!3m1!1s0x40d4ce5bca984b9f:0x12d5f824fe9f2a2d,Fish market,restaurant,favorite,true
Ukraine,50.436298699999995,30.5163576,https://www.google.com/maps/place/Italian+Edition/data=!4m2!3m1!1s0x40d4cf58b27d2b11:0x3fadfe29b7ff5004,Italian Edition,restaurant,favorite,
Ukraine,50.4551576,30.511376100000003,https://www.google.com/maps/place/%D0%9A%D0%BE%D1%81%D0%B0%D1%82%D0%BA%D0%B0+%2F+Kosatka/data=!4m2!3m1!1s0x40d4ce5ce926900b:0xca97a4171f9ba2a,Косатка / Kosatka,restaurant,favorite,
Ukraine,50.4716368,30.498668100000003,https://www.google.com/maps/place/%E2%88%84/data=!4m2!3m1!1s0x40d4cfa7949f46a3:0x6c468bd5aa307b98,∄,club,favorite,
Ukraine,50.442129099999995,30.544610399999996,https://www.google.com/maps/place/Kyiv+Food+Market/data=!4m2!3m1!1s0x40d4cf32d606681b:0xd70dd165b5e87b8c,Kyiv Food Market,restaurant,favorite,
Ukraine,50.4718084,30.475714099999998,https://www.google.com/maps/place/Octo+Bakery/data=!4m2!3m1!1s0x40d4cd91913d6855:0xbd7994e49900cb6e,Octo Bakery,bakery,want to go,
Ukraine,50.439581999999994,30.520882499999995,https://www.google.com/maps/place/Alchemist+Bar/data=!4m2!3m1!1s0x40d4cefe55d68037:0x8ce3bd1856510bfd,Alchemist Bar,bar,want to go,
Ukraine,50.4389137,30.519500899999997,https://www.google.com/maps/place/Milk+Bar/data=!4m2!3m1!1s0x40d4cefef5178e53:0xadeb9e28254fc17f,Milk Bar,bar,want to go,
Ukraine,50.44422530000001,30.4968047,https://www.google.com/maps/place/Varvar+Bar/data=!4m2!3m1!1s0x40d4cef485b53a87:0xfcdf870954281d69,Varvar Bar,bar,want to go,
Ukraine,50.4373461,30.531244599999997,https://www.google.com/maps/place/Blur+Coffee/data=!4m2!3m1!1s0x40d4cf00dc6aaaab:0x97bf0ec91fd63c73,Blur Coffee,cafe,want to go,
Ukraine,50.450975,30.476615,https://www.google.com/maps/place/Feliz+-+Coffee+and+Food/data=!4m2!3m1!1s0x40d4cf3239e81149:0x21c263fe8ea8f38e,Feliz - Coffee and Food,cafe,want to go,
Ukraine,50.469040899999996,30.516156800000005,https://www.google.com/maps/place/Feliz+Coffee+and+Food/data=!4m2!3m1!1s0x40d4cf7e47c2ab59:0x4d5287fd13e7962d,Feliz Coffee and Food,cafe,want to go,
Ukraine,50.451400799999995,30.506420799999997,https://www.google.com/maps/place/HANH+cafe+%26+market/data=!4m2!3m1!1s0x40d4cfeba5cf1f5b:0xd29026a07c82dcaa,HANH cafe & market,cafe,want to go,
Ukraine,50.451035999999995,30.510266,https://www.google.com/maps/place/Honey.+Cafe-confectionary/data=!4m2!3m1!1s0x40d4ce5953c4b2b3:0xcea758cac1194a87,Honey. Cafe-confectionary,cafe,want to go,
Ukraine,50.43367310000001,30.5132331,https://www.google.com/maps/place/Idealist+Coffee/data=!4m2!3m1!1s0x40d4cfb30e34e0e1:0xb760a075ddd72e4c,Idealist Coffee,cafe,want to go,
Ukraine,50.4472124,30.5192351,https://www.google.com/maps/place/The+Blue+Cup+Coffee+Shop/data=!4m2!3m1!1s0x40d4ce57194d9561:0xa6cef1d2816e5184,The Blue Cup Coffee Shop,cafe,want to go,
Ukraine,50.4662599,30.52065249999999,https://www.google.com/maps/place/Vagabond+Cafe+And+Vintage+Corner/data=!4m2!3m1!1s0x40d4ce3f8d4a8aeb:0xc552e5fd2c8cb6d8,Vagabond Cafe And Vintage Corner,cafe,want to go,
Ukraine,50.4352184,30.5143381,https://www.google.com/maps/place/WE:VINYL+Cafe+Bar+%26+Music+Store/data=!4m2!3m1!1s0x40d4cf589670441b:0x185c6db0f48accac,WE:VINYL Cafe Bar & Music Store,cafe,want to go,
Ukraine,50.449172999999995,30.493607,https://www.google.com/maps/place/%D0%9A%D0%B0%D0%B2'%D1%8F%D1%80%D0%BD%D1%8F+HUMANS:+coffee+in+tech/data=!4m2!3m1!1s0x40d4cf512bc593a5:0x85d42c994b917198,Кав'ярня HUMANS: coffee in tech,cafe,want to go,
Ukraine,50.447142899999996,30.50905969999999,https://www.google.com/maps/place/Breakfast+Club/data=!4m2!3m1!1s0x40d4cfc0a2cf5193:0x8a48545d6c61fe4a,Breakfast Club,club,want to go,
Ukraine,50.4344514,30.5164521,https://www.google.com/maps/place/Chernomorka+on+V.+Vasylkivska/data=!4m2!3m1!1s0x40d4cf4ba52a78cb:0x18938021091ece5a,Chernomorka on V. Vasylkivska,restaurant,want to go,
Ukraine,50.4661633,30.499835200000003,https://www.google.com/maps/place/CLOSER/data=!4m2!3m1!1s0x40d4ce6de5b089fd:0x8f001484c67a08e,CLOSER,other,want to go,
Ukraine,50.4668955,30.515660200000003,https://www.google.com/maps/place/Crabzilla/data=!4m2!3m1!1s0x40d4cfb971b72917:0xbca5e56096769cf2,Crabzilla,restaurant,want to go,
Ukraine,50.476969499999996,30.5005436,https://www.google.com/maps/place/CXEMA/data=!4m2!3m1!1s0x40d4cf96e1ffe7c7:0x6785107bc4127654,CXEMA,other,want to go,
Ukraine,50.4400196,30.517715899999995,https://www.google.com/maps/place/Drunk+Cherry/data=!4m2!3m1!1s0x40d4ce560628ab7b:0x89fbbeb4beb0fe04,Drunk Cherry,bar,want to go,
Ukraine,50.428467,30.538474999999995,https://www.google.com/maps/place/Evrasia/data=!4m2!3m1!1s0x40d4cf0e5b377c83:0x55be7d21e16bd42e,Evrasia,restaurant,want to go,
Ukraine,50.4390125,30.51566069999999,https://www.google.com/maps/place/Follower/data=!4m2!3m1!1s0x40d4cf78e2993741:0x1377b887839e69f8,Follower,restaurant,want to go,
Ukraine,50.448761999999995,30.5133247,https://www.google.com/maps/place/Golden+Gate/data=!4m2!3m1!1s0x40d4cf0075ea368b:0xeea22a4d2fdba6dd,Golden Gate,other,want to go,
Ukraine,50.4421726,30.5194076,https://www.google.com/maps/place/Loggerhead/data=!4m2!3m1!1s0x40d4ceff4c02be35:0xe6004e28b01a82f0,Loggerhead,bar,want to go,
Ukraine,50.466250699999996,30.511824400000002,https://www.google.com/maps/place/Mama+Manana/data=!4m2!3m1!1s0x40d4cfaf42a0c4ed:0x7ebe1071b40ec1c4,Mama Manana,restaurant,want to go,
Ukraine,50.4417506,30.522791499999997,https://www.google.com/maps/place/Mimosa/data=!4m2!3m1!1s0x40d4ceff7ecb2c53:0xa914e100eb7203e6,Mimosa,restaurant,want to go,
Ukraine,50.4265249,30.563052100000007,https://www.google.com/maps/place/Motherland+Monument/data=!4m2!3m1!1s0x40d4cf76e65d4dad:0x247b398f405dff8f,Motherland Monument,experience,want to go,
Ukraine,50.4388667,30.5230665,https://www.google.com/maps/place/Mr.+Zuma/data=!4m2!3m1!1s0x40d4cefe31d26d0f:0x33565b53aace1f1f,Mr. Zuma,restaurant,want to go,
Ukraine,50.4198753,30.5216607,https://www.google.com/maps/place/Mushlya+%2F+%D0%9C%D1%83%D1%88%D0%BB%D1%8F/data=!4m2!3m1!1s0x40d4cfc4f5020031:0x8d93fb8c71fcb6e4,Mushlya / Мушля,restaurant,want to go,
Ukraine,50.4374164,30.5315639,https://www.google.com/maps/place/OCTO+tower/data=!4m2!3m1!1s0x40d4cf87060ac46d:0x4df0ff609a0894ca,OCTO tower,other,want to go,
Ukraine,50.4227983,30.5188088,https://www.google.com/maps/place/Odesa/data=!4m2!3m1!1s0x40d4cf18f5e1a993:0x1ea33b48cb4a5507,Odesa,restaurant,want to go,
Ukraine,50.4412854,30.499243,"https://www.google.com/maps/place/Oh,+Mama!+It+was+in+Tbilisi/data=!4m2!3m1!1s0x40d4cef17a85d1db:0x69b24bb0304581e2","Oh, Mama! It was in Tbilisi",restaurant,want to go,
Ukraine,50.4659311,30.511377799999998,https://www.google.com/maps/place/Pink+Freud+Kyiv/data=!4m2!3m1!1s0x40d4ce6b08f96b0d:0x8cf97b722c7cde3,Pink Freud Kyiv,bar,want to go,
Ukraine,50.456232799999995,30.5006716,https://www.google.com/maps/place/Publitsyst/data=!4m2!3m1!1s0x40d4cfdaf4723857:0xa4e94ebb18234612,Publitsyst,bar,want to go,
Ukraine,50.534449599999995,30.6569564,"https://www.google.com/maps/place/Pukhivska+St,+1/data=!4m2!3m1!1s0x40d4d0d18aa136e7:0x86d67876857a26be","Pukhivska St, 1",other,want to go,
Ukraine,50.4608942,30.524508400000002,https://www.google.com/maps/place/Punkraft/data=!4m2!3m1!1s0x40d4ce46e8bd8e97:0xd1e0c5c3bc534278,Punkraft,bar,want to go,
Ukraine,50.437625999999995,30.5352159,https://www.google.com/maps/place/SHO/data=!4m2!3m1!1s0x40d4cf0767f58ce5:0xf0c620d32fd8d848,SHO,restaurant,want to go,
Ukraine,50.4507236,30.502715799999997,https://www.google.com/maps/place/Tayskyy+Pryvet/data=!4m2!3m1!1s0x40d4cfdc63c9a30b:0xab338ff4e38146a4,Tayskyy Pryvet,restaurant,want to go,
Ukraine,50.4657,30.5128605,"https://www.google.com/maps/place/Tisto,+Syr+I+Titka+Bella/data=!4m2!3m1!1s0x40d4cf4153a6cf61:0x2b4beab9624be0e8","Tisto, Syr I Titka Bella",restaurant,want to go,
Ukraine,50.439383799999995,30.517683499999997,https://www.google.com/maps/place/Under+Wonder/data=!4m2!3m1!1s0x40d4cefebf9c1b77:0x34b7bb04b494b3e1,Under Wonder,restaurant,want to go,
Ukraine,50.4523213,30.50811490000001,https://www.google.com/maps/place/Who%26Why%3F+Drinkery/data=!4m2!3m1!1s0x40d4cfdaa26abbcd:0xb0cf73591e7331e3,Who&Why? Drinkery,bar,want to go,
Ukraine,50.432695599999995,30.513035799999997,https://www.google.com/maps/place/%D0%91%D0%9F%D0%A8/data=!4m2!3m1!1s0x40d4cf9e5e7546ef:0x2d37e1830af6806c,БПШ,restaurant,want to go,
Ukraine,50.4213537,30.52001539999999,https://www.google.com/maps/place/%D0%9C%D1%96%D1%82%D0%B5%D1%80%D1%96%D1%8F/data=!4m2!3m1!1s0x40d4cfca544f86eb:0x3bb96c6508937307,Мітерія,restaurant,want to go,
Ukraine,50.46748600000001,30.513147999999997,https://www.google.com/maps/place/%D0%9F%D1%8F%D0%BD-%D0%A1%D0%B5+%D0%B1%D0%B0%D1%80/data=!4m2!3m1!1s0x40d4ce6b33d26aad:0x8189b045245a4eb0,Пян-Се бар,restaurant,want to go,
Ukraine,50.441010899999995,30.515213499999994,https://www.google.com/maps/place/%D0%A1%D0%BA%D0%B2%D0%BE%D1%82+17/data=!4m2!3m1!1s0x40d4cef93c09a83b:0x5e39b8982151761b,Сквот 17,bar,want to go,
Ukraine,50.4493608,30.508119299999997,https://www.google.com/maps/place/Globe+Runner+Hotel+%26+Hostel/data=!4m2!3m1!1s0x40d4cf8a4afc41e7:0x1048225939c1ae56,Globe Runner Hotel & Hostel,hotel,want to go,
Ukraine,50.45585489999999,30.517039,https://www.google.com/maps/place/Catch+Seafood+Restaurant/data=!4m2!3m1!1s0x40d4ce44b0f8039f:0x93bdb7e0fc2d3f21,Catch Seafood Restaurant,restaurant,want to go,
Ulm,48.400545799999996,9.9924939,https://www.google.com/maps/place/bi:braud/data=!4m2!3m1!1s0x479966860c8f9caf:0x5264a29498ffaa2c,bi:braud,restaurant,want to go,
United Arab Emirates,24.500968499999995,54.3889359,https://www.google.com/maps/place/Balenciaga/data=!4m2!3m1!1s0x3e5e6654efc5dae3:0xf0c2fff430bb9263,Balenciaga,shop,want to go,
United Arab Emirates,25.2354522,55.300340899999995,https://www.google.com/maps/place/The+Dubai+Frame/data=!4m2!3m1!1s0x3e5f42db20d99d41:0xf93035af01a85798,The Dubai Frame,other,want to go,
United Arab Emirates,25.2186283,55.26129099999999,https://www.google.com/maps/place/ORFALI+BROS+BISTRO+RESTAURANT/data=!4m2!3m1!1s0x3e5f43e8d766a6bf:0x7eba86c3f524cdf5,ORFALI BROS BISTRO RESTAURANT,restaurant,want to go,
Universal City,34.137071299999995,-118.35330610000001,https://www.google.com/maps/place/Universal+Studios+Hollywood/data=!4m2!3m1!1s0x80c2be4f253238cf:0xd3dd5027799c9a71,Universal Studios Hollywood,park,want to go,
Universal City,34.1363024,-118.3521886,https://www.google.com/maps/place/Voodoo+Doughnut/data=!4m2!3m1!1s0x80c2be461cd333b1:0xca5349ec9e645c5b,Voodoo Doughnut,shop,want to go,
Unknown,28.394428,-13.852771,"https://www.google.com/maps/search/28.394428,-13.852771",Dropped pin,other,favorite,
Unnamed Rd,39.71524865,19.6580634,https://www.google.com/maps/place/Porto+Timoni+beach/data=!4m2!3m1!1s0x135b52269e156335:0xa488bcf3596133e1,Porto Timoni beach,nature,want to go,
Valbandon,44.914794,13.820688,"https://www.google.com/maps/search/44.914794,13.820688","44°54'53.3""N 13°49'14.5""E",other,favorite,
Valencia,34.4249209,-118.5958464,https://www.google.com/maps/place/Six+Flags+Magic+Mountain/data=!4m2!3m1!1s0x80c280a5bffa65c5:0x8f03c1443c734740,Six Flags Magic Mountain,park,want to go,
Valencia,39.4728503,-0.38007640000000004,https://www.google.com/maps/place/TORA+TORA+TATTOO/data=!4m2!3m1!1s0xd604fb5f670e173:0x97229aeee4048037,TORA TORA TATTOO,tattoo,want to go,
Valongo,41.189692199999996,-8.497737299999999,https://www.google.com/maps/place/Barril+Avenida+(francesinha+da+Pita)/data=!4m2!3m1!1s0xd24621367cfe493:0xbe59475c930b4ea2,Barril Avenida (francesinha da Pita),bar,want to go,
Vancouver,49.262731,-123.10209189999998,https://www.google.com/maps/place/Chicha/data=!4m2!3m1!1s0x548673e1b9a8c045:0x4fe5cfb162ccc704,Chicha,restaurant,favorite,true
Vancouver,49.2786624,-123.0980056,https://www.google.com/maps/place/Mamie+Taylor's/data=!4m2!3m1!1s0x5486716fe688f139:0x303a5db223e58735,Mamie Taylor's,restaurant,favorite,true
Vancouver,49.285790999999996,-123.12756139999999,https://www.google.com/maps/place/Red+Chicken+Korean+Restaurant/data=!4m2!3m1!1s0x54867180b93624e7:0x1468c941d3c0e990,Red Chicken Korean Restaurant,restaurant,favorite,true
Vancouver,49.2683037,-123.152581,https://www.google.com/maps/place/Sophie's+Cosmic+Cafe/data=!4m2!3m1!1s0x548673b4309483bb:0x698f2d7ae147515d,Sophie's Cosmic Cafe,cafe,want to go,
Vancouver,49.2797469,-123.1005921,https://www.google.com/maps/place/Bao+Bei/data=!4m2!3m1!1s0x548671700e35ca59:0x9775faaebdc68c58,Bao Bei,restaurant,want to go,
Vancouver,49.2766748,-123.1256829,https://www.google.com/maps/place/BaoQi+Eateri/data=!4m2!3m1!1s0x548673d419e3d357:0xf102e9ba3fb9c5d,BaoQi Eateri,restaurant,want to go,
Vancouver,49.2832,-123.1053611,https://www.google.com/maps/place/Gringo+Gastown/data=!4m2!3m1!1s0x54867177574b6815:0x56e0b65b2f8e10f8,Gringo Gastown,restaurant,want to go,
Vancouver,49.28364789999999,-123.1041275,https://www.google.com/maps/place/Guilt+%26+Co/data=!4m2!3m1!1s0x5486717736165239:0x84208007d09d8948,Guilt & Co,bar,want to go,
Vancouver,49.283134499999996,-123.1044638,https://www.google.com/maps/place/L'Abattoir/data=!4m2!3m1!1s0x548671774c532d27:0xda6b602f82190481,L'Abattoir,restaurant,want to go,
Vauxhall,51.484478200000005,-0.12326829999999998,https://www.google.com/maps/place/FIRE+Nightclub/data=!4m2!3m1!1s0x487604ede3c763e3:0x34d8fea6db2a4ee5,FIRE Nightclub,club,want to go,
Amsterdam,52.3769883,4.892479699999999,https://www.google.com/maps/place/Louis/data=!4m2!3m1!1s0x47c609c62efcd343:0x25cf76c1b790a712,Louis,bar,favorite,
Venezia VE,45.4423503,12.332427200000001,https://www.google.com/maps/place/Fried+Land/data=!4m2!3m1!1s0x477eb1c324244af1:0xf4c670dc771efc67,Fried Land,restaurant,want to go,
LA,33.9914407,-118.46982750000001,https://www.google.com/maps/place/De+Buena+Planta/data=!4m2!3m1!1s0x80c2bb05c73a8a61:0xd91fac9372d9d317,De Buena Planta,restaurant,favorite,true
LA,33.9879843,-118.4729134,https://www.google.com/maps/place/Market+Venice/data=!4m2!3m1!1s0x80c2bb61af22f473:0xeac8adc491d3c699,Market Venice,restaurant,favorite,
LA,33.9962172,-118.4563494,https://www.google.com/maps/place/Superba+Food+%2B+Bread+Venice/data=!4m2!3m1!1s0x80c2bb2b997a34d3:0x74024ac3b38b67e0,Superba Food + Bread Venice,restaurant,favorite,
LA,33.9877317,-118.4717929,https://www.google.com/maps/place/Great+White/data=!4m2!3m1!1s0x80c2bab90011d4c5:0x83833685e84d12bc,Great White,bar,want to go,
LA,34.0008694,-118.46816109999999,https://www.google.com/maps/place/La+Cabana+Venice/data=!4m2!3m1!1s0x80c2bac345536273:0x8b015c3512788465,La Cabana Venice,bar,want to go,
LA,33.9909689,-118.4680646,https://www.google.com/maps/place/Roosterfish/data=!4m2!3m1!1s0x80c2babf5a3be065:0x6bebbe07540900b8,Roosterfish,bar,want to go,
LA,33.9922429,-118.47186579999999,https://www.google.com/maps/place/Felix+Trattoria/data=!4m2!3m1!1s0x80c2bac7a7e23c79:0x822cb0458cd867ff,Felix Trattoria,restaurant,want to go,
LA,33.99520759999999,-118.47448229999999,https://www.google.com/maps/place/Gjusta/data=!4m2!3m1!1s0x80c2bac5f945be21:0x98feb3acb7938077,Gjusta,bakery,want to go,
Amsterdam,52.375853,4.89131,https://www.google.com/maps/place/Singel+101/data=!4m2!3m1!1s0x47c609c641895761:0xb91a319f2af2c639,Singel 101,restaurant,want to go,
Vidzemes priekšpilsēta,56.969504699999995,24.174737,https://www.google.com/maps/place/Raunas+D%C4%81rzs+Ekl%C4%93rn%C4%ABca/data=!4m2!3m1!1s0x46eece5b86732223:0xfa0be0f4d381ad5b,Raunas Dārzs Eklērnīca,shop,favorite,
Vidzemes priekšpilsēta,56.9738474,24.1845878,https://www.google.com/maps/place/Vita%E2%80%99s+Vigan+Cakes+Studio/data=!4m2!3m1!1s0x46eecfe500ceae4f:0xd551765e5130ac8e,Vita’s Vigan Cakes Studio,shop,favorite,
Vienna,48.27634275,16.333285,https://www.google.com/maps/place/Kahlenberg/data=!4m2!3m1!1s0x476d0f36669be9a3:0xc117b477bd70b288,Kahlenberg,other,want to go,
Vilniaus m. sav.,54.67957810000001,25.286980200000002,https://www.google.com/maps/place/Nick+%26+Nora+Cocktail+Bar/data=!4m2!3m1!1s0x46dd95f0dd73c64f:0xf8174c6967b9cbf5,Nick & Nora Cocktail Bar,bar,want to go,
Vilniaus m. sav.,54.6819074,25.287448,https://www.google.com/maps/place/Ertlio+Namas/data=!4m2!3m1!1s0x46dd941680a2d83d:0x584bcb69ec54b1b8,Ertlio Namas,restaurant,want to go,
Vilniaus m. sav.,54.6703397,25.264610299999998,https://www.google.com/maps/place/Gallery+1986/data=!4m2!3m1!1s0x46dd953aaaab522d:0x631a0b041e154e7b,Gallery 1986,art,want to go,
Amsterdam,52.35537360000001,4.8896417,https://www.google.com/maps/place/Warung+Spang+Makandra/data=!4m2!3m1!1s0x47c609f28c2a98bf:0x6266f7a7e1c09df9,Warung Spang Makandra,restaurant,want to go,
Amsterdam,52.3689895,4.881183399999999,https://www.google.com/maps/place/Bar+Parry/data=!4m2!3m1!1s0x47c609c4ad0729fd:0x44dbcae95fbd6fa,Bar Parry,bar,want to go,
Amsterdam,52.3602778,4.863055599999999,https://www.google.com/maps/place/Vegan+Junk+Food+Bar/data=!4m2!3m1!1s0x47c5e2090149074d:0xefed6993d7b0d5f9,Vegan Junk Food Bar,bar,want to go,
Vlorë,40.43366609999999,19.4945828,https://www.google.com/maps/place/Nelsy+walkbeach/data=!4m2!3m1!1s0x134533005d6cbbc5:0xe28339baf11bacde,Nelsy walkbeach,experience,want to go,
Vlorë,40.471699199999996,19.490647999999997,https://www.google.com/maps/place/Vlora+Old+Town/data=!4m2!3m1!1s0x134533324912cc73:0xbe9ba1ed5180462b,Vlora Old Town,experience,want to go,
Amsterdam,52.3655917,4.8973832999999996,https://www.google.com/maps/place/Restaurant+Klein+BREDA/data=!4m2!3m1!1s0x47c60995761a7847:0x5d63c34833fccf2a,Restaurant Klein BREDA,restaurant,want to go,
Vonnas,46.2201053,4.9897019,https://www.google.com/maps/place/Georges+Blanc+%C2%B7+Restaurant+Gastronomique/data=!4m2!3m1!1s0x47f35d0159fb3843:0xa32bc14a6c7214c4,Georges Blanc · Restaurant Gastronomique,restaurant,want to go,
Amsterdam,52.361629699999995,4.899031000000001,https://www.google.com/maps/place/MaisonNL/data=!4m2!3m1!1s0x47c609940ef2cb43:0xd094160ec270191f,MaisonNL,shop,favorite,
Amsterdam,52.372051799999994,4.8892258,https://www.google.com/maps/place/Soho+House+Amsterdam/data=!4m2!3m1!1s0x47c6095bc2824c97:0xe03b3c5d4069548f,Soho House Amsterdam,hotel,favorite,
Amsterdam,52.36129099999999,4.8991551,https://www.google.com/maps/place/de+koffie+salon+centrum/data=!4m2!3m1!1s0x47c609940844b8e9:0x6bc6d0f299ec9044,de koffie salon centrum,cafe,want to go,
Waldkirch,48.0836602,7.957841600000001,https://www.google.com/maps/place/R%C3%B6hrenrutsche+-+Baumkronenweg+Waldkirch+-/data=!4m2!3m1!1s0x47911f2379d68793:0xe771b035e6d2c1b5,Röhrenrutsche - Baumkronenweg Waldkirch -,park,want to go,
Walmer Castle,51.5151816,-0.199155,https://www.google.com/maps/place/The+Walmer+Castle/data=!4m2!3m1!1s0x48761002a8bb5b93:0x30d26166d518ff3f,The Walmer Castle,bar,want to go,
Waren (Müritz),53.4900953,12.68909455,https://www.google.com/maps/place/Waren/data=!4m2!3m1!1s0x47abff29e3b5d85d:0x42120465b5eba90,Waren,other,want to go,
Warszawa,52.2326403,21.0139568,https://www.google.com/maps/place/BUNO+Espresso+Bar/data=!4m2!3m1!1s0x471ecd29d35e6b25:0x753410ce712f145b,BUNO Espresso Bar,bar,favorite,
Warszawa,52.224854699999995,21.0117506,https://www.google.com/maps/place/Negroni+Centrale+Bar/data=!4m2!3m1!1s0x471ecd99083c9bad:0x359013b26b03ec70,Negroni Centrale Bar,bar,favorite,
Warszawa,52.2168575,21.019025399999997,https://www.google.com/maps/place/Bazar+Miejski/data=!4m2!3m1!1s0x471ecce6ffb2fb41:0x6530b782d9a91755,Bazar Miejski,shop,favorite,
Warszawa,52.2298524,21.020021799999995,https://www.google.com/maps/place/Butero/data=!4m2!3m1!1s0x471ecd6c8f937647:0x192d873fbd38fa7e,Butero,restaurant,favorite,
Warszawa,52.2168735,21.0194548,https://www.google.com/maps/place/Kubu%C5%9B+Piekarenka/data=!4m2!3m1!1s0x471ecd0afe7d34eb:0x43e127c6deedf155,Kubuś Piekarenka,bakery,favorite,
Warszawa,52.232389399999995,21.016541000000004,https://www.google.com/maps/place/Kwadratowy+Pies+Pizza/data=!4m2!3m1!1s0x471ecdf8d09588e1:0x3ce1c248208dafa8,Kwadratowy Pies Pizza,restaurant,favorite,
Warszawa,52.2167341,21.0179337,https://www.google.com/maps/place/MOD/data=!4m2!3m1!1s0x471ecce7ad7e57cd:0xaedb733fbb51fb9c,MOD,restaurant,favorite,
Warszawa,52.216824200000005,21.018367599999998,https://www.google.com/maps/place/MOYA+MATCHA/data=!4m2!3m1!1s0x471ecd57dbd78be5:0x5b3bd74d3548439,MOYA MATCHA,cafe,favorite,
Warszawa,52.2324169,21.016562900000004,https://www.google.com/maps/place/M%C4%85ka+i+Woda/data=!4m2!3m1!1s0x471eccf415963063:0x37cebff26bc6f047,Mąka i Woda,restaurant,favorite,
Warszawa,52.2338593,21.021081199999998,https://www.google.com/maps/place/PiwPaw+Beer+Heaven/data=!4m2!3m1!1s0x471eccf66fc8fad5:0x2ebff706c3cef6e9,PiwPaw Beer Heaven,other,favorite,
Warszawa,52.233882099999995,21.019364399999997,https://www.google.com/maps/place/PIZZA+by+the+SLICE/data=!4m2!3m1!1s0x471ecdb07afccdb1:0xa1471d9d9980e700,PIZZA by the SLICE,restaurant,favorite,
Warszawa,52.23315579999999,21.018278000000002,https://www.google.com/maps/place/QUAS%C4%84/data=!4m2!3m1!1s0x471ecd0055ee1713:0x3c19bcf54d776bdd,QUASĄ,bakery,favorite,
Warszawa,52.2388129,21.019854,https://www.google.com/maps/place/Sour/data=!4m2!3m1!1s0x471ecde1643f240b:0x36ff814c683f58b1,Sour,restaurant,favorite,
Warszawa,52.22401550000001,21.0122537,https://www.google.com/maps/place/the+morning+after+(the+night+before)/data=!4m2!3m1!1s0x471ecd424f40f713:0x62839f5f89f7ebfc,the morning after (the night before),restaurant,favorite,
Warszawa,52.2167046,21.018963799999998,https://www.google.com/maps/place/%C4%92LLO/data=!4m2!3m1!1s0x471ecd7097d3e445:0x80d47b531be867d4,ĒLLO,other,favorite,
Warszawa,52.24903940000001,21.0118129,https://www.google.com/maps/place/Zapiecek/data=!4m2!3m1!1s0x471ecc6f6659242d:0x1486b3fb9979e51a,Zapiecek,art,want to go,
Warszawa,52.226846099999996,21.0181205,https://www.google.com/maps/place/Bar+Bambino/data=!4m2!3m1!1s0x471eccf1b51ccf07:0x5d20fa16489cf1ba,Bar Bambino,bar,want to go,
Warszawa,52.245329899999994,21.00282,https://www.google.com/maps/place/Bar+Kawowy/data=!4m2!3m1!1s0x471ecc64ada3d0bf:0xd31fe23d577860f5,Bar Kawowy,bar,want to go,
Warszawa,52.2291543,21.0177805,https://www.google.com/maps/place/Veles+Bar/data=!4m2!3m1!1s0x471eccf1439c4da9:0x45c7ee9a0b84aef1,Veles Bar,bar,want to go,
Warszawa,52.230033899999995,21.021731999999997,https://www.google.com/maps/place/Wozownia+Bar/data=!4m2!3m1!1s0x471ecdf9bb644979:0xeaba66a7ce5fe4c1,Wozownia Bar,bar,want to go,
Warszawa,52.225187,21.021752999999997,https://www.google.com/maps/place/alewino/data=!4m2!3m1!1s0x471eccfaa8ee1225:0xbaf0567eba85ec17,alewino,restaurant,want to go,
Warszawa,52.2265405,21.0159834,https://www.google.com/maps/place/Aura/data=!4m2!3m1!1s0x471ecd38b3dec119:0x9ca21c0854a0de72,Aura,bar,want to go,
Warszawa,52.2298025,21.016382999999994,https://www.google.com/maps/place/Bibenda/data=!4m2!3m1!1s0x471eccf15fcbe233:0x8437b37517b0383c,Bibenda,restaurant,want to go,
Warszawa,52.2257341,21.0204307,https://www.google.com/maps/place/FOTON/data=!4m2!3m1!1s0x471ecd8ff2da23ff:0x20f50a890e4a871b,FOTON,bar,want to go,
Warszawa,52.220607,21.0159636,https://www.google.com/maps/place/Franco/data=!4m2!3m1!1s0x471ecd84cc7c8dc9:0xe2e9ab133c1a2a28,Franco,restaurant,want to go,
Warszawa,52.2223037,21.0110216,https://www.google.com/maps/place/Hala+Koszyki/data=!4m2!3m1!1s0x471ecd8244fdcebd:0xb85154ecc5453e10,Hala Koszyki,other,want to go,
Warszawa,52.2201111,21.013310899999997,https://www.google.com/maps/place/Leniwa+Gospodyni/data=!4m2!3m1!1s0x471ecce8d23cc58d:0x89a576cf37d8bfc2,Leniwa Gospodyni,restaurant,want to go,
Warszawa,52.224619999999994,21.034940499999998,https://www.google.com/maps/place/LUKULLUS+w+St.Tropez/data=!4m2!3m1!1s0x471ecdcbc118d18b:0x8cc92d4755cb4f3,LUKULLUS w St.Tropez,shop,want to go,
Warszawa,52.2220637,21.049475599999997,https://www.google.com/maps/place/Monkey+Love/data=!4m2!3m1!1s0x471ecd333edb41a7:0x3b5cce2bc46a961a,Monkey Love,restaurant,want to go,
Warszawa,52.2318484,21.006769999999996,https://www.google.com/maps/place/Neon+Museum/data=!4m2!3m1!1s0x471ecdb57dc55555:0x252ecb7dcd6f0460,Neon Museum,art,want to go,
Warszawa,52.2507064,21.008532199999998,https://www.google.com/maps/place/Oki+Doki+Hostel/data=!4m2!3m1!1s0x471ecc6fc1cc4839:0x9711859dd4979730,Oki Doki Hostel,hotel,want to go,
Warszawa,52.2222639,21.015261199999998,https://www.google.com/maps/place/ORZO./data=!4m2!3m1!1s0x471eccef01f39d3d:0xa909f071a4fff84e,ORZO.,restaurant,want to go,
Warszawa,52.26091439999999,21.0433115,https://www.google.com/maps/place/Peaches/data=!4m2!3m1!1s0x471ecd732f5e4993:0xbcb056a2756adc9b,Peaches,restaurant,want to go,
Warszawa,52.279162199999995,20.945428,https://www.google.com/maps/place/Piekarnia+DEJ/data=!4m2!3m1!1s0x471ecb5ccee8edb3:0x4f8586cc0a0947b6,Piekarnia DEJ,bakery,want to go,
Warszawa,52.238464799999996,21.018193399999998,https://www.google.com/maps/place/Pierogarnia+Syrena+Irena/data=!4m2!3m1!1s0x471ecdae0281a729:0x453c1246d675d0b2,Pierogarnia Syrena Irena,restaurant,want to go,
Warszawa,52.234173,21.018673,https://www.google.com/maps/place/Pijana+Wi%C5%9Bnia/data=!4m2!3m1!1s0x471ecd7ac262b097:0xa01a9863aad262f3,Pijana Wiśnia,bar,want to go,
Warszawa,52.213491499999996,21.023345700000004,https://www.google.com/maps/place/Po+Drodze/data=!4m2!3m1!1s0x471ecd450306ce53:0x364f9e44a855e2d1,Po Drodze,cafe,want to go,
Warszawa,52.220902699999996,21.049284399999998,https://www.google.com/maps/place/Przysta%C5%84+kawiarnia/data=!4m2!3m1!1s0x471ecd3535d78753:0x51edb3df46958c38,Przystań kawiarnia,cafe,want to go,
Warszawa,52.241363899999996,21.0234172,https://www.google.com/maps/place/SAM+Powi%C5%9Ble/data=!4m2!3m1!1s0x471ecc5c220cd667:0xc781819a16ca472d,SAM Powiśle,restaurant,want to go,
Warszawa,52.234567,21.019047999999998,https://www.google.com/maps/place/Specja%C5%82y+Regionalne/data=!4m2!3m1!1s0x471eccf5dc8df21b:0x54d919d0743ec6d0,Specjały Regionalne,restaurant,want to go,
Warszawa,52.2311647,21.0148731,https://www.google.com/maps/place/PURO+Hotel+Warszawa+Centrum/data=!4m2!3m1!1s0x471ecde82eee09b1:0xc8e927d46180235b,PURO Hotel Warszawa Centrum,hotel,want to go,
Warszawa,52.2326663,21.016573500000003,https://www.google.com/maps/place/Cukiernia+Paw%C5%82owicz/data=!4m2!3m1!1s0x471eccf43ef8b555:0xd54b50f1667b5009,Cukiernia Pawłowicz,restaurant,want to go,
Warszawa,52.230627,21.0134302,https://www.google.com/maps/place/HAECHI+SHOP+KOREAN%26ASIAN+MARKET+WITH+STREET+FOOD/data=!4m2!3m1!1s0x471ecdd5741484dd:0x47b57758011b3203,HAECHI SHOP KOREAN&ASIAN MARKET WITH STREET FOOD,restaurant,want to go,
Warszawa,52.2169132,21.0187514,https://www.google.com/maps/place/KOPI+-+butik+z+bi%C5%BCuteri%C4%85/data=!4m2!3m1!1s0x471ecdd88e148833:0xd1abc442256bc09a,KOPI - butik z biżuterią,restaurant,want to go,
Warszawa,52.23513620000001,21.0165998,https://www.google.com/maps/place/OFFSET+CONCEPT+STUDIO+%2B+SHOWROOM/data=!4m2!3m1!1s0x471ecd371bea2933:0xf6a95348308acc3b,OFFSET CONCEPT STUDIO + SHOWROOM,restaurant,want to go,
Warszawa,52.2298906,21.0200645,https://www.google.com/maps/place/%C5%BBabka+Nano+24%2F7/data=!4m2!3m1!1s0x471ecd1a9d819443:0x16098f70bec510e0,Żabka Nano 24/7,restaurant,want to go,
Warwick,41.280026500000005,-74.3064675,https://www.google.com/maps/place/Drowned+Lands+Brewery/data=!4m2!3m1!1s0x89c326797971a531:0x2a95420dc817fe78,Drowned Lands Brewery,bar,want to go,
Washington,38.9143826,-77.0414505,https://www.google.com/maps/place/Anju/data=!4m2!3m1!1s0x89b7b7bd0d618fb7:0xd0048ad884ba1b83,Anju,restaurant,want to go,
Washington,38.9000359,-76.98667490000001,https://www.google.com/maps/place/Maketto/data=!4m2!3m1!1s0x89b7b8400fe7f139:0x981d653d0d3a5b7e,Maketto,restaurant,want to go,
Washington,38.8824511,-76.9952615,https://www.google.com/maps/place/Ted's+Bulletin+-+Capitol+Hill/data=!4m2!3m1!1s0x89b7b833180c69f1:0x52184270004fb6d8,Ted's Bulletin - Capitol Hill,restaurant,want to go,
Washington,38.9094705,-77.0646087,https://www.google.com/maps/place/YELLOW+Georgetown/data=!4m2!3m1!1s0x89b7b7ec99e12f01:0x730b21e3c31ac4d2,YELLOW Georgetown,cafe,want to go,
Washington,38.93299150000001,-77.0329838,https://www.google.com/maps/place/Thip+Khao+Restaurant/data=!4m2!3m1!1s0x89b7c8189893f667:0x94b47e2aca9e304,Thip Khao Restaurant,restaurant,want to go,
Wat Phraya Krai,13.710469199999999,100.5116618,https://www.google.com/maps/place/Common+Ground+Tattoo/data=!4m2!3m1!1s0x30e298c431b5867b:0xed6291f0f23507c4,Common Ground Tattoo,tattoo,favorite,
Waxhaw,35.01984169999999,-80.806727,https://www.google.com/maps/place/Rosati's+Pizza/data=!4m2!3m1!1s0x8854291d6f1d5a51:0xa8ca0f504d0000e3,Rosati's Pizza,restaurant,favorite,true
Amsterdam,52.4005238,4.8958329,https://www.google.com/maps/place/NDSM/data=!4m2!3m1!1s0x47c60839a130b683:0x882051e1a7c91c75,NDSM,other,want to go,
Weil am Rhein,47.6029256,7.617801600000001,https://www.google.com/maps/place/VitraHaus/data=!4m2!3m1!1s0x4791ba1645b94529:0xba982075edfccfb0,VitraHaus,shop,want to go,
Weinheim,49.5333367,8.6430577,https://www.google.com/maps/place/Miramar/data=!4m2!3m1!1s0x4797dad491dc2649:0xb9609b5a01ebfcc4,Miramar,park,favorite,
Wendisch Rietz,52.215019999999996,14.010270000000002,https://www.google.com/maps/place/SATAMA+SAUNA+RESORT+%26+SPA+am+Scharm%C3%BCtzelsee/data=!4m2!3m1!1s0x47078aad93d6a343:0x27656032dca96c27,SATAMA SAUNA RESORT & SPA am Scharmützelsee,hotel,want to go,
Werder (Havel),52.3451313,12.946578,https://www.google.com/maps/place/Schlossgarten+Petzow/data=!4m2!3m1!1s0x47a8f37bf9272f61:0x9a2983cdb899414,Schlossgarten Petzow,park,favorite,
LA,34.0821165,-118.37733829999999,https://www.google.com/maps/place/Glossier+LA/data=!4m2!3m1!1s0x80c2bfa75ac0cf65:0xffa78c7c896c2d22,Glossier LA,shop,favorite,
LA,34.07712000000001,-118.381075,https://www.google.com/maps/place/Amour+Weho/data=!4m2!3m1!1s0x80c2bfaf1382e0cf:0x208354fdcf942ebd,Amour Weho,restaurant,want to go,
LA,34.0817802,-118.38911439999998,https://www.google.com/maps/place/Dan+Tana's/data=!4m2!3m1!1s0x80c2bea893bee2ad:0xbd726493df77274b,Dan Tana's,restaurant,want to go,
LA,34.0905397,-118.34459679999998,https://www.google.com/maps/place/Hot+N+Juicy+Crawfish/data=!4m2!3m1!1s0x80c2bf29b93d0ceb:0xf2a8f8ecde72ae85,Hot N Juicy Crawfish,restaurant,want to go,
LA,34.0905005,-118.3695355,https://www.google.com/maps/place/Pura+Vita/data=!4m2!3m1!1s0x80c2bf714560a4ab:0x8d72c8034a39bb35,Pura Vita,restaurant,want to go,
LA,34.092321399999996,-118.3792109,https://www.google.com/maps/place/The+Oppenheim+Group/data=!4m2!3m1!1s0x80c2bebce5ec475b:0x3c120e681c4aa39f,The Oppenheim Group,other,want to go,
LA,34.088590499999995,-118.36178000000001,https://www.google.com/maps/place/Ysabel/data=!4m2!3m1!1s0x80c2becf6db633fd:0xd29cca25a474fea9,Ysabel,restaurant,want to go,
Whitmore Estate,51.5356735,-0.0767291,https://www.google.com/maps/place/A+Bar+with+Shapes+for+a+Name/data=!4m2!3m1!1s0x48761d62f3361eaf:0x4008bf508ccde14d,A Bar with Shapes for a Name,bar,want to go,
Wieliczka,49.983501999999994,20.0551878,https://www.google.com/maps/place/Salzbergwerk+Wieliczka/data=!4m2!3m1!1s0x471643d805818e4b:0x972549aefd93b415,Salzbergwerk Wieliczka,other,want to go,
Wien,48.2129206,16.367879500000004,https://www.google.com/maps/place/Die+Cafeti%C3%A8re/data=!4m2!3m1!1s0x476d075588c15e3d:0xa54164639348c60,Die Cafetière,cafe,favorite,
Wien,48.2017943,16.3738665,https://www.google.com/maps/place/Caf%C3%A9+Schwarzenberg/data=!4m2!3m1!1s0x476d079d700641d9:0xd68179f5c7581c65,Café Schwarzenberg,cafe,favorite,
Wien,48.23192890000001,16.3543434,https://www.google.com/maps/place/Leo's+Sausage+Stand/data=!4m2!3m1!1s0x476d07ccf1d9c96d:0x60dfb0de27da8c1b,Leo's Sausage Stand,restaurant,favorite,
Wien,48.2201719,16.376705899999997,https://www.google.com/maps/place/Skopik+%26+Lohn/data=!4m2!3m1!1s0x476d07af5de73fd9:0x4d8e08c6a061497e,Skopik & Lohn,restaurant,favorite,
Wien,48.197859,16.3556098,https://www.google.com/maps/place/wolfmich/data=!4m2!3m1!1s0x476d072c4e6fc3cf:0x5a0773f0f776da13,wolfmich,vintage,favorite,
Wien,48.2261111,16.376666900000004,https://www.google.com/maps/place/Augarten/data=!4m2!3m1!1s0x476d07ae7c92925d:0xa0e730ea1f204b9b,Augarten,art,want to go,
Wien,48.2040345,16.3507378,"https://www.google.com/maps/place/Adlerhof+-+Caf%C3%A9,+Bistro+%26+Bar/data=!4m2!3m1!1s0x476d07d17d471393:0xdec83fea3005e3d1","Adlerhof - Café, Bistro & Bar",bar,want to go,
Wien,48.1991241,16.356407,https://www.google.com/maps/place/Bruder+-+K%C3%BCche+%26+Bar/data=!4m2!3m1!1s0x476d0723f415417b:0xa0c905c25ca9ed0d,Bruder - Küche & Bar,bar,want to go,
Wien,48.205399299999996,16.3472766,https://www.google.com/maps/place/Caf%C3%A9+Florida/data=!4m2!3m1!1s0x476d07b159d7f291:0x12117721ddf1766a,Café Florida,bar,want to go,
Wien,48.20717200000001,16.3712536,https://www.google.com/maps/place/Loos+American+Bar/data=!4m2!3m1!1s0x476d079ece04b00b:0x2006c32fbaf9943b,Loos American Bar,bar,want to go,
Wien,48.2054232,16.3521198,https://www.google.com/maps/place/Moby+Dick+-+Cocktailbar+%26+Eatery/data=!4m2!3m1!1s0x476d07f67c760907:0xfaf97639f7571c44,Moby Dick - Cocktailbar & Eatery,bar,want to go,
Wien,48.221968999999994,16.4023723,https://www.google.com/maps/place/Mochi+Ramen+Bar/data=!4m2!3m1!1s0x476d071ca51694bf:0x9b7263e91dc71f9e,Mochi Ramen Bar,bar,want to go,
Wien,48.2168907,16.385287200000004,https://www.google.com/maps/place/neue+bar/data=!4m2!3m1!1s0x476d07083f38ec53:0x9ad87a9ed407ace6,neue bar,bar,want to go,
Wien,48.200734,16.3448943,https://www.google.com/maps/place/Rinkhy+Delikatessen+Bar/data=!4m2!3m1!1s0x476d07f2c493414f:0x2110546e9cdf423b,Rinkhy Delikatessen Bar,bar,want to go,
Wien,48.209444399999995,16.377499999999998,https://www.google.com/maps/place/Wunder-Bar/data=!4m2!3m1!1s0x476d079ff566797f:0x1663dc9aa630e342,Wunder-Bar,bar,want to go,
Wien,48.207397699999994,16.393848199999997,https://www.google.com/maps/place/Art+Cafe+Hundertwasser+House/data=!4m2!3m1!1s0x476d0712b414b477:0x146119b85887078f,Art Cafe Hundertwasser House,cafe,want to go,
Wien,48.2173845,16.3511695,https://www.google.com/maps/place/CoffeePirates/data=!4m2!3m1!1s0x476d07c12110afdd:0x7cd49b5c94bdccaf,CoffeePirates,cafe,want to go,
Wien,48.2046992,16.3681824,https://www.google.com/maps/place/Albertina/data=!4m2!3m1!1s0x476d079bf27e5ac1:0x66ef8a989f37deb8,Albertina,art,want to go,
Wien,48.2143872,16.366775300000004,https://www.google.com/maps/place/Alles+Wurscht/data=!4m2!3m1!1s0x476d0702cd99237b:0xbdf6d0d186ed5c6c,Alles Wurscht,restaurant,want to go,
Wien,48.19858,16.353958700000003,https://www.google.com/maps/place/Ammuts%C3%98n+Craft+Beer+Dive/data=!4m2!3m1!1s0x476d078edca6984f:0x67c4c6b71bed16cf,AmmutsØn Craft Beer Dive,bar,want to go,
Wien,48.2077243,16.374285999999994,https://www.google.com/maps/place/Blutgasse/data=!4m2!3m1!1s0x476d079f06aff447:0x134e31a5eec05e20,Blutgasse,other,want to go,
Wien,48.212317299999995,16.3362901,https://www.google.com/maps/place/Brunnenmarkt/data=!4m2!3m1!1s0x476d079543fb9975:0x7a3b6f1635f130a1,Brunnenmarkt,flea market,want to go,
Wien,48.219614,16.403726900000002,https://www.google.com/maps/place/br%C3%B6sl/data=!4m2!3m1!1s0x476d07db63576529:0xb0d9e9ce0e96c34,brösl,restaurant,want to go,
Wien,48.210296199999995,16.36146,https://www.google.com/maps/place/Burgtheater/data=!4m2!3m1!1s0x476d079648c523cf:0x3a513446d5a96a5e,Burgtheater,other,want to go,
Wien,48.21112060000001,16.372906699999998,https://www.google.com/maps/place/Caff%C3%A8+a+Casa/data=!4m2!3m1!1s0x476d07a21ed2afad:0x3ae614d551e22b8b,Caffè a Casa,cafe,want to go,
Wien,48.208596199999995,16.3672185,https://www.google.com/maps/place/Caf%C3%A9+Demel/data=!4m2!3m1!1s0x476d079852ff8d89:0x765904ee1e1b2258,Café Demel,shop,want to go,
Wien,48.20814469999999,16.378625699999997,https://www.google.com/maps/place/Caf%C3%A9+Engl%C3%A4nder./data=!4m2!3m1!1s0x476d07755fa6dc8f:0xec9a2fafead3fe9c,Café Engländer.,cafe,want to go,
Wien,48.195202099999996,16.3494101,https://www.google.com/maps/place/Caf%C3%A9+Jelinek/data=!4m2!3m1!1s0x476d078987b4cecf:0xf67c95abca1b9ebe,Café Jelinek,cafe,want to go,
Wien,48.2028918,16.3442032,https://www.google.com/maps/place/Caf%C3%A9+Kandl/data=!4m2!3m1!1s0x476d07f294a4150b:0xeaaf03fe16c7ef2e,Café Kandl,restaurant,want to go,
Wien,48.2100867,16.3706951,https://www.google.com/maps/place/Caf%C3%A9+Korb/data=!4m2!3m1!1s0x476d0798a53698af:0x457690f16fe385eb,Café Korb,cafe,want to go,
Wien,48.2075943,16.3804047,https://www.google.com/maps/place/Caf%C3%A9+Pr%C3%BCckel/data=!4m2!3m1!1s0x476d077516158fa1:0xde798876217c145a,Café Prückel,cafe,want to go,
Wien,48.195331100000004,16.355116499999998,https://www.google.com/maps/place/Caf%C3%A9+R%C3%BCdigerhof/data=!4m2!3m1!1s0x476d07888c09826f:0x4d373af3ecf39c81,Café Rüdigerhof,cafe,want to go,
Wien,48.2039459,16.3698418,https://www.google.com/maps/place/Caf%C3%A9+Sacher+Wien/data=!4m2!3m1!1s0x476d079c6e70ce23:0xdb83f04c896f79da,Café Sacher Wien,cafe,want to go,
Wien,48.1975961,16.3601647,https://www.google.com/maps/place/Caf%C3%A9+Savoy/data=!4m2!3m1!1s0x476d0785c43e1a5f:0x79bb786dae7b9378,Café Savoy,cafe,want to go,
Wien,48.1998326,16.3611306,https://www.google.com/maps/place/Caf%C3%A9+Sperl/data=!4m2!3m1!1s0x476d0785133971d9:0x1f6a150bbbe7d59c,Café Sperl,cafe,want to go,
Wien,48.2086246,16.3809,https://www.google.com/maps/place/COP+-+Collection+of+Produce/data=!4m2!3m1!1s0x476d078a0501d4f7:0x764b84bd6bf2ff53,COP - Collection of Produce,restaurant,want to go,
Wien,48.2403397,16.410050500000004,https://www.google.com/maps/place/Danube+Tower/data=!4m2!3m1!1s0x476d06f6a9a48b3b:0x2cd0bab263e7514b,Danube Tower,other,want to go,
Wien,48.202411100000006,16.3576834,https://www.google.com/maps/place/DonauTechno/data=!4m2!3m1!1s0x476d0790285a8f17:0x510259dcf0d6c159,DonauTechno,bar,want to go,
Wien,48.2176702,16.381875999999995,https://www.google.com/maps/place/Franz+von+Hahn/data=!4m2!3m1!1s0x476d07a7b8cdb81b:0x21dc3fadc8623314,Franz von Hahn,bar,want to go,
Wien,48.2093292,16.3544997,https://www.google.com/maps/place/Gastwirtschaft+Blauensteiner/data=!4m2!3m1!1s0x476d07945c1ca3eb:0xed271cbfe686a433,Gastwirtschaft Blauensteiner,restaurant,want to go,
Wien,48.2031407,16.3571362,https://www.google.com/maps/place/Glacis+Beisl/data=!4m2!3m1!1s0x476d0791cbf88dd9:0x672e2e997bba5f80,Glacis Beisl,restaurant,want to go,
Wien,48.2023662,16.3750835,https://www.google.com/maps/place/Gulasch+%26+Soehne+Vienna/data=!4m2!3m1!1s0x476d079d800628bf:0x6d51bf19cddf0b98,Gulasch & Soehne Vienna,restaurant,want to go,
Wien,48.2174289,16.377199699999995,https://www.google.com/maps/place/Gumprecht+Pferdefleischer/data=!4m2!3m1!1s0x476d0790eeeeaa67:0x86979bb624c8dc2d,Gumprecht Pferdefleischer,shop,want to go,
Wien,48.198284099999995,16.3229251,https://www.google.com/maps/place/Heidingers+Gasthaus/data=!4m2!3m1!1s0x476d07f8c8391ba5:0xfb44eeb72abf553,Heidingers Gasthaus,restaurant,want to go,
Wien,48.21619749999999,16.4030856,https://www.google.com/maps/place//data=!4m2!3m1!1s0x476d07d4080b2c7d:0xb04a218a2b7a3c25,NENI am Prater,restaurant,want to go,
Wien,48.2075002,16.3940306,https://www.google.com/maps/place/Hundertwasser+Brunnen/data=!4m2!3m1!1s0x476d072495c9cb03:0xf7ea4801d7a7ab24,Hundertwasser Brunnen,other,want to go,
Wien,48.207336999999995,16.3942941,https://www.google.com/maps/place/Hundertwasser+House/data=!4m2!3m1!1s0x476d0712b414b477:0x84544d7e3739819c,Hundertwasser House,experience,want to go,
Wien,48.1958817,16.3684099,https://www.google.com/maps/place/Kaffeefabrik/data=!4m2!3m1!1s0x476d07822fb80bd1:0x744f430d56653a7c,Kaffeefabrik,cafe,want to go,
Wien,48.225639900000004,16.3634283,https://www.google.com/maps/place/Karl+Rosa/data=!4m2!3m1!1s0x476d07b66071bdad:0xdc72b35fe59645ab,Karl Rosa,other,want to go,
Wien,48.212983799999996,16.3701764,https://www.google.com/maps/place/Katholische+Kirche+Maria+am+Gestade/data=!4m2!3m1!1s0x476d07a2504b5aff:0x239bee91415d837d,Katholische Kirche Maria am Gestade,other,want to go,
Wien,48.2089484,16.3678486,https://www.google.com/maps/place/Kohlmarkt/data=!4m2!3m1!1s0x476d079856ea8617:0xf101d71c206af065,Kohlmarkt,other,want to go,
Wien,48.2038016,16.3617874,https://www.google.com/maps/place/Kunsthistorisches+Museum+Wien/data=!4m2!3m1!1s0x476d079a63cf77f1:0x6f6052b56ca6b841,Kunsthistorisches Museum Wien,art,want to go,
Wien,48.2026499,16.3591421,https://www.google.com/maps/place/Leopold+Museum/data=!4m2!3m1!1s0x476d079018453103:0x212bdc6b259a623a,Leopold Museum,art,want to go,
Wien,48.20158539999999,16.345193899999998,https://www.google.com/maps/place/Loup-Garou/data=!4m2!3m1!1s0x476d07ff14641b65:0xd9081a90edbb07e,Loup-Garou,other,want to go,
Wien,48.23443409999999,16.359548499999995,https://www.google.com/maps/place/Magistratsabteilung+59+-+Marktamt/data=!4m2!3m1!1s0x476d0770e7e417df:0x32c3e9f04b1d1558,Magistratsabteilung 59 - Marktamt,other,want to go,
Wien,48.213692599999995,16.379162600000004,https://www.google.com/maps/place/Marischka+Wien/data=!4m2!3m1!1s0x476d07d3106e8f15:0x2f1060e51ac0314b,Marischka Wien,other,want to go,
Wien,48.2037823,16.3578331,https://www.google.com/maps/place/mumok+-+Museum+moderner+Kunst+Stiftung+Ludwig+Wien/data=!4m2!3m1!1s0x476d07904159f2f3:0xa60e7b8469b78937,mumok - Museum moderner Kunst Stiftung Ludwig Wien,art,want to go,
Wien,48.213364999999996,16.3822454,https://www.google.com/maps/place/o.m.k+1020/data=!4m2!3m1!1s0x476d070a050c650b:0xa0978661712f022d,o.m.k 1020,other,want to go,
Wien,48.2091211,16.376000200000004,https://www.google.com/maps/place/PAR%C3%89MI+Boulangerie+%E2%80%93+P%C3%A2tisserie/data=!4m2!3m1!1s0x476d079f9ad5ecf9:0x58d539b00580611b,PARÉMI Boulangerie – Pâtisserie,bakery,want to go,
Wien,48.219262199999996,16.376948199999998,https://www.google.com/maps/place/Pizza+Mari/data=!4m2!3m1!1s0x476d07a5f088dddd:0x90f5f684d3ffb483,Pizza Mari,restaurant,want to go,
Wien,48.2154648,16.400173900000002,https://www.google.com/maps/place/Prater/data=!4m2!3m1!1s0x476d073f4daba163:0xfce7699ce9a8b1f4,Prater,park,want to go,
Wien,48.228208099999996,16.357465299999994,https://www.google.com/maps/place/Reznicek/data=!4m2!3m1!1s0x476d07cbd188097f:0xe6e06a7c0c0a93a2,Reznicek,restaurant,want to go,
Wien,48.2187165,16.3773276,https://www.google.com/maps/place/Sch%C3%B6ne+Perle/data=!4m2!3m1!1s0x476d07a5e21029ef:0xb7c54f43eb0bdf3d,Schöne Perle,restaurant,want to go,
Wien,48.2206325,16.3642587,https://www.google.com/maps/place/Servitenviertel/data=!4m2!3m1!1s0x476d07b99958dd83:0x44f4775de8b85b3f,Servitenviertel,experience,want to go,
Wien,48.1951732,16.3517692,https://www.google.com/maps/place/Shokudo+Kuishimbo/data=!4m2!3m1!1s0x476d0789a6398af9:0xd8122271f0c867c3,Shokudo Kuishimbo,restaurant,want to go,
Wien,48.20445780000001,16.3813958,https://www.google.com/maps/place/Steirereck/data=!4m2!3m1!1s0x476d0776e1ee2f29:0x6d1c7cd291414014,Steirereck,restaurant,want to go,
Wien,48.1953633,16.349247500000004,https://www.google.com/maps/place/Steman/data=!4m2!3m1!1s0x476d078a2beb7955:0x9515b60cf1d304e6,Steman,restaurant,want to go,
Wien,48.2095082,16.375010800000002,https://www.google.com/maps/place/Weinorgel/data=!4m2!3m1!1s0x476d079f7b8e0dc7:0x6a8da94e4545ddaa,Weinorgel,bar,want to go,
Wien,48.1476399,16.2534206,https://www.google.com/maps/place/Wotrubakirche+-+Katholische+Kirche+zur+Heiligsten+Dreifaltigkeit/data=!4m2!3m1!1s0x476da6405774a4e3:0x12d0810294faaa52,Wotrubakirche - Katholische Kirche zur Heiligsten Dreifaltigkeit,other,want to go,
Wien,48.20035430000001,16.374626499999998,https://www.google.com/maps/place/W%C3%BCrstelstand+-+Zum+scharfen+Ren%C3%A9/data=!4m2!3m1!1s0x476d0777e492b085:0xfb1f20c18175610a,Würstelstand - Zum scharfen René,restaurant,want to go,
Wien,48.21344010000001,16.3358906,https://www.google.com/maps/place/Yppenpl./data=!4m2!3m1!1s0x476d07e7aebec2a7:0x202441dbe725161b,Yppenpl.,other,want to go,
Wien,48.21638229999999,16.4028125,https://www.google.com/maps/place/Zoku+Vienna/data=!4m2!3m1!1s0x476d0719fecd53c5:0x37e0ab0bb73259b0,Zoku Vienna,hotel,want to go,
Wien,48.2004412,16.3506386,https://www.google.com/maps/place/Zollergasse/data=!4m2!3m1!1s0x476d078c34ed6c6d:0xb53829f7eff71129,Zollergasse,other,want to go,
Wien,48.1915145,16.3604719,https://www.google.com/maps/place/Zum+alten+Fassl/data=!4m2!3m1!1s0x476d078757ffb77f:0x38959d86c91f5d5b,Zum alten Fassl,restaurant,want to go,
Wien,48.2194644,16.3667707,https://www.google.com/maps/place/Zum+Roten+B%C3%A4ren/data=!4m2!3m1!1s0x476d07ba59bbdf3b:0xf19dd5a8186e4251,Zum Roten Bären,restaurant,want to go,
Wien,48.191530799999995,16.380914,https://www.google.com/maps/place/%C3%96sterreichische+Galerie+Belvedere/data=!4m2!3m1!1s0x476d077d020b9ea5:0xdf78570937a6d030,Österreichische Galerie Belvedere,art,want to go,
Wien,48.2017525,16.3792027,https://www.google.com/maps/place/Hotel+Intercontinental/data=!4m2!3m1!1s0x476d0776fb915795:0x757f7fbeef5e812f,Hotel Intercontinental,hotel,want to go,
Wien,48.2348279,16.333849599999997,https://www.google.com/maps/place/T%C3%BCrkenschanzpark/data=!4m2!3m1!1s0x476d087e3367ae03:0xfce2b9efe3af804e,Türkenschanzpark,park,want to go,
Wien,48.2539302,16.3586121,https://www.google.com/maps/place/Restaurant+Amador/data=!4m2!3m1!1s0x476d06187d5d5e51:0xe54fc7fbc479735c,Restaurant Amador,restaurant,want to go,
Wien,48.2022415,16.3749336,https://www.google.com/maps/place/Restaurant+Meissl+%26+Schadn+Wien/data=!4m2!3m1!1s0x476d079d800628bf:0x275be9927a3de550,Restaurant Meissl & Schadn Wien,restaurant,want to go,
Wien,48.2313852,16.3762172,https://www.google.com/maps/place/Restaurant+Mraz+%26+Sohn/data=!4m2!3m1!1s0x476d064d401474f9:0x45e339e6ec00cc78,Restaurant Mraz & Sohn,restaurant,want to go,
Wien,48.2120803,16.374083499999998,https://www.google.com/maps/place/Restaurant+Salzamt/data=!4m2!3m1!1s0x476d07a1840acee7:0xd379aa1312b3f1a7,Restaurant Salzamt,restaurant,want to go,
Wien,48.20431800000001,16.351981,https://www.google.com/maps/place/Burggasse+24+Vintage+Shop/data=!4m2!3m1!1s0x476d0792424a513d:0x7c6537ec73328b33,Burggasse 24 Vintage Shop,shop,want to go,
Wien,48.2062837,16.3492741,https://www.google.com/maps/place/HUMANA+Vintage+%26+Second+Hand/data=!4m2!3m1!1s0x476d07932eaefda7:0xd04fb83461aab4ad,HUMANA Vintage & Second Hand,shop,want to go,
"Wien, Austria",48.20548669999999,16.3663968,https://www.google.com/maps/place/Schmetterlinghaus/data=!4m2!3m1!1s0x476d079bd1d8b79d:0x9d2ca4aecee616bd,Schmetterlinghaus,art,want to go,
Wiesbaden,50.08302260000001,8.2402446,https://www.google.com/maps/place/das!Burger/data=!4m2!3m1!1s0x47bdbdd8e0426607:0x4b02618064a7c5f6,das!Burger,restaurant,favorite,
Wiesbaden,50.0768487,8.238645199999999,https://www.google.com/maps/place/Fried+90's/data=!4m2!3m1!1s0x47bdbd948571ecc7:0xdfd400ad837a3ea6,Fried 90's,restaurant,want to go,
Willowbrook,41.745566,-87.939224,https://www.google.com/maps/place/Dell+Rhea's+Chicken+Basket/data=!4m2!3m1!1s0x880e4f56934d762f:0xa2ca373d9c555eab,Dell Rhea's Chicken Basket,restaurant,favorite,
Wine club,52.50687665,13.424753449999997,https://www.google.com/maps/place/KARLOFF/data=!4m2!3m1!1s0x47a84e354a5fb8f3:0xda08479ddea2c24a,KARLOFF,other,favorite,true
Wisbyer Str.,52.5533278,13.415806299999998,https://www.google.com/maps/place/SORI+Ramen+Berlin/data=!4m2!3m1!1s0x47a8538705489883:0xbe2bb5cbab7edc7e,SORI Ramen Berlin,restaurant,want to go,
Wiscasset,44.0025244,-69.66423189999999,https://www.google.com/maps/place/Red's+Eats/data=!4m2!3m1!1s0x4cad923894c27885:0xdf6136272c1d7296,Red's Eats,restaurant,want to go,
Woodstock,-33.9273136,18.457449999999998,https://www.google.com/maps/place/The+Test+Kitchen/data=!4m2!3m1!1s0x1dcc5da6b5333735:0xe19a7c5da548aefb,The Test Kitchen,restaurant,want to go,
Woolloomooloo NSW,-33.8687312,151.22026979999998,https://www.google.com/maps/place/China+Doll/data=!4m2!3m1!1s0x6b12ae6da0502e47:0x35b65b4d15179b84,China Doll,restaurant,want to go,
Wrocław,51.084494799999995,17.0130359,https://www.google.com/maps/place/Helen+Cafe/data=!4m2!3m1!1s0x470fc32d262d6fe9:0xeb64428611e81ea7,Helen Cafe,cafe,want to go,
Wrocław,51.1127403,17.031823499999998,https://www.google.com/maps/place/BABA/data=!4m2!3m1!1s0x470fe91f9339cb39:0x818eec6879a5b145,BABA,restaurant,want to go,
Wrocław,51.111948899999994,17.032621199999998,https://www.google.com/maps/place/PLUTO/data=!4m2!3m1!1s0x470fe9002698bd27:0x9effcbe420da1e5c,PLUTO,restaurant,want to go,
Wrocław,51.1232925,17.0564048,https://www.google.com/maps/place/WW+Caf%C3%A9/data=!4m2!3m1!1s0x470fe9be6befd9ef:0xe722750aabfafedc,WW Café,cafe,want to go,
Wuppertal,51.2560891,7.1496742,https://www.google.com/maps/place/Open+Ground+-+Wuppertal/data=!4m2!3m1!1s0x47b8d76407d4936d:0x1a15c5e8413e1ae6,Open Ground - Wuppertal,club,want to go,
Wustermark,52.5330577,12.9963871,https://www.google.com/maps/place/Karls+Erlebnis-Dorf+-+Elstal/data=!4m2!3m1!1s0x47a8fa45377f5655:0x7a3781a861fc3f77,Karls Erlebnis-Dorf - Elstal,park,favorite,
Wustermark,52.541759899999995,12.9783426,https://www.google.com/maps/place/Designer+Outlet+Berlin/data=!4m2!3m1!1s0x47a8faf85ac9b2bf:0x9fd654971512d238,Designer Outlet Berlin,shop,want to go,
Amsterdam,52.36869579999999,4.8906118,https://www.google.com/maps/place/The+Seafood+Bar/data=!4m2!3m1!1s0x47c609c1bb494071:0xb3eb003c795e8a05,The Seafood Bar,bar,want to go,
Amsterdam,52.354056,4.883207299999999,https://www.google.com/maps/place/Yerba/data=!4m2!3m1!1s0x47c609f1a63e5d27:0x373d538fe594c452,Yerba,restaurant,want to go,
Amsterdam,52.3596235,4.893164,https://www.google.com/maps/place/SIZZ+Indian+Restaurant/data=!4m2!3m1!1s0x47c609ca232d4f17:0xf59d9289e1d88c70,SIZZ Indian Restaurant,restaurant,want to go,
Amsterdam,52.3680424,4.8909172,https://www.google.com/maps/place/Bhatti+Pasal+-+Authentic+Nepalese+Food/data=!4m2!3m1!1s0x47c60d6d20b8c699:0x52a5078488f2b64d,Bhatti Pasal - Authentic Nepalese Food,restaurant,want to go,
Amsterdam,52.3597146,4.898311400000001,https://www.google.com/maps/place/The+School+Of+Life+Amsterdam/data=!4m2!3m1!1s0x47c609c4132cc63d:0xa5aee20780ff8e85,The School Of Life Amsterdam,other,want to go,
Amsterdam,52.3596934,4.8843632,https://www.google.com/maps/place/RIJKS%C2%AE/data=!4m2!3m1!1s0x47c609eef0f9d741:0x5960aa7554d33879,RIJKS®,restaurant,want to go,
Yountville,38.4044403,-122.3649712,https://www.google.com/maps/place/The+French+Laundry/data=!4m2!3m1!1s0x8084554400000000:0x1b03f3b6bdcbe461,The French Laundry,restaurant,want to go,
Zator,49.99950429999999,19.4114838,https://www.google.com/maps/place/Energylandia/data=!4m2!3m1!1s0x4716936ab1946d19:0x69fc75d0f7dc4409,Energylandia,park,want to go,
Zemgales priekšpilsēta,56.9431187,24.066575699999998,https://www.google.com/maps/place/Kalnciema+kvart%C4%81ls/data=!4m2!3m1!1s0x46eed01977cf7b8d:0x7f3ac069b0769984,Kalnciema kvartāls,art,favorite,
Zemgales priekšpilsēta,56.944923499999994,24.0846655,https://www.google.com/maps/place/FAB+cafe+Riga/data=!4m2!3m1!1s0x46eed1794ac9ba0b:0x26cf073bf0d29554,FAB cafe Riga,cafe,favorite,
Zemgales priekšpilsēta,56.9242989,24.0559528,https://www.google.com/maps/place/Bulka/data=!4m2!3m1!1s0x46eed06a02983965:0xbb965d43d442756b,Bulka,cafe,favorite,
Zemgales priekšpilsēta,56.9239599,24.137107599999997,https://www.google.com/maps/place/Riga+Radio+and+TV+Tower/data=!4m2!3m1!1s0x46eed1c2e8aa8b45:0x3b931dfd89ee064f,Riga Radio and TV Tower,other,favorite,
Zermatt,45.9834754,7.784680100000001,https://www.google.com/maps/place/Gornergrat/data=!4m2!3m1!1s0x478f4a61cea1fc55:0xa50a3dcf509f4adb,Gornergrat,other,want to go,
Zermatt,45.990609649999996,7.7418774500000005,https://www.google.com/maps/place/Zermatt/data=!4m2!3m1!1s0x478f35a2292ee5cd:0x400ff8840196f70,Zermatt,other,want to go,
Ziemeļu rajons,57.0643703,24.0293279,https://www.google.com/maps/place/Mangalsala+breakwater/data=!4m2!3m1!1s0x46eec6a4ee53c901:0xae9086350af609e0,Mangalsala breakwater,experience,favorite,
Zittau,50.8705863,14.8232804,https://www.google.com/maps/place/Granica+3+pa%C5%84stw/data=!4m2!3m1!1s0x47093cfc12edc899:0xc82b2280ed987aca,Granica 3 państw,park,want to go,
Amsterdam,52.36231,4.861847099999999,https://www.google.com/maps/place/Staring+at+Jacob/data=!4m2!3m1!1s0x47c5e2095bfe86e3:0x69cb65178afdfe6c,Staring at Jacob,restaurant,want to go,
Zvërnec,40.5173874,19.4024067,https://www.google.com/maps/place/St.+Mary's+Monastery/data=!4m2!3m1!1s0x13453715314d4353:0xae4a2ffba52f4dd3,St. Mary's Monastery,other,want to go,
ZZ Zwolle,52.515378,6.097788800000001,https://www.google.com/maps/place/De+Librije/data=!4m2!3m1!1s0x47c7df2fe3d03c65:0x23271695dabd6de2,De Librije,restaurant,want to go,
Zürich,47.376716699999996,8.529230599999998,"https://www.google.com/maps/place/Alte+Kaserne+Z%C3%BCrich,+Party+Event+%26+Konzert+Location/data=!4m2!3m1!1s0x47900a1a9cbc4d97:0x3abf5a3228988ec7","Alte Kaserne Zürich, Party Event & Konzert Location",art,want to go,
Zürich,47.35609665,8.550942899999999,https://www.google.com/maps/place/Pavillon+Le+Corbusier/data=!4m2!3m1!1s0x479aa74f8aa81c5b:0x1e40938064d8e172,Pavillon Le Corbusier,art,want to go,
Zürich,47.3764073,8.5162851,https://www.google.com/maps/place/Rosi/data=!4m2!3m1!1s0x47900a22fd277505:0x75fcafe510f7d2fd,Rosi,restaurant,want to go,
Zürich,47.367620900000006,8.545813899999997,https://www.google.com/maps/place/Restaurant+Kronenhalle/data=!4m2!3m1!1s0x479aa0ab69b427c7:0x5a98314e0ffa2db6,Restaurant Kronenhalle,restaurant,want to go,
Český Krumlov,48.813185849999996,14.3112718,https://www.google.com/maps/place/%C4%8Cesk%C3%BD+Krumlov/data=!4m2!3m1!1s0x47735d9c336e1879:0x400af0f6614df20,Český Krumlov,other,want to go,
Đa Kao,10.784221700000002,106.6980123,https://www.google.com/maps/place/Rue+Miche+Boutique/data=!4m2!3m1!1s0x31752fd22c37707f:0x445ca7dba88de662,Rue Miche Boutique,shop,want to go,
Athens,37.978852499999995,23.7263104,https://www.google.com/maps/place/Juan+Rodriguez+Bar+%E2%80%A2Compa%C3%B1ia+de+Bebida/data=!4m2!3m1!1s0x14a1bd235ef0de43:0x57e9766380700700,Juan Rodriguez Bar •Compañia de Bebida,bar,favorite,
Athens,37.9822383,23.7202502,https://www.google.com/maps/place/Seychelles/data=!4m2!3m1!1s0x14a1bd268d6dcd17:0x3f2f7aea74dd8cf9,Seychelles,restaurant,favorite,
Athens,37.9763863,23.7255444,https://www.google.com/maps/place/360+Cocktail+Bar/data=!4m2!3m1!1s0x14a1bd22e45a490f:0x865190e05bf0509b,360 Cocktail Bar,bar,want to go,
Athens,37.9773968,23.729854200000002,https://www.google.com/maps/place/Baba+au+Rum/data=!4m2!3m1!1s0x14a1bd3c8e015b15:0xde9376e3acda79ed,Baba au Rum,bar,want to go,
Athens,37.9853253,23.732028399999997,https://www.google.com/maps/place/BlackbirD+Bar/data=!4m2!3m1!1s0x14a1bd312001aaa3:0xda02efe1f05f0b65,BlackbirD Bar,bar,want to go,
Athens,37.976655199999996,23.724495499999996,https://www.google.com/maps/place/Couleur+Locale/data=!4m2!3m1!1s0x14a1bd2255d23b63:0x4b35c1b89153d25d,Couleur Locale,bar,want to go,
Athens,37.977299099999996,23.730895,https://www.google.com/maps/place/Drunk+Sinatra/data=!4m2!3m1!1s0x14a1bd3c637a2fc1:0x49986e1644df3fa,Drunk Sinatra,bar,want to go,
Athens,37.977996399999995,23.7338024,https://www.google.com/maps/place/Galaxy+Bar/data=!4m2!3m1!1s0x14a1bdb171f92aff:0xb4c22d26a0d5f651,Galaxy Bar,bar,want to go,
Athens,37.9789356,23.729760299999995,https://www.google.com/maps/place/The+Clumsies/data=!4m2!3m1!1s0x14a1bd3b6559ab61:0xe4da18e67110b926,The Clumsies,bar,want to go,
Athens,37.97653,23.7131008,https://www.google.com/maps/place/Cerdo+Negro+1985/data=!4m2!3m1!1s0x14a1bde1d619e867:0x23bd696b231cd175,Cerdo Negro 1985,restaurant,want to go,
Athens,37.9821636,23.736932799999998,https://www.google.com/maps/place/Fine+Mess+Smokehouse/data=!4m2!3m1!1s0x14a1bd8a1e5a3ecd:0x3f0d207ebe8b11d8,Fine Mess Smokehouse,restaurant,want to go,
Athens,37.9788034,23.727986599999998,https://www.google.com/maps/place/Folk./data=!4m2!3m1!1s0x14a1bdc1a0fb31bd:0xebf85a1ae92d0a06,Folk.,restaurant,want to go,
Athens,37.9801078,23.739703199999997,https://www.google.com/maps/place/KORA/data=!4m2!3m1!1s0x14a1bda0327d5bd1:0x49470109e86c69fb,KORA,bakery,want to go,
Athens,37.968616499999996,23.703350900000004,https://www.google.com/maps/place/Line+Athens/data=!4m2!3m1!1s0x14a1bd8186fb79d7:0x651006b35605785c,Line Athens,bar,want to go,
Athens,37.9764972,23.7219842,https://www.google.com/maps/place/Mystilli/data=!4m2!3m1!1s0x14a1bd79b2fe2355:0xb95310881e9435ce,Mystilli,restaurant,want to go,
Athens,37.9747986,23.7323718,https://www.google.com/maps/place/Nolan/data=!4m2!3m1!1s0x14a1bd3dc94e15b5:0x113a66113070941,Nolan,restaurant,want to go,
Athens,37.9578506,23.719235,https://www.google.com/maps/place/Onassis+Cultural+Foundation+Onassis/data=!4m2!3m1!1s0x14a1bd0101c7bacd:0x124fed885fbaae61,Onassis Cultural Foundation Onassis,other,want to go,
Athens,37.9869732,23.730756599999996,https://www.google.com/maps/place/Pharaoh/data=!4m2!3m1!1s0x14a1bd2dbf8695b1:0x3a143ae01ea6536b,Pharaoh,restaurant,want to go,
Athens,38.0009461,23.734102099999998,https://www.google.com/maps/place/REMEMBER+FASHION/data=!4m2!3m1!1s0x14a1bd3d68eb91e7:0xc9639cfddeda7f6c,REMEMBER FASHION,shop,want to go,
Athens,37.9788749,23.722058999999998,https://www.google.com/maps/place/Sarri's+Souvlaki/data=!4m2!3m1!1s0x14a1bdbf5b2560a3:0x5f20313dd530aa8c,Sarri's Souvlaki,restaurant,want to go,
Athens,37.977619000000004,23.7250482,https://www.google.com/maps/place/Seven+Sisters+Ath/data=!4m2!3m1!1s0x14a1bd012f2d8ec5:0x55423efce392c405,Seven Sisters Ath,vintage,want to go,
Athens,37.97746840000001,23.726811599999998,https://www.google.com/maps/place/six+d.o.g.s/data=!4m2!3m1!1s0x14a1bd2339b5d703:0x1064e7b168cee196,six d.o.g.s,bar,want to go,
Athens,37.9743092,23.734076700000003,https://www.google.com/maps/place/Souvlaki+Kostas/data=!4m2!3m1!1s0x14a1bd3db68ea343:0x459d64acd9a08fa7,Souvlaki Kostas,restaurant,want to go,
Athens,37.9772302,23.724930099999998,https://www.google.com/maps/place/The+Brunchers/data=!4m2!3m1!1s0x14a1bd538dcfa08b:0xe07e96880086ba8a,The Brunchers,restaurant,want to go,
Athens,37.97928640000001,23.729074,https://www.google.com/maps/place/The+Makers+Athens/data=!4m2!3m1!1s0x14a1bdcf3940e32f:0x4afd8b017502c65c,The Makers Athens,restaurant,want to go,
Athens,37.974596999999996,23.730885,https://www.google.com/maps/place/Thirdplace.Athens/data=!4m2!3m1!1s0x14a1bd0e0bcf8cff:0xf304cb7c2ef84ede,Thirdplace.Athens,cafe,want to go,
Athens,37.9795065,23.723096,https://www.google.com/maps/place/Zampano/data=!4m2!3m1!1s0x14a1bd238b10a6ff:0x24202e668dd8acb0,Zampano,restaurant,want to go,
Athens,37.977899099999995,23.723688400000004,https://www.google.com/maps/place/%CE%91%CE%B9%CF%83%CF%8E%CF%80%CE%BF%CF%85+%CE%9C%CF%8D%CE%B8%CE%BF%CE%B9+-+Aesopou+Fables/data=!4m2!3m1!1s0x14a1bdec55061c0f:0xd936f05ee8211664,Αισώπου Μύθοι - Aesopou Fables,restaurant,want to go,
Athens,37.9734906,23.7330434,https://www.google.com/maps/place/Okio+Restaurant/data=!4m2!3m1!1s0x14a1bdc3093fe5d3:0x871cd5b4a8b4e395,Okio Restaurant,restaurant,want to go,
Athens,37.9861486,23.7407167,https://www.google.com/maps/place/BOHBO+Designer+Second+Hand/data=!4m2!3m1!1s0x14a1bd37735f9611:0x200e319558a9cb43,BOHBO Designer Second Hand,shop,want to go,
Athens,37.977906399999995,23.7280528,https://www.google.com/maps/place/King+Kong+Athens+Vintage/data=!4m2!3m1!1s0x14a1bda7e4b74745:0x5c25b61656ea771,King Kong Athens Vintage,vintage,want to go,
Γιδά Γωνία,39.62609979999999,19.920673400000002,https://www.google.com/maps/place/%CE%A4%CE%9F+%CE%A4%CE%A3%CE%99%CE%A0%CE%9F%CE%A5%CE%A1%CE%91%CE%94%CE%99%CE%9A%CE%9F+%CE%95%CE%9A%CE%A4%CE%9F%CE%A3+%CE%A3%CE%A7%CE%95%CE%94%CE%99%CE%9F%CE%A5+%CE%9A%CE%91%CE%99+%CE%9F%CE%A4%CE%99+%CE%A0%CE%A1%CE%9F%CE%9A%CE%A5%CE%A8%CE%95%CE%99/data=!4m2!3m1!1s0x135b5ddcd17770df:0x1fe9127d429f8045,ΤΟ ΤΣΙΠΟΥΡΑΔΙΚΟ ΕΚΤΟΣ ΣΧΕΔΙΟΥ ΚΑΙ ΟΤΙ ΠΡΟΚΥΨΕΙ,restaurant,want to go,
Δήμος Κεντρικής Κέρκυρας και Διαποντίων Νήσων,39.6979917,19.7341265,"https://www.google.com/maps/search/39.6979917,19.7341265",Dropped pin,other,favorite,
Δήμος Κεντρικής Κέρκυρας και Διαποντίων Νήσων,39.6782141,19.6865652,https://www.google.com/maps/place/Angelokastro/data=!4m2!3m1!1s0x135b516ac6fd4c59:0x60d93e76aedffe1,Angelokastro,experience,want to go,
Δήμος Μήλου,36.7426972,24.458423,https://www.google.com/maps/place/Sarakiniko+Beach/data=!4m2!3m1!1s0x1498e099a99968d1:0x5d7b410fc19e9c1a,Sarakiniko Beach,bar,want to go,
Δήμος Μήλου,36.667732699999995,24.320308999999995,https://www.google.com/maps/place/Sikia+Cave/data=!4m2!3m1!1s0x149928ba919544df:0x84aaf413b03671f9,Sikia Cave,experience,want to go,
Δήμος Φολεγάνδρου,36.6264154,24.91988495,https://www.google.com/maps/place/Folegandros+Municipality/data=!4m2!3m1!1s0x149855427642861b:0x54c14a22026972d4,Folegandros Municipality,other,want to go,
Δημοτική Ενότητα Δάφνης,37.9515783,23.735161,https://www.google.com/maps/place/Jerar/data=!4m2!3m1!1s0x14a1bd38b14216fb:0xdfa3aafadb99a97,Jerar,restaurant,want to go,
Δημοτική Ενότητα Ρόδου,36.452863,28.224595100000002,https://www.google.com/maps/place/Ronda/data=!4m2!3m1!1s0x149561e6b9df8d13:0x7970083aaee02a8c,Ronda,restaurant,want to go,
Επαρχιακή Πέλεκα,39.606339,19.851235000000003,https://www.google.com/maps/place/Ambelonas+Corfu%2FVineyard+%26+restaurant/data=!4m2!3m1!1s0x135b5ddcd1777a69:0xf2879bf1bd916a17,Ambelonas Corfu/Vineyard & restaurant,restaurant,favorite,
Corfu,39.6233083,19.9226462,https://www.google.com/maps/place/Nolita/data=!4m2!3m1!1s0x135b5ddcfcee3519:0xef84d1e96f9f5517,Nolita,restaurant,favorite,
Corfu,39.6238064,19.921722499999998,https://www.google.com/maps/place/The+Funk/data=!4m2!3m1!1s0x135b5ddc92800a0d:0xa571823b71205d14,The Funk,cafe,favorite,
Corfu,39.6232851,19.921414,https://www.google.com/maps/place/Pomo+D'Oro+WINE+Restaurant/data=!4m2!3m1!1s0x135b5ddc91065b9b:0x32ab513c939783d7,Pomo D'Oro WINE Restaurant,restaurant,favorite,
Corfu,39.6238811,19.922170800000004,https://www.google.com/maps/place/Bristol+Cafe/data=!4m2!3m1!1s0x14a1a4abcc9c7789:0x7042345316087bd2,Bristol Cafe,cafe,want to go,
Corfu,39.621603,19.923735999999998,https://www.google.com/maps/place/Cafetierra/data=!4m2!3m1!1s0x135b5dddb9c6eac7:0x7aedab3013fbc236,Cafetierra,cafe,want to go,
Corfu,39.624441999999995,19.922449099999998,https://www.google.com/maps/place/Papagiorgis+Patiserie-Gelateria/data=!4m2!3m1!1s0x135b5ddcdbe9eed9:0xbbf2060a9c5fe505,Papagiorgis Patiserie-Gelateria,shop,want to go,
Corfu,39.626417499999995,19.921842899999998,https://www.google.com/maps/place/Venetian+Well/data=!4m2!3m1!1s0x135b5dc33b73de15:0xc0097d5b85e7cf95,Venetian Well,restaurant,want to go,
Corfu,39.6242781,19.9179501,https://www.google.com/maps/place/%CE%A0%CE%BF%CE%BB%CF%8D%CF%84%CE%B5%CF%87%CE%BD%CE%BF+%CE%9A%CE%AD%CF%81%CE%BA%CF%85%CF%81%CE%B1%CF%82/data=!4m2!3m1!1s0x135b5ddb05396fc1:0xb62f8f6849f035f8,Πολύτεχνο Κέρκυρας,bar,want to go,
Corfu,39.62312989999999,19.922615399999998,"https://www.google.com/maps/place/%CE%A3%CF%84%CE%AC%CE%B6%CE%B5%CE%B9+%CE%9C%CE%AD%CE%BB%CE%B9,+%CE%9B%CE%BF%CF%85%CE%BA%CE%BF%CF%85%CE%BC%CE%AC%CE%B4%CE%B5%CF%82/data=!4m2!3m1!1s0x135b5ddcfdb2cacf:0x7ea191de24877f8b","Στάζει Μέλι, Λουκουμάδες",cafe,want to go,
Corfu,39.624145999999996,19.9219383,https://www.google.com/maps/place/DIVER+BEER+RESTAURANT+-+CORFU/data=!4m2!3m1!1s0x135b5ddce8455fff:0x631b9b480a52bf84,DIVER BEER RESTAURANT - CORFU,restaurant,want to go,
Corfu,39.5412148,19.9148233,https://www.google.com/maps/place/Varvaras+Restaurant/data=!4m2!3m1!1s0x135b5f88bceba7cb:0x9728097ed7a08a1e,Varvaras Restaurant,restaurant,want to go,
Στοα ATRIUM,37.98242,23.732414099999996,https://www.google.com/maps/place/The+Blind+Beggar/data=!4m2!3m1!1s0x14a1bde6dd6c545d:0x2332886e8b5bec34,The Blind Beggar,bar,want to go,
Київ,50.4716111,30.49775,https://www.google.com/maps/place/50%C2%B028'17.8%22N+30%C2%B029'51.9%22E/data=!4m2!3m1!1s0x40d4cf62c7287db1:0xf8b21a34a2a72613,"50°28'17.8""N 30°29'51.9""E",other,favorite,
周南市,33.985517,131.720059,https://www.google.com/maps/place/%E5%B0%8F%E5%B1%8B%E5%A0%B4%E5%8F%AA%E5%8F%AA/data=!4m2!3m1!1s0x3544ee2d599c2695:0x5813896acaa10e6c,小屋場只只,hotel,want to go,
大阪市,34.6760904,135.4951888,https://www.google.com/maps/place/Oopsclothing/data=!4m2!3m1!1s0x6000e77e496e7299:0x902628bf9094232b,Oopsclothing,shop,want to go,
文京区,35.709880999999996,139.7362707,https://www.google.com/maps/place/WAITINGROOM/data=!4m2!3m1!1s0x60188b43e9472b57:0x6946373931b54876,WAITINGROOM,art,want to go,
新宿区,35.695123099999996,139.70594119999998,https://www.google.com/maps/place/THE+FOUR-EYED/data=!4m2!3m1!1s0x60188cd937dc0001:0xf120c326a86127ec,THE FOUR-EYED,shop,want to go,
渋谷区,35.662335399999996,139.6974593,https://www.google.com/maps/place/10tow(%E3%83%88%E3%82%A6)/data=!4m2!3m1!1s0x60188ca947a20e6f:0xe785030200f53999,10tow(トウ),shop,want to go,
渋谷区,35.6692707,139.7052181,https://www.google.com/maps/place/GR8/data=!4m2!3m1!1s0x60188ca493456bf5:0xccad5c0b8510e156,GR8,shop,want to go,
港区,35.665185099999995,139.7128548,https://www.google.com/maps/place/VENT+Tokyo/data=!4m2!3m1!1s0x60188c9fda25f571:0x73dea5463710bf6b,VENT Tokyo,club,want to go,
福岡市,33.5862962,130.3964198,https://www.google.com/maps/place/cherry/data=!4m2!3m1!1s0x35419184309bebc7:0x2a273415aa8d5f9a,cherry,shop,want to go,
邮政编码,49.9999225,8.274854999999997,https://www.google.com/maps/place/highlight+bubble+tea/data=!4m2!3m1!1s0x47bd97ae9f6961a5:0xb3a492a343f78fc5,highlight bubble tea,shop,want to go,
邮政编码,34.21462,108.96562999999999,https://www.google.com/maps/place/Tangmao+Courtyard+Night+Banquet+Chang'An/data=!4m2!3m1!1s0x3663704253ab6e8f:0xa7e5f09d4896462,Tangmao Courtyard Night Banquet Chang'An,restaurant,want to go,
邮政编码:,52.494209999999995,13.36378,https://www.google.com/maps/place/Da+Jia+Le/data=!4m2!3m1!1s0x47a85037efc3421d:0x182e1dd0a3e4d446,Da Jia Le,restaurant,favorite,
邮政编码:,52.5228386,13.400403100000002,https://www.google.com/maps/place/Ni%E2%80%99s+Restaurant+%E5%80%AA%E8%AE%B0/data=!4m2!3m1!1s0x47a851a068c96fdd:0x7fca7d57fca879cc,Ni’s Restaurant 倪记,restaurant,favorite,
邮政编码:,52.511709800000006,13.435041400000001,https://www.google.com/maps/place/Panda+Meister+Berlin+Ostbahnhof/data=!4m2!3m1!1s0x47a84f172aae6fb5:0x16d5b4c0760ae2fa,Panda Meister Berlin Ostbahnhof,club,want to go,
邮政编码:,52.49997930000001,13.310163699999999,https://www.google.com/maps/place/Hou+Tang+Hotpot+%E5%90%BC%E5%A0%82%E7%81%AB%E9%94%85%E6%9F%8F%E6%9E%97%E5%BA%97/data=!4m2!3m1!1s0x47a851d0e08bc483:0xf10eeb904e9f63f0,Hou Tang Hotpot 吼堂火锅柏林店,restaurant,want to go,
발라닭 신당본점,37.566337700000005,127.01742569999999,https://www.google.com/maps/place/Balladak+chicken/data=!4m2!3m1!1s0x357ca338b6e8524d:0xd4d7bbc36b99e0c0,Balladak chicken,shop,want to go,
